<?xml version="1.0" encoding="utf-8"?>
<ArrayOfConnectionSettings xmlns:xsi="http://www.w3.org/2001/XMLSchema-instance" xmlns:xsd="http://www.w3.org/2001/XMLSchema">
  <ConnectionSettings>
    <Database>
      <Tables>
        <Table>
          <Name>contact</Name>
          <Columns>
            <Column>
              <Name>CustomerId</Name>
              <ColumnType>Int32</ColumnType>
              <ColumnTypeOriginal>INTEGER</ColumnTypeOriginal>
              <IsNullable>true</IsNullable>
              <DefaultValue />
              <Length>0</Length>
              <IsAutoIncrement>false</IsAutoIncrement>
            </Column>
            <Column>
              <Name>Id</Name>
              <ColumnType>Int32</ColumnType>
              <ColumnTypeOriginal>INTEGER</ColumnTypeOriginal>
              <IsNullable>false</IsNullable>
              <DefaultValue />
              <Length>0</Length>
              <IsAutoIncrement>false</IsAutoIncrement>
            </Column>
            <Column>
              <Name>Name</Name>
              <ColumnType>VarChar</ColumnType>
              <ColumnTypeOriginal>CHARACTER VARYING</ColumnTypeOriginal>
              <IsNullable>false</IsNullable>
              <DefaultValue />
              <Length>50</Length>
              <IsAutoIncrement>false</IsAutoIncrement>
            </Column>
            <Column>
              <Name>Surname</Name>
              <ColumnType>VarChar</ColumnType>
              <ColumnTypeOriginal>CHARACTER VARYING</ColumnTypeOriginal>
              <IsNullable>false</IsNullable>
              <DefaultValue />
              <Length>20</Length>
              <IsAutoIncrement>false</IsAutoIncrement>
            </Column>
          </Columns>
          <Indices>
            <Index>
              <Name>ind_contact_id_name</Name>
              <ColumnNames>
                <string>Id</string>
                <string>Name</string>
              </ColumnNames>
            </Index>
          </Indices>
          <Constraints>
            <Constraint xsi:type="PrimaryKeyConstraint">
              <Name>PK_contact</Name>
              <ColumnNames>
                <string>Id</string>
              </ColumnNames>
            </Constraint>
            <Constraint xsi:type="UniqueConstraint">
              <Name>uc_contact_name</Name>
              <ColumnNames>
                <string>Name</string>
                <string>Surname</string>
              </ColumnNames>
            </Constraint>
          </Constraints>
          <IsView>false</IsView>
        </Table>
        <Table>
          <Name>customer</Name>
          <Columns>
            <Column>
              <Name>Id</Name>
              <ColumnType>Int32</ColumnType>
              <ColumnTypeOriginal>INTEGER</ColumnTypeOriginal>
              <IsNullable>false</IsNullable>
              <DefaultValue />
              <Length>0</Length>
              <IsAutoIncrement>false</IsAutoIncrement>
            </Column>
            <Column>
              <Name>Name3</Name>
              <ColumnType>VarChar</ColumnType>
              <ColumnTypeOriginal>CHARACTER VARYING</ColumnTypeOriginal>
              <IsNullable>false</IsNullable>
              <DefaultValue />
              <Length>50</Length>
              <IsAutoIncrement>false</IsAutoIncrement>
            </Column>
          </Columns>
          <Indices />
          <Constraints>
            <Constraint xsi:type="PrimaryKeyConstraint">
              <Name>PK_customer</Name>
              <ColumnNames>
                <string>Id</string>
              </ColumnNames>
            </Constraint>
          </Constraints>
          <IsView>false</IsView>
        </Table>
      </Tables>
    </Database>
    <Schemas />
    <Provider>PostgreSQL</Provider>
    <Host>localhost</Host>
    <DbName>pgtest</DbName>
    <UserName>postgres</UserName>
    <Password>bk</Password>
  </ConnectionSettings>
  <ConnectionSettings>
    <Database>
      <Tables />
    </Database>
    <Schemas />
    <Provider>MySQL</Provider>
    <Host>localhost</Host>
    <DbName>mytest</DbName>
    <UserName>root</UserName>
    <Password>bk</Password>
  </ConnectionSettings>
  <ConnectionSettings>
    <Database>
      <Tables>
        <Table>
          <Name>Author</Name>
          <Columns>
            <Column>
              <Name>MediaId</Name>
              <ColumnType>Int32</ColumnType>
              <ColumnTypeOriginal>INT</ColumnTypeOriginal>
              <IsNullable>true</IsNullable>
              <DefaultValue />
              <Length>0</Length>
              <IsAutoIncrement>false</IsAutoIncrement>
            </Column>
            <Column>
              <Name>Name</Name>
              <ColumnType>VarChar</ColumnType>
              <ColumnTypeOriginal>VARCHAR</ColumnTypeOriginal>
              <IsNullable>true</IsNullable>
              <DefaultValue />
              <Length>50</Length>
              <IsAutoIncrement>false</IsAutoIncrement>
            </Column>
            <Column>
              <Name>Id</Name>
              <ColumnType>Int32</ColumnType>
              <ColumnTypeOriginal>INT</ColumnTypeOriginal>
              <IsNullable>false</IsNullable>
              <DefaultValue />
              <Length>0</Length>
              <IsAutoIncrement>true</IsAutoIncrement>
            </Column>
            <Column>
              <Name>InsertDate</Name>
              <ColumnType>DateTime</ColumnType>
              <ColumnTypeOriginal>DATETIME</ColumnTypeOriginal>
              <IsNullable>true</IsNullable>
              <DefaultValue />
              <Length>0</Length>
              <IsAutoIncrement>false</IsAutoIncrement>
            </Column>
            <Column>
              <Name>InsertUserId</Name>
              <ColumnType>Int32</ColumnType>
              <ColumnTypeOriginal>INT</ColumnTypeOriginal>
              <IsNullable>true</IsNullable>
              <DefaultValue />
              <Length>0</Length>
              <IsAutoIncrement>false</IsAutoIncrement>
            </Column>
            <Column>
              <Name>Deleted</Name>
              <ColumnType>Boolean</ColumnType>
              <ColumnTypeOriginal>BIT</ColumnTypeOriginal>
              <IsNullable>true</IsNullable>
              <DefaultValue />
              <Length>0</Length>
              <IsAutoIncrement>false</IsAutoIncrement>
            </Column>
          </Columns>
          <Indices />
          <Constraints>
            <Constraint xsi:type="PrimaryKeyConstraint">
              <Name>PK_Author_Id</Name>
              <ColumnNames>
                <string>Id</string>
              </ColumnNames>
            </Constraint>
          </Constraints>
          <IsView>false</IsView>
        </Table>
        <Table>
          <Name>Category</Name>
          <Columns>
            <Column>
              <Name>Name</Name>
              <ColumnType>VarChar</ColumnType>
              <ColumnTypeOriginal>VARCHAR</ColumnTypeOriginal>
              <IsNullable>true</IsNullable>
              <DefaultValue />
              <Length>50</Length>
              <IsAutoIncrement>false</IsAutoIncrement>
            </Column>
            <Column>
              <Name>Id</Name>
              <ColumnType>Int32</ColumnType>
              <ColumnTypeOriginal>INT</ColumnTypeOriginal>
              <IsNullable>false</IsNullable>
              <DefaultValue />
              <Length>0</Length>
              <IsAutoIncrement>true</IsAutoIncrement>
            </Column>
            <Column>
              <Name>InsertDate</Name>
              <ColumnType>DateTime</ColumnType>
              <ColumnTypeOriginal>DATETIME</ColumnTypeOriginal>
              <IsNullable>true</IsNullable>
              <DefaultValue />
              <Length>0</Length>
              <IsAutoIncrement>false</IsAutoIncrement>
            </Column>
            <Column>
              <Name>InsertUserId</Name>
              <ColumnType>Int32</ColumnType>
              <ColumnTypeOriginal>INT</ColumnTypeOriginal>
              <IsNullable>true</IsNullable>
              <DefaultValue />
              <Length>0</Length>
              <IsAutoIncrement>false</IsAutoIncrement>
            </Column>
            <Column>
              <Name>Deleted</Name>
              <ColumnType>Boolean</ColumnType>
              <ColumnTypeOriginal>BIT</ColumnTypeOriginal>
              <IsNullable>true</IsNullable>
              <DefaultValue />
              <Length>0</Length>
              <IsAutoIncrement>false</IsAutoIncrement>
            </Column>
          </Columns>
          <Indices />
          <Constraints>
            <Constraint xsi:type="PrimaryKeyConstraint">
              <Name>PK_Category_Id</Name>
              <ColumnNames>
                <string>Id</string>
              </ColumnNames>
            </Constraint>
          </Constraints>
          <IsView>false</IsView>
        </Table>
        <Table>
          <Name>Content</Name>
          <Columns>
            <Column>
              <Name>SourceUrl</Name>
              <ColumnType>VarChar</ColumnType>
              <ColumnTypeOriginal>VARCHAR</ColumnTypeOriginal>
              <IsNullable>true</IsNullable>
              <DefaultValue />
              <Length>500</Length>
              <IsAutoIncrement>false</IsAutoIncrement>
            </Column>
            <Column>
              <Name>ContentDefinitionId</Name>
              <ColumnType>Int32</ColumnType>
              <ColumnTypeOriginal>INT</ColumnTypeOriginal>
              <IsNullable>true</IsNullable>
              <DefaultValue />
              <Length>0</Length>
              <IsAutoIncrement>false</IsAutoIncrement>
            </Column>
            <Column>
              <Name>Title</Name>
              <ColumnType>VarChar</ColumnType>
              <ColumnTypeOriginal>VARCHAR</ColumnTypeOriginal>
              <IsNullable>true</IsNullable>
              <DefaultValue />
              <Length>500</Length>
              <IsAutoIncrement>false</IsAutoIncrement>
            </Column>
            <Column>
              <Name>AuthorId</Name>
              <ColumnType>Int32</ColumnType>
              <ColumnTypeOriginal>INT</ColumnTypeOriginal>
              <IsNullable>true</IsNullable>
              <DefaultValue />
              <Length>0</Length>
              <IsAutoIncrement>false</IsAutoIncrement>
            </Column>
            <Column>
              <Name>ImageUrl</Name>
              <ColumnType>VarChar</ColumnType>
              <ColumnTypeOriginal>VARCHAR</ColumnTypeOriginal>
              <IsNullable>true</IsNullable>
              <DefaultValue />
              <Length>500</Length>
              <IsAutoIncrement>false</IsAutoIncrement>
            </Column>
            <Column>
              <Name>PublishDate</Name>
              <ColumnType>DateTime</ColumnType>
              <ColumnTypeOriginal>DATETIME</ColumnTypeOriginal>
              <IsNullable>true</IsNullable>
              <DefaultValue />
              <Length>0</Length>
              <IsAutoIncrement>false</IsAutoIncrement>
            </Column>
            <Column>
              <Name>Id</Name>
              <ColumnType>Int32</ColumnType>
              <ColumnTypeOriginal>INT</ColumnTypeOriginal>
              <IsNullable>false</IsNullable>
              <DefaultValue />
              <Length>0</Length>
              <IsAutoIncrement>true</IsAutoIncrement>
            </Column>
            <Column>
              <Name>InsertDate</Name>
              <ColumnType>DateTime</ColumnType>
              <ColumnTypeOriginal>DATETIME</ColumnTypeOriginal>
              <IsNullable>true</IsNullable>
              <DefaultValue />
              <Length>0</Length>
              <IsAutoIncrement>false</IsAutoIncrement>
            </Column>
            <Column>
              <Name>InsertUserId</Name>
              <ColumnType>Int32</ColumnType>
              <ColumnTypeOriginal>INT</ColumnTypeOriginal>
              <IsNullable>true</IsNullable>
              <DefaultValue />
              <Length>0</Length>
              <IsAutoIncrement>false</IsAutoIncrement>
            </Column>
            <Column>
              <Name>Deleted</Name>
              <ColumnType>Boolean</ColumnType>
              <ColumnTypeOriginal>BIT</ColumnTypeOriginal>
              <IsNullable>true</IsNullable>
              <DefaultValue />
              <Length>0</Length>
              <IsAutoIncrement>false</IsAutoIncrement>
            </Column>
          </Columns>
          <Indices />
          <Constraints>
            <Constraint xsi:type="PrimaryKeyConstraint">
              <Name>PK_Content_Id</Name>
              <ColumnNames>
                <string>Id</string>
              </ColumnNames>
            </Constraint>
          </Constraints>
          <IsView>false</IsView>
        </Table>
        <Table>
          <Name>ContentDefinition</Name>
          <Columns>
            <Column>
              <Name>RSSUrl</Name>
              <ColumnType>VarChar</ColumnType>
              <ColumnTypeOriginal>VARCHAR</ColumnTypeOriginal>
              <IsNullable>true</IsNullable>
              <DefaultValue />
              <Length>200</Length>
              <IsAutoIncrement>false</IsAutoIncrement>
            </Column>
            <Column>
              <Name>CategoryId</Name>
              <ColumnType>Int32</ColumnType>
              <ColumnTypeOriginal>INT</ColumnTypeOriginal>
              <IsNullable>true</IsNullable>
              <DefaultValue />
              <Length>0</Length>
              <IsAutoIncrement>false</IsAutoIncrement>
            </Column>
            <Column>
              <Name>MediaId</Name>
              <ColumnType>Int32</ColumnType>
              <ColumnTypeOriginal>INT</ColumnTypeOriginal>
              <IsNullable>true</IsNullable>
              <DefaultValue />
              <Length>0</Length>
              <IsAutoIncrement>false</IsAutoIncrement>
            </Column>
            <Column>
              <Name>ContentType</Name>
              <ColumnType>Int32</ColumnType>
              <ColumnTypeOriginal>INT</ColumnTypeOriginal>
              <IsNullable>true</IsNullable>
              <DefaultValue />
              <Length>0</Length>
              <IsAutoIncrement>false</IsAutoIncrement>
            </Column>
            <Column>
              <Name>LinkSelector</Name>
              <ColumnType>VarChar</ColumnType>
              <ColumnTypeOriginal>VARCHAR</ColumnTypeOriginal>
              <IsNullable>true</IsNullable>
              <DefaultValue />
              <Length>50</Length>
              <IsAutoIncrement>false</IsAutoIncrement>
            </Column>
            <Column>
              <Name>TitleSelector</Name>
              <ColumnType>VarChar</ColumnType>
              <ColumnTypeOriginal>VARCHAR</ColumnTypeOriginal>
              <IsNullable>true</IsNullable>
              <DefaultValue />
              <Length>200</Length>
              <IsAutoIncrement>false</IsAutoIncrement>
            </Column>
            <Column>
              <Name>ContentSelector</Name>
              <ColumnType>VarChar</ColumnType>
              <ColumnTypeOriginal>VARCHAR</ColumnTypeOriginal>
              <IsNullable>true</IsNullable>
              <DefaultValue />
              <Length>200</Length>
              <IsAutoIncrement>false</IsAutoIncrement>
            </Column>
            <Column>
              <Name>AuthorSelector</Name>
              <ColumnType>VarChar</ColumnType>
              <ColumnTypeOriginal>VARCHAR</ColumnTypeOriginal>
              <IsNullable>true</IsNullable>
              <DefaultValue />
              <Length>200</Length>
              <IsAutoIncrement>false</IsAutoIncrement>
            </Column>
            <Column>
              <Name>ImageSelector</Name>
              <ColumnType>VarChar</ColumnType>
              <ColumnTypeOriginal>VARCHAR</ColumnTypeOriginal>
              <IsNullable>true</IsNullable>
              <DefaultValue />
              <Length>200</Length>
              <IsAutoIncrement>false</IsAutoIncrement>
            </Column>
            <Column>
              <Name>DateSelector</Name>
              <ColumnType>VarChar</ColumnType>
              <ColumnTypeOriginal>VARCHAR</ColumnTypeOriginal>
              <IsNullable>true</IsNullable>
              <DefaultValue />
              <Length>200</Length>
              <IsAutoIncrement>false</IsAutoIncrement>
            </Column>
            <Column>
              <Name>Id</Name>
              <ColumnType>Int32</ColumnType>
              <ColumnTypeOriginal>INT</ColumnTypeOriginal>
              <IsNullable>false</IsNullable>
              <DefaultValue />
              <Length>0</Length>
              <IsAutoIncrement>true</IsAutoIncrement>
            </Column>
            <Column>
              <Name>InsertDate</Name>
              <ColumnType>DateTime</ColumnType>
              <ColumnTypeOriginal>DATETIME</ColumnTypeOriginal>
              <IsNullable>true</IsNullable>
              <DefaultValue />
              <Length>0</Length>
              <IsAutoIncrement>false</IsAutoIncrement>
            </Column>
            <Column>
              <Name>InsertUserId</Name>
              <ColumnType>Int32</ColumnType>
              <ColumnTypeOriginal>INT</ColumnTypeOriginal>
              <IsNullable>true</IsNullable>
              <DefaultValue />
              <Length>0</Length>
              <IsAutoIncrement>false</IsAutoIncrement>
            </Column>
            <Column>
              <Name>Deleted</Name>
              <ColumnType>Boolean</ColumnType>
              <ColumnTypeOriginal>BIT</ColumnTypeOriginal>
              <IsNullable>true</IsNullable>
              <DefaultValue />
              <Length>0</Length>
              <IsAutoIncrement>false</IsAutoIncrement>
            </Column>
          </Columns>
          <Indices />
          <Constraints>
            <Constraint xsi:type="PrimaryKeyConstraint">
              <Name>PK_ContentDefinition_Id</Name>
              <ColumnNames>
                <string>Id</string>
              </ColumnNames>
            </Constraint>
          </Constraints>
          <IsView>false</IsView>
        </Table>
        <Table>
          <Name>ContentTag</Name>
          <Columns>
            <Column>
              <Name>ContentId</Name>
              <ColumnType>Int32</ColumnType>
              <ColumnTypeOriginal>INT</ColumnTypeOriginal>
              <IsNullable>true</IsNullable>
              <DefaultValue />
              <Length>0</Length>
              <IsAutoIncrement>false</IsAutoIncrement>
            </Column>
            <Column>
              <Name>TagId</Name>
              <ColumnType>Int32</ColumnType>
              <ColumnTypeOriginal>INT</ColumnTypeOriginal>
              <IsNullable>true</IsNullable>
              <DefaultValue />
              <Length>0</Length>
              <IsAutoIncrement>false</IsAutoIncrement>
            </Column>
            <Column>
              <Name>Id</Name>
              <ColumnType>Int32</ColumnType>
              <ColumnTypeOriginal>INT</ColumnTypeOriginal>
              <IsNullable>false</IsNullable>
              <DefaultValue />
              <Length>0</Length>
              <IsAutoIncrement>true</IsAutoIncrement>
            </Column>
            <Column>
              <Name>InsertDate</Name>
              <ColumnType>DateTime</ColumnType>
              <ColumnTypeOriginal>DATETIME</ColumnTypeOriginal>
              <IsNullable>true</IsNullable>
              <DefaultValue />
              <Length>0</Length>
              <IsAutoIncrement>false</IsAutoIncrement>
            </Column>
            <Column>
              <Name>InsertUserId</Name>
              <ColumnType>Int32</ColumnType>
              <ColumnTypeOriginal>INT</ColumnTypeOriginal>
              <IsNullable>true</IsNullable>
              <DefaultValue />
              <Length>0</Length>
              <IsAutoIncrement>false</IsAutoIncrement>
            </Column>
            <Column>
              <Name>Deleted</Name>
              <ColumnType>Boolean</ColumnType>
              <ColumnTypeOriginal>BIT</ColumnTypeOriginal>
              <IsNullable>true</IsNullable>
              <DefaultValue />
              <Length>0</Length>
              <IsAutoIncrement>false</IsAutoIncrement>
            </Column>
          </Columns>
          <Indices />
          <Constraints>
            <Constraint xsi:type="PrimaryKeyConstraint">
              <Name>PK_ContentTag_Id</Name>
              <ColumnNames>
                <string>Id</string>
              </ColumnNames>
            </Constraint>
          </Constraints>
          <IsView>false</IsView>
        </Table>
        <Table>
          <Name>ContentText</Name>
          <Columns>
            <Column>
              <Name>ContentId</Name>
              <ColumnType>Int32</ColumnType>
              <ColumnTypeOriginal>INT</ColumnTypeOriginal>
              <IsNullable>true</IsNullable>
              <DefaultValue />
              <Length>0</Length>
              <IsAutoIncrement>false</IsAutoIncrement>
            </Column>
            <Column>
              <Name>Content</Name>
              <ColumnType>Text</ColumnType>
              <ColumnTypeOriginal>TEXT</ColumnTypeOriginal>
              <IsNullable>true</IsNullable>
              <DefaultValue />
              <Length>2147483647</Length>
              <IsAutoIncrement>false</IsAutoIncrement>
            </Column>
            <Column>
              <Name>Id</Name>
              <ColumnType>Int32</ColumnType>
              <ColumnTypeOriginal>INT</ColumnTypeOriginal>
              <IsNullable>false</IsNullable>
              <DefaultValue />
              <Length>0</Length>
              <IsAutoIncrement>true</IsAutoIncrement>
            </Column>
            <Column>
              <Name>InsertDate</Name>
              <ColumnType>DateTime</ColumnType>
              <ColumnTypeOriginal>DATETIME</ColumnTypeOriginal>
              <IsNullable>true</IsNullable>
              <DefaultValue />
              <Length>0</Length>
              <IsAutoIncrement>false</IsAutoIncrement>
            </Column>
            <Column>
              <Name>InsertUserId</Name>
              <ColumnType>Int32</ColumnType>
              <ColumnTypeOriginal>INT</ColumnTypeOriginal>
              <IsNullable>true</IsNullable>
              <DefaultValue />
              <Length>0</Length>
              <IsAutoIncrement>false</IsAutoIncrement>
            </Column>
            <Column>
              <Name>Deleted</Name>
              <ColumnType>Boolean</ColumnType>
              <ColumnTypeOriginal>BIT</ColumnTypeOriginal>
              <IsNullable>true</IsNullable>
              <DefaultValue />
              <Length>0</Length>
              <IsAutoIncrement>false</IsAutoIncrement>
            </Column>
          </Columns>
          <Indices />
          <Constraints>
            <Constraint xsi:type="PrimaryKeyConstraint">
              <Name>PK_ContentText_Id</Name>
              <ColumnNames>
                <string>Id</string>
              </ColumnNames>
            </Constraint>
          </Constraints>
          <IsView>false</IsView>
        </Table>
        <Table>
          <Name>Media</Name>
          <Columns>
            <Column>
              <Name>Name</Name>
              <ColumnType>VarChar</ColumnType>
              <ColumnTypeOriginal>VARCHAR</ColumnTypeOriginal>
              <IsNullable>true</IsNullable>
              <DefaultValue />
              <Length>50</Length>
              <IsAutoIncrement>false</IsAutoIncrement>
            </Column>
            <Column>
              <Name>Id</Name>
              <ColumnType>Int32</ColumnType>
              <ColumnTypeOriginal>INT</ColumnTypeOriginal>
              <IsNullable>false</IsNullable>
              <DefaultValue />
              <Length>0</Length>
              <IsAutoIncrement>true</IsAutoIncrement>
            </Column>
            <Column>
              <Name>InsertDate</Name>
              <ColumnType>DateTime</ColumnType>
              <ColumnTypeOriginal>DATETIME</ColumnTypeOriginal>
              <IsNullable>true</IsNullable>
              <DefaultValue />
              <Length>0</Length>
              <IsAutoIncrement>false</IsAutoIncrement>
            </Column>
            <Column>
              <Name>InsertUserId</Name>
              <ColumnType>Int32</ColumnType>
              <ColumnTypeOriginal>INT</ColumnTypeOriginal>
              <IsNullable>true</IsNullable>
              <DefaultValue />
              <Length>0</Length>
              <IsAutoIncrement>false</IsAutoIncrement>
            </Column>
            <Column>
              <Name>Deleted</Name>
              <ColumnType>Boolean</ColumnType>
              <ColumnTypeOriginal>BIT</ColumnTypeOriginal>
              <IsNullable>true</IsNullable>
              <DefaultValue />
              <Length>0</Length>
              <IsAutoIncrement>false</IsAutoIncrement>
            </Column>
          </Columns>
          <Indices />
          <Constraints>
            <Constraint xsi:type="PrimaryKeyConstraint">
              <Name>PK_Media_Id</Name>
              <ColumnNames>
                <string>Id</string>
              </ColumnNames>
            </Constraint>
          </Constraints>
          <IsView>false</IsView>
        </Table>
        <Table>
          <Name>Tag</Name>
          <Columns>
            <Column>
              <Name>Name</Name>
              <ColumnType>VarChar</ColumnType>
              <ColumnTypeOriginal>VARCHAR</ColumnTypeOriginal>
              <IsNullable>true</IsNullable>
              <DefaultValue />
              <Length>50</Length>
              <IsAutoIncrement>false</IsAutoIncrement>
            </Column>
            <Column>
              <Name>Id</Name>
              <ColumnType>Int32</ColumnType>
              <ColumnTypeOriginal>INT</ColumnTypeOriginal>
              <IsNullable>false</IsNullable>
              <DefaultValue />
              <Length>0</Length>
              <IsAutoIncrement>true</IsAutoIncrement>
            </Column>
            <Column>
              <Name>InsertDate</Name>
              <ColumnType>DateTime</ColumnType>
              <ColumnTypeOriginal>DATETIME</ColumnTypeOriginal>
              <IsNullable>true</IsNullable>
              <DefaultValue />
              <Length>0</Length>
              <IsAutoIncrement>false</IsAutoIncrement>
            </Column>
            <Column>
              <Name>InsertUserId</Name>
              <ColumnType>Int32</ColumnType>
              <ColumnTypeOriginal>INT</ColumnTypeOriginal>
              <IsNullable>true</IsNullable>
              <DefaultValue />
              <Length>0</Length>
              <IsAutoIncrement>false</IsAutoIncrement>
            </Column>
            <Column>
              <Name>Deleted</Name>
              <ColumnType>Boolean</ColumnType>
              <ColumnTypeOriginal>BIT</ColumnTypeOriginal>
              <IsNullable>true</IsNullable>
              <DefaultValue />
              <Length>0</Length>
              <IsAutoIncrement>false</IsAutoIncrement>
            </Column>
          </Columns>
          <Indices />
          <Constraints>
            <Constraint xsi:type="PrimaryKeyConstraint">
              <Name>PK_Tag_Id</Name>
              <ColumnNames>
                <string>Id</string>
              </ColumnNames>
            </Constraint>
          </Constraints>
          <IsView>false</IsView>
        </Table>
        <Table>
          <Name>BaseEntity</Name>
          <Columns>
            <Column>
              <Name>Id</Name>
              <ColumnType>Int32</ColumnType>
              <ColumnTypeOriginal>INT</ColumnTypeOriginal>
              <IsNullable>false</IsNullable>
              <DefaultValue />
              <Length>0</Length>
              <IsAutoIncrement>true</IsAutoIncrement>
            </Column>
            <Column>
              <Name>InsertDate</Name>
              <ColumnType>DateTime</ColumnType>
              <ColumnTypeOriginal>DATETIME</ColumnTypeOriginal>
              <IsNullable>true</IsNullable>
              <DefaultValue />
              <Length>0</Length>
              <IsAutoIncrement>false</IsAutoIncrement>
            </Column>
            <Column>
              <Name>InsertUserId</Name>
              <ColumnType>Int32</ColumnType>
              <ColumnTypeOriginal>INT</ColumnTypeOriginal>
              <IsNullable>true</IsNullable>
              <DefaultValue />
              <Length>0</Length>
              <IsAutoIncrement>false</IsAutoIncrement>
            </Column>
            <Column>
              <Name>Deleted</Name>
              <ColumnType>Boolean</ColumnType>
              <ColumnTypeOriginal>BIT</ColumnTypeOriginal>
              <IsNullable>true</IsNullable>
              <DefaultValue />
              <Length>0</Length>
              <IsAutoIncrement>false</IsAutoIncrement>
            </Column>
          </Columns>
          <Indices />
          <Constraints>
            <Constraint xsi:type="PrimaryKeyConstraint">
              <Name>PK_BaseEntity_Id</Name>
              <ColumnNames>
                <string>Id</string>
              </ColumnNames>
            </Constraint>
          </Constraints>
          <IsView>false</IsView>
        </Table>
        <Table>
          <Name>EntityHistory</Name>
          <Columns>
            <Column>
              <Name>EntityName</Name>
              <ColumnType>VarChar</ColumnType>
              <ColumnTypeOriginal>VARCHAR</ColumnTypeOriginal>
              <IsNullable>true</IsNullable>
              <DefaultValue />
              <Length>50</Length>
              <IsAutoIncrement>false</IsAutoIncrement>
            </Column>
            <Column>
              <Name>EntityId</Name>
              <ColumnType>Int64</ColumnType>
              <ColumnTypeOriginal>BIGINT</ColumnTypeOriginal>
              <IsNullable>true</IsNullable>
              <DefaultValue />
              <Length>0</Length>
              <IsAutoIncrement>false</IsAutoIncrement>
            </Column>
            <Column>
              <Name>UserName</Name>
              <ColumnType>VarChar</ColumnType>
              <ColumnTypeOriginal>VARCHAR</ColumnTypeOriginal>
              <IsNullable>true</IsNullable>
              <DefaultValue />
              <Length>50</Length>
              <IsAutoIncrement>false</IsAutoIncrement>
            </Column>
            <Column>
              <Name>Operation</Name>
              <ColumnType>Int32</ColumnType>
              <ColumnTypeOriginal>INT</ColumnTypeOriginal>
              <IsNullable>true</IsNullable>
              <DefaultValue />
              <Length>0</Length>
              <IsAutoIncrement>false</IsAutoIncrement>
            </Column>
            <Column>
              <Name>Details</Name>
              <ColumnType>VarChar</ColumnType>
              <ColumnTypeOriginal>VARCHAR</ColumnTypeOriginal>
              <IsNullable>true</IsNullable>
              <DefaultValue />
              <Length>50</Length>
              <IsAutoIncrement>false</IsAutoIncrement>
            </Column>
            <Column>
              <Name>Id</Name>
              <ColumnType>Int32</ColumnType>
              <ColumnTypeOriginal>INT</ColumnTypeOriginal>
              <IsNullable>false</IsNullable>
              <DefaultValue />
              <Length>0</Length>
              <IsAutoIncrement>true</IsAutoIncrement>
            </Column>
            <Column>
              <Name>InsertDate</Name>
              <ColumnType>DateTime</ColumnType>
              <ColumnTypeOriginal>DATETIME</ColumnTypeOriginal>
              <IsNullable>true</IsNullable>
              <DefaultValue />
              <Length>0</Length>
              <IsAutoIncrement>false</IsAutoIncrement>
            </Column>
            <Column>
              <Name>InsertUserId</Name>
              <ColumnType>Int32</ColumnType>
              <ColumnTypeOriginal>INT</ColumnTypeOriginal>
              <IsNullable>true</IsNullable>
              <DefaultValue />
              <Length>0</Length>
              <IsAutoIncrement>false</IsAutoIncrement>
            </Column>
            <Column>
              <Name>Deleted</Name>
              <ColumnType>Boolean</ColumnType>
              <ColumnTypeOriginal>BIT</ColumnTypeOriginal>
              <IsNullable>true</IsNullable>
              <DefaultValue />
              <Length>0</Length>
              <IsAutoIncrement>false</IsAutoIncrement>
            </Column>
          </Columns>
          <Indices />
          <Constraints>
            <Constraint xsi:type="PrimaryKeyConstraint">
              <Name>PK_EntityHistory_Id</Name>
              <ColumnNames>
                <string>Id</string>
              </ColumnNames>
            </Constraint>
          </Constraints>
          <IsView>false</IsView>
        </Table>
        <Table>
          <Name>NamedEntity</Name>
          <Columns>
            <Column>
              <Name>Name</Name>
              <ColumnType>VarChar</ColumnType>
              <ColumnTypeOriginal>VARCHAR</ColumnTypeOriginal>
              <IsNullable>true</IsNullable>
              <DefaultValue />
              <Length>50</Length>
              <IsAutoIncrement>false</IsAutoIncrement>
            </Column>
            <Column>
              <Name>Id</Name>
              <ColumnType>Int32</ColumnType>
              <ColumnTypeOriginal>INT</ColumnTypeOriginal>
              <IsNullable>false</IsNullable>
              <DefaultValue />
              <Length>0</Length>
              <IsAutoIncrement>true</IsAutoIncrement>
            </Column>
            <Column>
              <Name>InsertDate</Name>
              <ColumnType>DateTime</ColumnType>
              <ColumnTypeOriginal>DATETIME</ColumnTypeOriginal>
              <IsNullable>true</IsNullable>
              <DefaultValue />
              <Length>0</Length>
              <IsAutoIncrement>false</IsAutoIncrement>
            </Column>
            <Column>
              <Name>InsertUserId</Name>
              <ColumnType>Int32</ColumnType>
              <ColumnTypeOriginal>INT</ColumnTypeOriginal>
              <IsNullable>true</IsNullable>
              <DefaultValue />
              <Length>0</Length>
              <IsAutoIncrement>false</IsAutoIncrement>
            </Column>
            <Column>
              <Name>Deleted</Name>
              <ColumnType>Boolean</ColumnType>
              <ColumnTypeOriginal>BIT</ColumnTypeOriginal>
              <IsNullable>true</IsNullable>
              <DefaultValue />
              <Length>0</Length>
              <IsAutoIncrement>false</IsAutoIncrement>
            </Column>
          </Columns>
          <Indices />
          <Constraints>
            <Constraint xsi:type="PrimaryKeyConstraint">
              <Name>PK_NamedEntity_Id</Name>
              <ColumnNames>
                <string>Id</string>
              </ColumnNames>
            </Constraint>
          </Constraints>
          <IsView>false</IsView>
        </Table>
        <Table>
          <Name>Report</Name>
          <Columns>
            <Column>
              <Name>ReportLayout</Name>
              <ColumnType>Text</ColumnType>
              <ColumnTypeOriginal>TEXT</ColumnTypeOriginal>
              <IsNullable>true</IsNullable>
              <DefaultValue />
              <Length>2147483647</Length>
              <IsAutoIncrement>false</IsAutoIncrement>
            </Column>
            <Column>
              <Name>SQLQuery</Name>
              <ColumnType>Text</ColumnType>
              <ColumnTypeOriginal>TEXT</ColumnTypeOriginal>
              <IsNullable>true</IsNullable>
              <DefaultValue />
              <Length>2147483647</Length>
              <IsAutoIncrement>false</IsAutoIncrement>
            </Column>
            <Column>
              <Name>Html</Name>
              <ColumnType>Text</ColumnType>
              <ColumnTypeOriginal>TEXT</ColumnTypeOriginal>
              <IsNullable>true</IsNullable>
              <DefaultValue />
              <Length>2147483647</Length>
              <IsAutoIncrement>false</IsAutoIncrement>
            </Column>
            <Column>
              <Name>Name</Name>
              <ColumnType>VarChar</ColumnType>
              <ColumnTypeOriginal>VARCHAR</ColumnTypeOriginal>
              <IsNullable>true</IsNullable>
              <DefaultValue />
              <Length>50</Length>
              <IsAutoIncrement>false</IsAutoIncrement>
            </Column>
            <Column>
              <Name>Id</Name>
              <ColumnType>Int32</ColumnType>
              <ColumnTypeOriginal>INT</ColumnTypeOriginal>
              <IsNullable>false</IsNullable>
              <DefaultValue />
              <Length>0</Length>
              <IsAutoIncrement>true</IsAutoIncrement>
            </Column>
            <Column>
              <Name>InsertDate</Name>
              <ColumnType>DateTime</ColumnType>
              <ColumnTypeOriginal>DATETIME</ColumnTypeOriginal>
              <IsNullable>true</IsNullable>
              <DefaultValue />
              <Length>0</Length>
              <IsAutoIncrement>false</IsAutoIncrement>
            </Column>
            <Column>
              <Name>InsertUserId</Name>
              <ColumnType>Int32</ColumnType>
              <ColumnTypeOriginal>INT</ColumnTypeOriginal>
              <IsNullable>true</IsNullable>
              <DefaultValue />
              <Length>0</Length>
              <IsAutoIncrement>false</IsAutoIncrement>
            </Column>
            <Column>
              <Name>Deleted</Name>
              <ColumnType>Boolean</ColumnType>
              <ColumnTypeOriginal>BIT</ColumnTypeOriginal>
              <IsNullable>true</IsNullable>
              <DefaultValue />
              <Length>0</Length>
              <IsAutoIncrement>false</IsAutoIncrement>
            </Column>
          </Columns>
          <Indices />
          <Constraints>
            <Constraint xsi:type="PrimaryKeyConstraint">
              <Name>PK_Report_Id</Name>
              <ColumnNames>
                <string>Id</string>
              </ColumnNames>
            </Constraint>
          </Constraints>
          <IsView>false</IsView>
        </Table>
        <Table>
          <Name>ReportParam</Name>
          <Columns>
            <Column>
              <Name>PName</Name>
              <ColumnType>VarChar</ColumnType>
              <ColumnTypeOriginal>VARCHAR</ColumnTypeOriginal>
              <IsNullable>true</IsNullable>
              <DefaultValue />
              <Length>50</Length>
              <IsAutoIncrement>false</IsAutoIncrement>
            </Column>
            <Column>
              <Name>PType</Name>
              <ColumnType>Int32</ColumnType>
              <ColumnTypeOriginal>INT</ColumnTypeOriginal>
              <IsNullable>true</IsNullable>
              <DefaultValue />
              <Length>0</Length>
              <IsAutoIncrement>false</IsAutoIncrement>
            </Column>
            <Column>
              <Name>PModuleName</Name>
              <ColumnType>VarChar</ColumnType>
              <ColumnTypeOriginal>VARCHAR</ColumnTypeOriginal>
              <IsNullable>true</IsNullable>
              <DefaultValue />
              <Length>50</Length>
              <IsAutoIncrement>false</IsAutoIncrement>
            </Column>
            <Column>
              <Name>PEntityName</Name>
              <ColumnType>VarChar</ColumnType>
              <ColumnTypeOriginal>VARCHAR</ColumnTypeOriginal>
              <IsNullable>true</IsNullable>
              <DefaultValue />
              <Length>50</Length>
              <IsAutoIncrement>false</IsAutoIncrement>
            </Column>
            <Column>
              <Name>PDisplayField</Name>
              <ColumnType>VarChar</ColumnType>
              <ColumnTypeOriginal>VARCHAR</ColumnTypeOriginal>
              <IsNullable>true</IsNullable>
              <DefaultValue />
              <Length>50</Length>
              <IsAutoIncrement>false</IsAutoIncrement>
            </Column>
            <Column>
              <Name>PValueField</Name>
              <ColumnType>VarChar</ColumnType>
              <ColumnTypeOriginal>VARCHAR</ColumnTypeOriginal>
              <IsNullable>true</IsNullable>
              <DefaultValue />
              <Length>50</Length>
              <IsAutoIncrement>false</IsAutoIncrement>
            </Column>
            <Column>
              <Name>ReportId</Name>
              <ColumnType>Int32</ColumnType>
              <ColumnTypeOriginal>INT</ColumnTypeOriginal>
              <IsNullable>true</IsNullable>
              <DefaultValue />
              <Length>0</Length>
              <IsAutoIncrement>false</IsAutoIncrement>
            </Column>
            <Column>
              <Name>Name</Name>
              <ColumnType>VarChar</ColumnType>
              <ColumnTypeOriginal>VARCHAR</ColumnTypeOriginal>
              <IsNullable>true</IsNullable>
              <DefaultValue />
              <Length>50</Length>
              <IsAutoIncrement>false</IsAutoIncrement>
            </Column>
            <Column>
              <Name>Id</Name>
              <ColumnType>Int32</ColumnType>
              <ColumnTypeOriginal>INT</ColumnTypeOriginal>
              <IsNullable>false</IsNullable>
              <DefaultValue />
              <Length>0</Length>
              <IsAutoIncrement>true</IsAutoIncrement>
            </Column>
            <Column>
              <Name>InsertDate</Name>
              <ColumnType>DateTime</ColumnType>
              <ColumnTypeOriginal>DATETIME</ColumnTypeOriginal>
              <IsNullable>true</IsNullable>
              <DefaultValue />
              <Length>0</Length>
              <IsAutoIncrement>false</IsAutoIncrement>
            </Column>
            <Column>
              <Name>InsertUserId</Name>
              <ColumnType>Int32</ColumnType>
              <ColumnTypeOriginal>INT</ColumnTypeOriginal>
              <IsNullable>true</IsNullable>
              <DefaultValue />
              <Length>0</Length>
              <IsAutoIncrement>false</IsAutoIncrement>
            </Column>
            <Column>
              <Name>Deleted</Name>
              <ColumnType>Boolean</ColumnType>
              <ColumnTypeOriginal>BIT</ColumnTypeOriginal>
              <IsNullable>true</IsNullable>
              <DefaultValue />
              <Length>0</Length>
              <IsAutoIncrement>false</IsAutoIncrement>
            </Column>
          </Columns>
          <Indices />
          <Constraints>
            <Constraint xsi:type="PrimaryKeyConstraint">
              <Name>PK_ReportParam_Id</Name>
              <ColumnNames>
                <string>Id</string>
              </ColumnNames>
            </Constraint>
          </Constraints>
          <IsView>false</IsView>
        </Table>
        <Table>
          <Name>Right</Name>
          <Columns>
            <Column>
              <Name>Name</Name>
              <ColumnType>VarChar</ColumnType>
              <ColumnTypeOriginal>VARCHAR</ColumnTypeOriginal>
              <IsNullable>true</IsNullable>
              <DefaultValue />
              <Length>50</Length>
              <IsAutoIncrement>false</IsAutoIncrement>
            </Column>
            <Column>
              <Name>Id</Name>
              <ColumnType>Int32</ColumnType>
              <ColumnTypeOriginal>INT</ColumnTypeOriginal>
              <IsNullable>false</IsNullable>
              <DefaultValue />
              <Length>0</Length>
              <IsAutoIncrement>true</IsAutoIncrement>
            </Column>
            <Column>
              <Name>InsertDate</Name>
              <ColumnType>DateTime</ColumnType>
              <ColumnTypeOriginal>DATETIME</ColumnTypeOriginal>
              <IsNullable>true</IsNullable>
              <DefaultValue />
              <Length>0</Length>
              <IsAutoIncrement>false</IsAutoIncrement>
            </Column>
            <Column>
              <Name>InsertUserId</Name>
              <ColumnType>Int32</ColumnType>
              <ColumnTypeOriginal>INT</ColumnTypeOriginal>
              <IsNullable>true</IsNullable>
              <DefaultValue />
              <Length>0</Length>
              <IsAutoIncrement>false</IsAutoIncrement>
            </Column>
            <Column>
              <Name>Deleted</Name>
              <ColumnType>Boolean</ColumnType>
              <ColumnTypeOriginal>BIT</ColumnTypeOriginal>
              <IsNullable>true</IsNullable>
              <DefaultValue />
              <Length>0</Length>
              <IsAutoIncrement>false</IsAutoIncrement>
            </Column>
          </Columns>
          <Indices />
          <Constraints>
            <Constraint xsi:type="PrimaryKeyConstraint">
              <Name>PK_Right_Id</Name>
              <ColumnNames>
                <string>Id</string>
              </ColumnNames>
            </Constraint>
          </Constraints>
          <IsView>false</IsView>
        </Table>
        <Table>
          <Name>Role</Name>
          <Columns>
            <Column>
              <Name>Name</Name>
              <ColumnType>VarChar</ColumnType>
              <ColumnTypeOriginal>VARCHAR</ColumnTypeOriginal>
              <IsNullable>true</IsNullable>
              <DefaultValue />
              <Length>50</Length>
              <IsAutoIncrement>false</IsAutoIncrement>
            </Column>
            <Column>
              <Name>Id</Name>
              <ColumnType>Int32</ColumnType>
              <ColumnTypeOriginal>INT</ColumnTypeOriginal>
              <IsNullable>false</IsNullable>
              <DefaultValue />
              <Length>0</Length>
              <IsAutoIncrement>true</IsAutoIncrement>
            </Column>
            <Column>
              <Name>InsertDate</Name>
              <ColumnType>DateTime</ColumnType>
              <ColumnTypeOriginal>DATETIME</ColumnTypeOriginal>
              <IsNullable>true</IsNullable>
              <DefaultValue />
              <Length>0</Length>
              <IsAutoIncrement>false</IsAutoIncrement>
            </Column>
            <Column>
              <Name>InsertUserId</Name>
              <ColumnType>Int32</ColumnType>
              <ColumnTypeOriginal>INT</ColumnTypeOriginal>
              <IsNullable>true</IsNullable>
              <DefaultValue />
              <Length>0</Length>
              <IsAutoIncrement>false</IsAutoIncrement>
            </Column>
            <Column>
              <Name>Deleted</Name>
              <ColumnType>Boolean</ColumnType>
              <ColumnTypeOriginal>BIT</ColumnTypeOriginal>
              <IsNullable>true</IsNullable>
              <DefaultValue />
              <Length>0</Length>
              <IsAutoIncrement>false</IsAutoIncrement>
            </Column>
          </Columns>
          <Indices />
          <Constraints>
            <Constraint xsi:type="PrimaryKeyConstraint">
              <Name>PK_Role_Id</Name>
              <ColumnNames>
                <string>Id</string>
              </ColumnNames>
            </Constraint>
          </Constraints>
          <IsView>false</IsView>
        </Table>
        <Table>
          <Name>RoleRight</Name>
          <Columns>
            <Column>
              <Name>RoleId</Name>
              <ColumnType>Int32</ColumnType>
              <ColumnTypeOriginal>INT</ColumnTypeOriginal>
              <IsNullable>true</IsNullable>
              <DefaultValue />
              <Length>0</Length>
              <IsAutoIncrement>false</IsAutoIncrement>
            </Column>
            <Column>
              <Name>RightId</Name>
              <ColumnType>Int32</ColumnType>
              <ColumnTypeOriginal>INT</ColumnTypeOriginal>
              <IsNullable>true</IsNullable>
              <DefaultValue />
              <Length>0</Length>
              <IsAutoIncrement>false</IsAutoIncrement>
            </Column>
            <Column>
              <Name>Id</Name>
              <ColumnType>Int32</ColumnType>
              <ColumnTypeOriginal>INT</ColumnTypeOriginal>
              <IsNullable>false</IsNullable>
              <DefaultValue />
              <Length>0</Length>
              <IsAutoIncrement>true</IsAutoIncrement>
            </Column>
            <Column>
              <Name>InsertDate</Name>
              <ColumnType>DateTime</ColumnType>
              <ColumnTypeOriginal>DATETIME</ColumnTypeOriginal>
              <IsNullable>true</IsNullable>
              <DefaultValue />
              <Length>0</Length>
              <IsAutoIncrement>false</IsAutoIncrement>
            </Column>
            <Column>
              <Name>InsertUserId</Name>
              <ColumnType>Int32</ColumnType>
              <ColumnTypeOriginal>INT</ColumnTypeOriginal>
              <IsNullable>true</IsNullable>
              <DefaultValue />
              <Length>0</Length>
              <IsAutoIncrement>false</IsAutoIncrement>
            </Column>
            <Column>
              <Name>Deleted</Name>
              <ColumnType>Boolean</ColumnType>
              <ColumnTypeOriginal>BIT</ColumnTypeOriginal>
              <IsNullable>true</IsNullable>
              <DefaultValue />
              <Length>0</Length>
              <IsAutoIncrement>false</IsAutoIncrement>
            </Column>
          </Columns>
          <Indices />
          <Constraints>
            <Constraint xsi:type="PrimaryKeyConstraint">
              <Name>PK_RoleRight_Id</Name>
              <ColumnNames>
                <string>Id</string>
              </ColumnNames>
            </Constraint>
          </Constraints>
          <IsView>false</IsView>
        </Table>
        <Table>
          <Name>RoleUser</Name>
          <Columns>
            <Column>
              <Name>UserId</Name>
              <ColumnType>Int32</ColumnType>
              <ColumnTypeOriginal>INT</ColumnTypeOriginal>
              <IsNullable>true</IsNullable>
              <DefaultValue />
              <Length>0</Length>
              <IsAutoIncrement>false</IsAutoIncrement>
            </Column>
            <Column>
              <Name>RoleId</Name>
              <ColumnType>Int32</ColumnType>
              <ColumnTypeOriginal>INT</ColumnTypeOriginal>
              <IsNullable>true</IsNullable>
              <DefaultValue />
              <Length>0</Length>
              <IsAutoIncrement>false</IsAutoIncrement>
            </Column>
            <Column>
              <Name>Id</Name>
              <ColumnType>Int32</ColumnType>
              <ColumnTypeOriginal>INT</ColumnTypeOriginal>
              <IsNullable>false</IsNullable>
              <DefaultValue />
              <Length>0</Length>
              <IsAutoIncrement>true</IsAutoIncrement>
            </Column>
            <Column>
              <Name>InsertDate</Name>
              <ColumnType>DateTime</ColumnType>
              <ColumnTypeOriginal>DATETIME</ColumnTypeOriginal>
              <IsNullable>true</IsNullable>
              <DefaultValue />
              <Length>0</Length>
              <IsAutoIncrement>false</IsAutoIncrement>
            </Column>
            <Column>
              <Name>InsertUserId</Name>
              <ColumnType>Int32</ColumnType>
              <ColumnTypeOriginal>INT</ColumnTypeOriginal>
              <IsNullable>true</IsNullable>
              <DefaultValue />
              <Length>0</Length>
              <IsAutoIncrement>false</IsAutoIncrement>
            </Column>
            <Column>
              <Name>Deleted</Name>
              <ColumnType>Boolean</ColumnType>
              <ColumnTypeOriginal>BIT</ColumnTypeOriginal>
              <IsNullable>true</IsNullable>
              <DefaultValue />
              <Length>0</Length>
              <IsAutoIncrement>false</IsAutoIncrement>
            </Column>
          </Columns>
          <Indices />
          <Constraints>
            <Constraint xsi:type="PrimaryKeyConstraint">
              <Name>PK_RoleUser_Id</Name>
              <ColumnNames>
                <string>Id</string>
              </ColumnNames>
            </Constraint>
          </Constraints>
          <IsView>false</IsView>
        </Table>
        <Table>
          <Name>UsageReport</Name>
          <Columns>
            <Column>
              <Name>UsageType1</Name>
              <ColumnType>VarChar</ColumnType>
              <ColumnTypeOriginal>VARCHAR</ColumnTypeOriginal>
              <IsNullable>true</IsNullable>
              <DefaultValue />
              <Length>50</Length>
              <IsAutoIncrement>false</IsAutoIncrement>
            </Column>
            <Column>
              <Name>UsageType2</Name>
              <ColumnType>VarChar</ColumnType>
              <ColumnTypeOriginal>VARCHAR</ColumnTypeOriginal>
              <IsNullable>true</IsNullable>
              <DefaultValue />
              <Length>50</Length>
              <IsAutoIncrement>false</IsAutoIncrement>
            </Column>
            <Column>
              <Name>UsageType3</Name>
              <ColumnType>VarChar</ColumnType>
              <ColumnTypeOriginal>VARCHAR</ColumnTypeOriginal>
              <IsNullable>true</IsNullable>
              <DefaultValue />
              <Length>50</Length>
              <IsAutoIncrement>false</IsAutoIncrement>
            </Column>
            <Column>
              <Name>IntVal</Name>
              <ColumnType>Int32</ColumnType>
              <ColumnTypeOriginal>INT</ColumnTypeOriginal>
              <IsNullable>true</IsNullable>
              <DefaultValue />
              <Length>0</Length>
              <IsAutoIncrement>false</IsAutoIncrement>
            </Column>
            <Column>
              <Name>Id</Name>
              <ColumnType>Int32</ColumnType>
              <ColumnTypeOriginal>INT</ColumnTypeOriginal>
              <IsNullable>false</IsNullable>
              <DefaultValue />
              <Length>0</Length>
              <IsAutoIncrement>true</IsAutoIncrement>
            </Column>
            <Column>
              <Name>InsertDate</Name>
              <ColumnType>DateTime</ColumnType>
              <ColumnTypeOriginal>DATETIME</ColumnTypeOriginal>
              <IsNullable>true</IsNullable>
              <DefaultValue />
              <Length>0</Length>
              <IsAutoIncrement>false</IsAutoIncrement>
            </Column>
            <Column>
              <Name>InsertUserId</Name>
              <ColumnType>Int32</ColumnType>
              <ColumnTypeOriginal>INT</ColumnTypeOriginal>
              <IsNullable>true</IsNullable>
              <DefaultValue />
              <Length>0</Length>
              <IsAutoIncrement>false</IsAutoIncrement>
            </Column>
            <Column>
              <Name>Deleted</Name>
              <ColumnType>Boolean</ColumnType>
              <ColumnTypeOriginal>BIT</ColumnTypeOriginal>
              <IsNullable>true</IsNullable>
              <DefaultValue />
              <Length>0</Length>
              <IsAutoIncrement>false</IsAutoIncrement>
            </Column>
          </Columns>
          <Indices />
          <Constraints>
            <Constraint xsi:type="PrimaryKeyConstraint">
              <Name>PK_UsageReport_Id</Name>
              <ColumnNames>
                <string>Id</string>
              </ColumnNames>
            </Constraint>
          </Constraints>
          <IsView>false</IsView>
        </Table>
        <Table>
          <Name>User</Name>
          <Columns>
            <Column>
              <Name>UserName</Name>
              <ColumnType>VarChar</ColumnType>
              <ColumnTypeOriginal>VARCHAR</ColumnTypeOriginal>
              <IsNullable>true</IsNullable>
              <DefaultValue />
              <Length>50</Length>
              <IsAutoIncrement>false</IsAutoIncrement>
            </Column>
            <Column>
              <Name>Password</Name>
              <ColumnType>VarChar</ColumnType>
              <ColumnTypeOriginal>VARCHAR</ColumnTypeOriginal>
              <IsNullable>true</IsNullable>
              <DefaultValue />
              <Length>50</Length>
              <IsAutoIncrement>false</IsAutoIncrement>
            </Column>
            <Column>
              <Name>Name</Name>
              <ColumnType>VarChar</ColumnType>
              <ColumnTypeOriginal>VARCHAR</ColumnTypeOriginal>
              <IsNullable>true</IsNullable>
              <DefaultValue />
              <Length>50</Length>
              <IsAutoIncrement>false</IsAutoIncrement>
            </Column>
            <Column>
              <Name>Id</Name>
              <ColumnType>Int32</ColumnType>
              <ColumnTypeOriginal>INT</ColumnTypeOriginal>
              <IsNullable>false</IsNullable>
              <DefaultValue />
              <Length>0</Length>
              <IsAutoIncrement>true</IsAutoIncrement>
            </Column>
            <Column>
              <Name>InsertDate</Name>
              <ColumnType>DateTime</ColumnType>
              <ColumnTypeOriginal>DATETIME</ColumnTypeOriginal>
              <IsNullable>true</IsNullable>
              <DefaultValue />
              <Length>0</Length>
              <IsAutoIncrement>false</IsAutoIncrement>
            </Column>
            <Column>
              <Name>InsertUserId</Name>
              <ColumnType>Int32</ColumnType>
              <ColumnTypeOriginal>INT</ColumnTypeOriginal>
              <IsNullable>true</IsNullable>
              <DefaultValue />
              <Length>0</Length>
              <IsAutoIncrement>false</IsAutoIncrement>
            </Column>
            <Column>
              <Name>Deleted</Name>
              <ColumnType>Boolean</ColumnType>
              <ColumnTypeOriginal>BIT</ColumnTypeOriginal>
              <IsNullable>true</IsNullable>
              <DefaultValue />
              <Length>0</Length>
              <IsAutoIncrement>false</IsAutoIncrement>
            </Column>
          </Columns>
          <Indices />
          <Constraints>
            <Constraint xsi:type="PrimaryKeyConstraint">
              <Name>PK_User_Id</Name>
              <ColumnNames>
                <string>Id</string>
              </ColumnNames>
            </Constraint>
          </Constraints>
          <IsView>false</IsView>
        </Table>
      </Tables>
    </Database>
    <Schemas />
    <Provider>SQLServer</Provider>
    <Host>localhost</Host>
    <DbName>mstest</DbName>
    <UserName>sa</UserName>
    <Password>bk</Password>
  </ConnectionSettings>
</ArrayOfConnectionSettings>