<?xml version="1.0" encoding="utf-8"?>
<ArrayOfConnectionSettings xmlns:xsi="http://www.w3.org/2001/XMLSchema-instance" xmlns:xsd="http://www.w3.org/2001/XMLSchema">
  <ConnectionSettings>
    <Database>
      <Tables>
        <Table>
          <Name>contact</Name>
          <Columns>
            <Column>
              <Name>CustomerId</Name>
              <ColumnType>Int32</ColumnType>
              <ColumnTypeOriginal>INTEGER</ColumnTypeOriginal>
              <IsNullable>true</IsNullable>
              <DefaultValue />
              <Length>0</Length>
              <IsAutoIncrement>false</IsAutoIncrement>
            </Column>
            <Column>
              <Name>Id</Name>
              <ColumnType>Int32</ColumnType>
              <ColumnTypeOriginal>INTEGER</ColumnTypeOriginal>
              <IsNullable>false</IsNullable>
              <DefaultValue />
              <Length>0</Length>
              <IsAutoIncrement>false</IsAutoIncrement>
            </Column>
            <Column>
              <Name>Name</Name>
              <ColumnType>VarChar</ColumnType>
              <ColumnTypeOriginal>CHARACTER VARYING</ColumnTypeOriginal>
              <IsNullable>false</IsNullable>
              <DefaultValue />
              <Length>50</Length>
              <IsAutoIncrement>false</IsAutoIncrement>
            </Column>
            <Column>
              <Name>Surname</Name>
              <ColumnType>VarChar</ColumnType>
              <ColumnTypeOriginal>CHARACTER VARYING</ColumnTypeOriginal>
              <IsNullable>false</IsNullable>
              <DefaultValue />
              <Length>20</Length>
              <IsAutoIncrement>false</IsAutoIncrement>
            </Column>
          </Columns>
          <Indices>
            <Index>
              <Name>ind_contact_id_name</Name>
              <ColumnNames>
                <string>Id</string>
                <string>Name</string>
              </ColumnNames>
            </Index>
          </Indices>
          <Constraints>
            <Constraint xsi:type="PrimaryKeyConstraint">
              <Name>PK_contact</Name>
              <ColumnNames>
                <string>Id</string>
              </ColumnNames>
            </Constraint>
            <Constraint xsi:type="UniqueConstraint">
              <Name>uc_contact_name</Name>
              <ColumnNames>
                <string>Name</string>
                <string>Surname</string>
              </ColumnNames>
            </Constraint>
          </Constraints>
          <IsView>false</IsView>
        </Table>
        <Table>
          <Name>customer</Name>
          <Columns>
            <Column>
              <Name>Id</Name>
              <ColumnType>Int32</ColumnType>
              <ColumnTypeOriginal>INTEGER</ColumnTypeOriginal>
              <IsNullable>false</IsNullable>
              <DefaultValue />
              <Length>0</Length>
              <IsAutoIncrement>false</IsAutoIncrement>
            </Column>
            <Column>
              <Name>Name3</Name>
              <ColumnType>VarChar</ColumnType>
              <ColumnTypeOriginal>CHARACTER VARYING</ColumnTypeOriginal>
              <IsNullable>false</IsNullable>
              <DefaultValue />
              <Length>50</Length>
              <IsAutoIncrement>false</IsAutoIncrement>
            </Column>
          </Columns>
          <Indices />
          <Constraints>
            <Constraint xsi:type="PrimaryKeyConstraint">
              <Name>PK_customer</Name>
              <ColumnNames>
                <string>Id</string>
              </ColumnNames>
            </Constraint>
          </Constraints>
          <IsView>false</IsView>
        </Table>
      </Tables>
    </Database>
    <Schemas />
    <Provider>PostgreSQL</Provider>
    <Host>localhost</Host>
    <DbName>pgtest</DbName>
    <UserName>postgres</UserName>
    <Password>bk</Password>
  </ConnectionSettings>
</ArrayOfConnectionSettings>