CREATE TABLE [author](
	[DisableAutoContent] boolean NOT NULL DEFAULT '0',
	[UserId] integer,
	[Name] varchar(100) NOT NULL COLLATE NOCASE,
	[Description] text COLLATE NOCASE,
	[Picture] varchar(100) COLLATE NOCASE,
	[Picture2] varchar(100) COLLATE NOCASE,
	[Id] integer NOT NULL PRIMARY KEY AUTOINCREMENT,
	[InsertDate] datetime NOT NULL DEFAULT '1990-01-01 00:00:00',
	[InsertUserId] integer,
	[UpdateDate] datetime,
	[UpdateUserId] integer,
	[Visible] boolean NOT NULL DEFAULT '1',
	[OrderNo] integer);

insert into [author] ([DisableAutoContent], [UserId], [Name], [Description], [Picture], [Picture2], [Id], [InsertDate], [InsertUserId], [UpdateDate], [UpdateUserId], [Visible], [OrderNo]) values ('0', null, 'Editorial', null, null, null, '1', '1990-01-01 00:00', null, null, null, '1', null);
insert into [author] ([DisableAutoContent], [UserId], [Name], [Description], [Picture], [Picture2], [Id], [InsertDate], [InsertUserId], [UpdateDate], [UpdateUserId], [Visible], [OrderNo]) values ('1', '4', 'Tanla', '', '/UserFiles/Images/_author/tanla.jpg', '/UserFiles/Images/_author/tanla.png', '2', '2011-10-26 20:18', '1', '2011-11-29 00:53', '1', '1', '0');
insert into [author] ([DisableAutoContent], [UserId], [Name], [Description], [Picture], [Picture2], [Id], [InsertDate], [InsertUserId], [UpdateDate], [UpdateUserId], [Visible], [OrderNo]) values ('1', '7', 'Bahar', 'Bahar hakkında yazı... Bahar hakkında yazı... Bahar hakkında yazı... Bahar hakkında yazı... Bahar hakkında yazı... Bahar hakkında yazı... Bahar hakkında yazı... Bahar hakkında yazı... Bahar hakkında yazı... Bahar hakkında yazı... <br/>\n<br/>\nBahar hakkında yazı... Bahar hakkında yazı... Bahar hakkında yazı... Bahar hakkında yazı... Bahar hakkında yazı... Bahar hakkında yazı... Bahar hakkında yazı... Bahar hakkında yazı... Bahar hakkında yazı... Bahar hakkında yazı... <br/>\n<br/>\nBahar hakkında yazı... Bahar hakkında yazı... Bahar hakkında yazı... Bahar hakkında yazı... Bahar hakkında yazı... Bahar hakkında yazı... Bahar hakkında yazı... Bahar hakkında yazı... Bahar hakkında yazı... Bahar hakkında yazı... <br/>\n<br/>\n\n', '/UserFiles/Images/_author/bahar.jpg', '/UserFiles/Images/_author/Bahar.png', '3', '2011-10-26 21:30', '1', '2011-12-01 18:00', '1', '1', '0');
insert into [author] ([DisableAutoContent], [UserId], [Name], [Description], [Picture], [Picture2], [Id], [InsertDate], [InsertUserId], [UpdateDate], [UpdateUserId], [Visible], [OrderNo]) values ('1', '8', 'Deniz', '', '/UserFiles/Images/_author/deniz.jpg', '/UserFiles/Images/_author/Deniz.png', '4', '2011-10-26 22:52', '1', '2011-11-29 00:53', '1', '1', '0');
CREATE TABLE [authorlang](
	[AuthorId] integer NOT NULL,
	[LangId] integer NOT NULL,
	[Name] varchar(200) NOT NULL COLLATE NOCASE,
	[Description] varchar(300) COLLATE NOCASE,
	[Picture] varchar(100) COLLATE NOCASE,
	[Picture2] varchar(100) COLLATE NOCASE,
	[Id] integer NOT NULL PRIMARY KEY AUTOINCREMENT,
	[InsertDate] datetime NOT NULL DEFAULT '1990-01-01 00:00:00',
	[InsertUserId] integer,
	[UpdateDate] datetime,
	[UpdateUserId] integer,
	[Visible] boolean NOT NULL DEFAULT '1',
	[OrderNo] integer);

CREATE TABLE [bannerad](
	[Name] varchar(50) NOT NULL COLLATE NOCASE,
	[Href] varchar(100) NOT NULL COLLATE NOCASE,
	[BannerFile] varchar(100) NOT NULL COLLATE NOCASE,
	[Tags] varchar(300) COLLATE NOCASE,
	[ViewCondition] varchar(100) NOT NULL COLLATE NOCASE,
	[StartDate] datetime NOT NULL,
	[FinishDate] datetime NOT NULL,
	[MaxViewCount] integer,
	[ViewCount] integer,
	[MaxClickCount] integer,
	[ClickCount] integer,
	[Id] integer NOT NULL PRIMARY KEY AUTOINCREMENT,
	[InsertDate] datetime NOT NULL DEFAULT '1990-01-01 00:00:00',
	[InsertUserId] integer,
	[UpdateDate] datetime,
	[UpdateUserId] integer,
	[Visible] boolean NOT NULL DEFAULT '1',
	[OrderNo] integer);

CREATE TABLE [circulation](
	[WeekStartDate] datetime,
	[DailyName] varchar(100) COLLATE NOCASE,
	[AvgDailySale] integer,
	[Id] integer NOT NULL PRIMARY KEY AUTOINCREMENT,
	[InsertDate] datetime NOT NULL DEFAULT '1990-01-01 00:00:00',
	[InsertUserId] integer,
	[UpdateDate] datetime,
	[UpdateUserId] integer,
	[Visible] boolean NOT NULL DEFAULT '1',
	[OrderNo] integer);

CREATE TABLE [configuration](
	[SiteName] varchar(100) COLLATE NOCASE,
	[SiteAddress] varchar(100) COLLATE NOCASE,
	[SiteDescription] text COLLATE NOCASE,
	[SiteKeywords] text COLLATE NOCASE,
	[SiteLogo] varchar(100) COLLATE NOCASE,
	[SiteIcon] varchar(100) COLLATE NOCASE,
	[SessionTimeout] integer,
	[BufferOutput] boolean,
	[MultiLang] boolean,
	[DefaultLang] integer NOT NULL,
	[DefaultStyleSheet] text COLLATE NOCASE,
	[CountTags] boolean,
	[UseHTMLEditor] boolean,
	[DefaultDateFormat] varchar(100) COLLATE NOCASE,
	[NoPicture] varchar(100) COLLATE NOCASE,
	[ThumbQuality] integer,
	[ImageUploadMaxWidth] integer,
	[AuthEmail] varchar(100) COLLATE NOCASE,
	[MailHost] varchar(100) COLLATE NOCASE,
	[MailUsername] varchar(100) COLLATE NOCASE,
	[MailPassword] varchar(100) COLLATE NOCASE,
	[UseCache] varchar(30) NOT NULL DEFAULT 'False' COLLATE NOCASE,
	[CacheLifeTime] integer,
	[MainPage] varchar(100) COLLATE NOCASE,
	[CategoryPage] varchar(100) COLLATE NOCASE,
	[ContentPage] varchar(100) COLLATE NOCASE,
	[LoginPage] varchar(100) COLLATE NOCASE,
	[MembershipFormPage] varchar(100) COLLATE NOCASE,
	[MembershipProfilePage] varchar(100) COLLATE NOCASE,
	[RememberPasswordFormPage] varchar(100) COLLATE NOCASE,
	[UserActivationPage] varchar(100) COLLATE NOCASE,
	[AdminPage] varchar(100) COLLATE NOCASE,
	[Id] integer NOT NULL PRIMARY KEY AUTOINCREMENT,
	[InsertDate] datetime NOT NULL DEFAULT '1990-01-01 00:00:00',
	[InsertUserId] integer,
	[UpdateDate] datetime,
	[UpdateUserId] integer,
	[Visible] integer NOT NULL DEFAULT 1,
	[OrderNo] integer);

insert into [configuration] ([SiteName], [SiteAddress], [SiteDescription], [SiteKeywords], [SiteLogo], [SiteIcon], [SessionTimeout], [BufferOutput], [MultiLang], [DefaultLang], [DefaultStyleSheet], [CountTags], [UseHTMLEditor], [DefaultDateFormat], [NoPicture], [ThumbQuality], [ImageUploadMaxWidth], [AuthEmail], [MailHost], [MailUsername], [MailPassword], [UseCache], [CacheLifeTime], [MainPage], [CategoryPage], [ContentPage], [LoginPage], [MembershipFormPage], [MembershipProfilePage], [RememberPasswordFormPage], [UserActivationPage], [AdminPage], [Id], [InsertDate], [InsertUserId], [UpdateDate], [UpdateUserId], [Visible], [OrderNo]) values ('blank mag', 'www.blank-magazine.com', '', '', '', '', '120', '1', '0', '1', '@font-face {\n    font-family: ''Spinnaker'';\n    src: url(''/UserFiles/fonts/spinnaker-regular-webfont.eot'');\n    src: url(''/UserFiles/fonts/spinnaker-regular-webfont.eot?#iefix'') format(''embedded-opentype''),\n         url(''/UserFiles/fonts/spinnaker-regular-webfont.woff'') format(''woff''),\n         url(''/UserFiles/fonts/spinnaker-regular-webfont.ttf'') format(''truetype''),\n         url(''/UserFiles/fonts/spinnaker-regular-webfont.svg#SpinnakerRegular'') format(''svg'');\n    font-weight: normal;\n    font-style: normal;\n\n}\n@font-face {\n    font-family: ''WaitingfortheSunrise'';\n    src: url(''/UserFiles/fonts/waitingforthesunrise-webfont.eot'');\n    src: url(''/UserFiles/fonts/waitingforthesunrise-webfont.eot?#iefix'') format(''embedded-opentype''),\n         url(''/UserFiles/fonts/waitingforthesunrise-webfont.woff'') format(''woff''),\n         url(''/UserFiles/fonts/waitingforthesunrise-webfont.ttf'') format(''truetype''),\n         url(''/UserFiles/fonts/waitingforthesunrise-webfont.svg#WaitingfortheSunriseRegular'') format(''svg'');\n    font-weight: normal;\n    font-style: normal;\n\n}\n\nbody {\n	font-family:Times New Roman;\n	font-size:14px;\n	text-align:center;\n	color: black;\n}\ntd {\n	font-size:14px;\n}\na {\n	color: black;\n	text-decoration:none\n}\na:hover {\n	\n}\n\np {margin:0px;padding:0px}\n\nDIV {\n	-moz-box-sizing:border-box;\n	box-sizing:border-box;\n	margin:0;\n	padding:0;\n}\n\ntextarea:focus, input:focus{\n    outline: none;\n}\n\n#page {\n	width: 990px; \n	min-height: 700px; \n	margin-top:10px; \n	margin-right:auto;\n	margin-left:auto;\n	background: white;\n	text-align:left;\n}\n#Header {text-align:center}\n#Footer {text-align:left; clear:both;}\n\n.shadow {\n}\n\n.vitrin div.clItem {\n	background: #E1E3E2;\n	padding: 10px;\n	margin-top: 10px;\n	border: 1px solid #E1E3E2;\n	overflow:hidden;\n\n	-moz-box-shadow: 3px 3px 4px #c1c3c2;\n	-webkit-box-shadow: 3px 3px 4px #c1c3c2;\n	box-shadow: 3px 3px 4px #c1c3c2;\n	/* For IE 8 */\n	-ms-filter: "progid:DXImageTransform.Microsoft.Shadow(Strength=4, Direction=135, Color=''#c1c3c2'')";\n	/* For IE 5.5 - 7 */\n	filter: progid:DXImageTransform.Microsoft.Shadow(Strength=4, Direction=135, Color=''#c1c3c2'');\n}\n.vitrin div.clItem2 {\n	background: #C1C3C2;\n	padding: 10px;\n	margin-top: 10px;\n	border: 1px solid #838383;\n}\n.vitrin div.clAuthor, .vitrin div.clCategory, .vitrin div.clTitle {\n	height: 25px;\n	padding-top: 2px;\n	background: url(/UserFiles/Images/design/iam_bg.png);\n	padding-left: 40px;\n	padding-right: 2px;\n	font-family: WaitingfortheSunrise, "Buxton Sketch", script, Arial;\n	font-size: 18px;\n	color:black;\n	display:inline-block;\n}\n.vitrin div.clDesc {width:210px; margin-top:12px;}\n.vitrin div.clPubDate {text-align:right;}\n.sagda {float:right}\n.solda {float:left}\n\n.rotate-10{ \n    -moz-transform: rotate(-10deg);  /* FF3.5+ */\n    -o-transform: rotate(-10deg);  /* Opera 10.5 */\n    -webkit-transform: rotate(-10deg);  /* Saf3.1+, Chrome */\n	-ms-transform: rotate(-10deg);  /* IE9 */\n    transform: rotate(-10deg);\n 	filter: progid:DXImageTransform.Microsoft.Matrix(sizingMethod=''clip to original'', /* IE6-IE9 */\n	M11=0.984807753012208, M12=0.17364817766693033, M21=-0.17364817766693033, M22=0.984807753012208);\n 	zoom: 1;\n}\n\n.clsContentDisplay {\n	border:1px solid #E5E5E5;\n	margin-top:10px;\n	background:#E1E3E2;\n	padding: 24px 24px 24px 24px;\n}\n.clsContentDisplay div.title {\n	font-weight:bold;\n	font-size:18px;\n	border-bottom:1px solid #CFCFCF;\n}\n.clsContentDisplay div.title a {\n	text-decoration:none;\n}\n.clsContentDisplay div.text {\n	background:white;\n	margin-top:25px;\n}\n.clsContentDisplay div.innerDiv {\n	padding:24px;\n	background:white;	\n}\n.clsContentDisplay div.date {\n	margin-bottom:24px;\n	font-size:12px;\n	padding-top:2px;\n}\n\n.tags {\n	margin-top:60px;\n	width:230px;\n	font-family: spinnaker;\n}\n.tags .tag {\n	border-bottom: 1px solid #8A8A8A;\n	padding:10px 0px 1px 4px;\n	text-transform:uppercase;\n}\n\n.adminDataList {margin-bottom:10px}\n.adminDataList h2 {\n	background: #808080;\n	color: white;\n	font-family: Spinnaker,tahoma;\n	font-size: 14px;\n	margin: 0px;\n	padding: 4px;\n}\n.adminDataList h2:hover {background:#FFA826}\n.adminDataList h2 span {cursor:pointer}\n.adminDataList h2 .add {float:right; font-size:12px}\n.adminDataList img {\n	cursor:pointer;\n}\n.adminDataList table {\n	border:1px solid black;\n}\n.adminDataList td {\n	padding:4px;\n	text-align:center;\n	min-width:100px;\n}\n.adminDataList .innerDiv {\n	overflow-y:hidden;\n}\n.adminDataList div.paging {\n	padding:1px;\n	text-align:center}\n', '1', '0', 'dd MMMM yyyy', '/UserFiles/Images/design/blank.png', '90', '640', 'info@isimsiz.com', 'mail.isimsiz.com', '', '', 'False', '15', 'Default.aspx', 'Category.aspx', 'Content.aspx', 'Login.aspx', 'Membership.aspx', 'Profile.aspx', 'RememberPassword.aspx', 'Activation.aspx', 'Admin.aspx', '1', '2011-10-26 11:00', '3', '2011-12-01 17:07', '1', '1', '0');
CREATE TABLE [contactus](
	[Name] varchar(100) NOT NULL COLLATE NOCASE,
	[Email] varchar(100) NOT NULL COLLATE NOCASE,
	[Subject] varchar(100) NOT NULL COLLATE NOCASE,
	[Message] text NOT NULL COLLATE NOCASE,
	[Id] integer NOT NULL PRIMARY KEY AUTOINCREMENT,
	[InsertDate] datetime NOT NULL DEFAULT '1990-01-01 00:00:00',
	[InsertUserId] integer,
	[UpdateDate] datetime,
	[UpdateUserId] integer,
	[Visible] boolean NOT NULL DEFAULT '1',
	[OrderNo] integer);

CREATE TABLE [content](
	[ClassName] varchar(100) NOT NULL DEFAULT 'Content' COLLATE NOCASE,
	[Title] varchar(200) NOT NULL COLLATE NOCASE,
	[Description] text COLLATE NOCASE,
	[Keywords] text COLLATE NOCASE,
	[Metin] text COLLATE NOCASE,
	[Hierarchy] varchar(100) NOT NULL COLLATE NOCASE,
	[AuthorId] integer,
	[SourceId] integer,
	[PublishDate] datetime NOT NULL DEFAULT '1990-01-01 00:00:00',
	[Picture] varchar(100) COLLATE NOCASE,
	[Tags] varchar(300) COLLATE NOCASE,
	[TagRanks] varchar(300) COLLATE NOCASE,
	[CategoryId] integer NOT NULL DEFAULT 1,
	[ShowInPage] varchar(100) COLLATE NOCASE,
	[ShowContentsInPage] varchar(100) COLLATE NOCASE,
	[ShowCategoriesInPage] varchar(100) COLLATE NOCASE,
	[IsManset] boolean NOT NULL DEFAULT '0',
	[SpotTitle] varchar(200) COLLATE NOCASE,
	[ContentSourceId] integer,
	[SourceLink] varchar(200) COLLATE NOCASE,
	[ViewCount] integer NOT NULL DEFAULT 0,
	[CommentCount] integer NOT NULL DEFAULT 0,
	[RecommendCount] integer NOT NULL DEFAULT 0,
	[Id] integer NOT NULL PRIMARY KEY AUTOINCREMENT,
	[InsertDate] datetime NOT NULL DEFAULT '1990-01-01 00:00:00',
	[InsertUserId] integer,
	[UpdateDate] datetime,
	[UpdateUserId] integer,
	[Visible] boolean NOT NULL DEFAULT '1',
	[OrderNo] integer,
	[LikeIt] integer DEFAULT 0,
	[Picture2] varchar(100) COLLATE NOCASE);
CREATE INDEX `ContentPublishDate` ON `content` (`PublishDate`);
CREATE INDEX `ContentCategoryId` ON `content` (`CategoryId`);
CREATE INDEX `ContentAuthorIdPublishDateCategoryId` ON `content` (`AuthorId`,`PublishDate`,`CategoryId`);

insert into [content] ([ClassName], [Title], [Description], [Keywords], [Metin], [Hierarchy], [AuthorId], [SourceId], [PublishDate], [Picture], [Tags], [TagRanks], [CategoryId], [ShowInPage], [ShowContentsInPage], [ShowCategoriesInPage], [IsManset], [SpotTitle], [ContentSourceId], [SourceLink], [ViewCount], [CommentCount], [RecommendCount], [Id], [InsertDate], [InsertUserId], [UpdateDate], [UpdateUserId], [Visible], [OrderNo], [LikeIt], [Picture2]) values ('Category', 'Kök', null, null, null, '', null, null, '1980-01-01 00:00', null, null, null, '0', null, null, null, '0', null, null, null, '0', '0', '0', '1', '2011-10-26 11:00', null, '2011-10-26 17:18', null, '1', null, '0', null);
insert into [content] ([ClassName], [Title], [Description], [Keywords], [Metin], [Hierarchy], [AuthorId], [SourceId], [PublishDate], [Picture], [Tags], [TagRanks], [CategoryId], [ShowInPage], [ShowContentsInPage], [ShowCategoriesInPage], [IsManset], [SpotTitle], [ContentSourceId], [SourceLink], [ViewCount], [CommentCount], [RecommendCount], [Id], [InsertDate], [InsertUserId], [UpdateDate], [UpdateUserId], [Visible], [OrderNo], [LikeIt], [Picture2]) values ('Category', 'City', '', '', '', '00001,00068', '1', '1', '2011-10-26 17:18', '/UserFiles/Images/city/city.jpg', '', '', '68', 'City.aspx', 'Content.aspx', 'City.aspx', '0', '', '0', '', '0', '0', '0', '3', '2011-10-26 17:18', '1', '2011-12-02 01:39', '1', '1', '0', '0', '/UserFiles/Images/city/city.jpg');
insert into [content] ([ClassName], [Title], [Description], [Keywords], [Metin], [Hierarchy], [AuthorId], [SourceId], [PublishDate], [Picture], [Tags], [TagRanks], [CategoryId], [ShowInPage], [ShowContentsInPage], [ShowCategoriesInPage], [IsManset], [SpotTitle], [ContentSourceId], [SourceLink], [ViewCount], [CommentCount], [RecommendCount], [Id], [InsertDate], [InsertUserId], [UpdateDate], [UpdateUserId], [Visible], [OrderNo], [LikeIt], [Picture2]) values ('Content', 'Hate', 'Select which you hate amongst a selection of disturbing pictures.', '', '', '00001,00048', '1', '1', '2011-10-26 17:18', '/UserFiles/Images/design/hate1.jpg', '', '', '48', '', '', '', '0', '', '0', '', '0', '0', '0', '4', '2011-10-26 17:18', '1', '2011-11-19 20:49', '1', '1', '0', '0', null);
insert into [content] ([ClassName], [Title], [Description], [Keywords], [Metin], [Hierarchy], [AuthorId], [SourceId], [PublishDate], [Picture], [Tags], [TagRanks], [CategoryId], [ShowInPage], [ShowContentsInPage], [ShowCategoriesInPage], [IsManset], [SpotTitle], [ContentSourceId], [SourceLink], [ViewCount], [CommentCount], [RecommendCount], [Id], [InsertDate], [InsertUserId], [UpdateDate], [UpdateUserId], [Visible], [OrderNo], [LikeIt], [Picture2]) values ('Content', 'Love', 'Select which are really lovely for you amongst a selection of lovely pictures.', '', '', '00001,00048', '1', '1', '2011-10-26 17:18', '/UserFiles/Images/design/love.jpg', '', '', '48', '', '', '', '0', '', '0', '', '0', '0', '0', '5', '2011-10-26 17:18', '1', '2011-11-19 20:49', '1', '1', '0', '0', null);
insert into [content] ([ClassName], [Title], [Description], [Keywords], [Metin], [Hierarchy], [AuthorId], [SourceId], [PublishDate], [Picture], [Tags], [TagRanks], [CategoryId], [ShowInPage], [ShowContentsInPage], [ShowCategoriesInPage], [IsManset], [SpotTitle], [ContentSourceId], [SourceLink], [ViewCount], [CommentCount], [RecommendCount], [Id], [InsertDate], [InsertUserId], [UpdateDate], [UpdateUserId], [Visible], [OrderNo], [LikeIt], [Picture2]) values ('Category', 'Moda', '', '', '', '00001', '1', '1', '2011-10-26 17:18', '', '', '', '1', 'Moda.aspx', 'Moda.aspx', 'Moda.aspx', '0', '', '0', '', '0', '0', '0', '6', '2011-10-26 17:19', '1', '2011-11-09 19:52', '1', '1', '0', '0', null);
insert into [content] ([ClassName], [Title], [Description], [Keywords], [Metin], [Hierarchy], [AuthorId], [SourceId], [PublishDate], [Picture], [Tags], [TagRanks], [CategoryId], [ShowInPage], [ShowContentsInPage], [ShowCategoriesInPage], [IsManset], [SpotTitle], [ContentSourceId], [SourceLink], [ViewCount], [CommentCount], [RecommendCount], [Id], [InsertDate], [InsertUserId], [UpdateDate], [UpdateUserId], [Visible], [OrderNo], [LikeIt], [Picture2]) values ('Category', 'People', '', '', '', '00001,00068', '1', '1', '2011-10-26 17:19', '/UserFiles/Images/people/people_orj.jpg', '', '', '68', 'People.aspx', 'People.aspx', 'People.aspx', '0', '', '0', '', '0', '0', '0', '7', '2011-10-26 17:19', '1', '2011-12-02 01:40', '1', '1', '0', '0', '/UserFiles/Images/people/people_orj.jpg');
insert into [content] ([ClassName], [Title], [Description], [Keywords], [Metin], [Hierarchy], [AuthorId], [SourceId], [PublishDate], [Picture], [Tags], [TagRanks], [CategoryId], [ShowInPage], [ShowContentsInPage], [ShowCategoriesInPage], [IsManset], [SpotTitle], [ContentSourceId], [SourceLink], [ViewCount], [CommentCount], [RecommendCount], [Id], [InsertDate], [InsertUserId], [UpdateDate], [UpdateUserId], [Visible], [OrderNo], [LikeIt], [Picture2]) values ('Category', 'Author', '', '', '', '00001', '1', '1', '2011-10-26 17:19', '', '', '', '1', '', 'Author.aspx', '', '0', '', '0', '', '0', '0', '0', '8', '2011-10-26 17:19', '1', '2011-10-28 16:29', '1', '1', '0', '0', null);
insert into [content] ([ClassName], [Title], [Description], [Keywords], [Metin], [Hierarchy], [AuthorId], [SourceId], [PublishDate], [Picture], [Tags], [TagRanks], [CategoryId], [ShowInPage], [ShowContentsInPage], [ShowCategoriesInPage], [IsManset], [SpotTitle], [ContentSourceId], [SourceLink], [ViewCount], [CommentCount], [RecommendCount], [Id], [InsertDate], [InsertUserId], [UpdateDate], [UpdateUserId], [Visible], [OrderNo], [LikeIt], [Picture2]) values ('Category', 'Bird View', '', '', '', '00001,00068', '1', '1', '2011-10-26 17:19', '/UserFiles/Images/birdview/birdview.jpg', '', '', '68', '', '', '', '0', '', '0', '', '0', '0', '0', '9', '2011-10-26 17:19', '1', '2011-12-02 01:39', '1', '1', '0', '0', '/UserFiles/Images/birdview/birdview.jpg');
insert into [content] ([ClassName], [Title], [Description], [Keywords], [Metin], [Hierarchy], [AuthorId], [SourceId], [PublishDate], [Picture], [Tags], [TagRanks], [CategoryId], [ShowInPage], [ShowContentsInPage], [ShowCategoriesInPage], [IsManset], [SpotTitle], [ContentSourceId], [SourceLink], [ViewCount], [CommentCount], [RecommendCount], [Id], [InsertDate], [InsertUserId], [UpdateDate], [UpdateUserId], [Visible], [OrderNo], [LikeIt], [Picture2]) values ('Category', 'Cook', '', '', '', '00001,00068', '1', '1', '2011-10-26 17:19', '/UserFiles/Images/cook/cook.jpg', '', '', '68', '', '', '', '0', '', '0', '', '0', '0', '0', '10', '2011-10-26 17:20', '1', '2011-12-02 01:39', '1', '1', '0', '0', '/UserFiles/Images/cook/cook.jpg');
insert into [content] ([ClassName], [Title], [Description], [Keywords], [Metin], [Hierarchy], [AuthorId], [SourceId], [PublishDate], [Picture], [Tags], [TagRanks], [CategoryId], [ShowInPage], [ShowContentsInPage], [ShowCategoriesInPage], [IsManset], [SpotTitle], [ContentSourceId], [SourceLink], [ViewCount], [CommentCount], [RecommendCount], [Id], [InsertDate], [InsertUserId], [UpdateDate], [UpdateUserId], [Visible], [OrderNo], [LikeIt], [Picture2]) values ('Content', 'Tanla''nın ilk yazısı', 'Colorfull shoes from benetton. Benetton? Believe me!', '', '', '00001,00008', '2', '1', '2011-10-26 20:19', '', 'RÖPORTAJ', '', '8', '', '', '', '0', '', '0', '', '0', '0', '0', '11', '2011-10-26 20:20', '1', '2011-10-30 22:17', '1', '1', '0', '0', null);
insert into [content] ([ClassName], [Title], [Description], [Keywords], [Metin], [Hierarchy], [AuthorId], [SourceId], [PublishDate], [Picture], [Tags], [TagRanks], [CategoryId], [ShowInPage], [ShowContentsInPage], [ShowCategoriesInPage], [IsManset], [SpotTitle], [ContentSourceId], [SourceLink], [ViewCount], [CommentCount], [RecommendCount], [Id], [InsertDate], [InsertUserId], [UpdateDate], [UpdateUserId], [Visible], [OrderNo], [LikeIt], [Picture2]) values ('Content', 'İstanbul', 'İstanbul is one of the most beautiful cities in the planet.', '', '', '00001,00068,00003', '1', '1', '2011-10-26 21:16', '/UserFiles/Images/city/city.jpg', '', '', '3', '', '', '', '0', '', '0', '', '0', '0', '0', '12', '2011-10-26 21:17', '1', '2011-10-30 21:54', '1', '1', '0', '0', null);
insert into [content] ([ClassName], [Title], [Description], [Keywords], [Metin], [Hierarchy], [AuthorId], [SourceId], [PublishDate], [Picture], [Tags], [TagRanks], [CategoryId], [ShowInPage], [ShowContentsInPage], [ShowCategoriesInPage], [IsManset], [SpotTitle], [ContentSourceId], [SourceLink], [ViewCount], [CommentCount], [RecommendCount], [Id], [InsertDate], [InsertUserId], [UpdateDate], [UpdateUserId], [Visible], [OrderNo], [LikeIt], [Picture2]) values ('Content', 'a bird view', '', '', '', '00001,00068,00009', '1', '1', '2011-10-26 21:23', '/UserFiles/Images/birdview/birdview.jpg', 'Selection', '', '9', '', '', '', '0', '', '0', '', '0', '0', '0', '13', '2011-10-26 21:24', '1', '2011-11-02 17:15', '1', '1', '0', '0', null);
insert into [content] ([ClassName], [Title], [Description], [Keywords], [Metin], [Hierarchy], [AuthorId], [SourceId], [PublishDate], [Picture], [Tags], [TagRanks], [CategoryId], [ShowInPage], [ShowContentsInPage], [ShowCategoriesInPage], [IsManset], [SpotTitle], [ContentSourceId], [SourceLink], [ViewCount], [CommentCount], [RecommendCount], [Id], [InsertDate], [InsertUserId], [UpdateDate], [UpdateUserId], [Visible], [OrderNo], [LikeIt], [Picture2]) values ('Content', 'Bahar''ın ilk yazısı', '', '', 'Lorem ipsum dolor sit amet, consectetur adipisicing elit, sed do eiusmod tempor incididunt ut labore et dolore magna aliqua. Ut enim ad minim veniam, quis nostrud exercitation ullamco laboris nisi ut aliquip ex ea commodo consequat. Duis aute irure dolor in reprehenderit in voluptate velit esse cillum dolore eu fugiat nulla pariatur. Excepteur sint occaecat cupidatat non proident, sunt in culpa qui officia deserunt mollit anim id est laborum.<br/>\n<br/>\nLorem ipsum dolor sit amet, consectetur adipisicing elit, sed do eiusmod tempor incididunt ut labore et dolore magna aliqua. Ut enim ad minim veniam, quis nostrud exercitation ullamco laboris nisi ut aliquip ex ea commodo consequat. Duis aute irure dolor in reprehenderit in voluptate velit esse cillum dolore eu fugiat nulla pariatur. Excepteur sint occaecat cupidatat non proident, sunt in culpa qui officia deserunt mollit anim id est laborum.<br/>\n<br/>\nLorem ipsum dolor sit amet, consectetur adipisicing elit, sed do eiusmod tempor incididunt ut labore et dolore magna aliqua. Ut enim ad minim veniam, quis nostrud exercitation ullamco laboris nisi ut aliquip ex ea commodo consequat. Duis aute irure dolor in reprehenderit in voluptate velit esse cillum dolore eu fugiat nulla pariatur. Excepteur sint occaecat cupidatat non proident, sunt in culpa qui officia deserunt mollit anim id est laborum.<br/>\n<br/>\nLorem ipsum dolor sit amet, consectetur adipisicing elit, sed do eiusmod tempor incididunt ut labore et dolore magna aliqua. Ut enim ad minim veniam, quis nostrud exercitation ullamco laboris nisi ut aliquip ex ea commodo consequat. Duis aute irure dolor in reprehenderit in voluptate velit esse cillum dolore eu fugiat nulla pariatur. Excepteur sint occaecat cupidatat non proident, sunt in culpa qui officia deserunt mollit anim id est laborum.<br/>\n<br/>\n', '00001,00008', '3', '1', '2011-10-26 21:30', '/UserFiles/Images/_upload/2011/11/2/Bahar''in_ilk_yazisi_547.jpg', 'RÖPORTAJ', '', '8', '', '', '', '0', '', '0', '', '0', '0', '0', '14', '2011-10-26 21:31', '1', '2011-11-02 17:10', '1', '1', '0', '0', null);
insert into [content] ([ClassName], [Title], [Description], [Keywords], [Metin], [Hierarchy], [AuthorId], [SourceId], [PublishDate], [Picture], [Tags], [TagRanks], [CategoryId], [ShowInPage], [ShowContentsInPage], [ShowCategoriesInPage], [IsManset], [SpotTitle], [ContentSourceId], [SourceLink], [ViewCount], [CommentCount], [RecommendCount], [Id], [InsertDate], [InsertUserId], [UpdateDate], [UpdateUserId], [Visible], [OrderNo], [LikeIt], [Picture2]) values ('Category', 'Room', '', '', '', '00001,00068', '1', '1', '2011-10-26 21:55', '/UserFiles/Images/room/room.jpg', '', '', '68', '', '', '', '0', '', '0', '', '0', '0', '0', '15', '2011-10-26 21:55', '1', '2011-12-02 01:40', '1', '1', '0', '0', '/UserFiles/Images/room/room.jpg');
insert into [content] ([ClassName], [Title], [Description], [Keywords], [Metin], [Hierarchy], [AuthorId], [SourceId], [PublishDate], [Picture], [Tags], [TagRanks], [CategoryId], [ShowInPage], [ShowContentsInPage], [ShowCategoriesInPage], [IsManset], [SpotTitle], [ContentSourceId], [SourceLink], [ViewCount], [CommentCount], [RecommendCount], [Id], [InsertDate], [InsertUserId], [UpdateDate], [UpdateUserId], [Visible], [OrderNo], [LikeIt], [Picture2]) values ('Content', 'a room', '', '', '', '00001,00068,00015', '1', '1', '2011-10-26 21:56', '/UserFiles/Images/room/room.jpg', '', '', '15', '', '', '', '0', '', '0', '', '0', '0', '0', '16', '2011-10-26 21:56', '1', '2011-11-25 00:15', '1', '1', '0', '0', '');
insert into [content] ([ClassName], [Title], [Description], [Keywords], [Metin], [Hierarchy], [AuthorId], [SourceId], [PublishDate], [Picture], [Tags], [TagRanks], [CategoryId], [ShowInPage], [ShowContentsInPage], [ShowCategoriesInPage], [IsManset], [SpotTitle], [ContentSourceId], [SourceLink], [ViewCount], [CommentCount], [RecommendCount], [Id], [InsertDate], [InsertUserId], [UpdateDate], [UpdateUserId], [Visible], [OrderNo], [LikeIt], [Picture2]) values ('Content', 'a cook', '', '', '', '00001,00068,00010', '1', '1', '2011-10-26 22:12', '/UserFiles/Images/cook/cook.jpg', '', '', '10', '', '', '', '0', '', '0', '', '0', '0', '0', '17', '2011-10-26 22:12', '1', '2011-10-26 22:12', '1', '1', '0', '0', null);
insert into [content] ([ClassName], [Title], [Description], [Keywords], [Metin], [Hierarchy], [AuthorId], [SourceId], [PublishDate], [Picture], [Tags], [TagRanks], [CategoryId], [ShowInPage], [ShowContentsInPage], [ShowCategoriesInPage], [IsManset], [SpotTitle], [ContentSourceId], [SourceLink], [ViewCount], [CommentCount], [RecommendCount], [Id], [InsertDate], [InsertUserId], [UpdateDate], [UpdateUserId], [Visible], [OrderNo], [LikeIt], [Picture2]) values ('Content', 'Deniz''in ilk yazısı', 'Hi, I will share my design with you on these pages.', '', '', '00001,00008', '4', '1', '2011-10-26 23:04', '', 'RÖPORTAJ', '', '8', '', '', '', '0', '', '0', '', '0', '0', '0', '18', '2011-10-26 23:05', '1', '2011-10-30 22:02', '1', '1', '0', '0', null);
insert into [content] ([ClassName], [Title], [Description], [Keywords], [Metin], [Hierarchy], [AuthorId], [SourceId], [PublishDate], [Picture], [Tags], [TagRanks], [CategoryId], [ShowInPage], [ShowContentsInPage], [ShowCategoriesInPage], [IsManset], [SpotTitle], [ContentSourceId], [SourceLink], [ViewCount], [CommentCount], [RecommendCount], [Id], [InsertDate], [InsertUserId], [UpdateDate], [UpdateUserId], [Visible], [OrderNo], [LikeIt], [Picture2]) values ('Content', 'ERIN WASSON - Stylist & Designer', 'The most exiting people of the sector to meet with you, their works and their feelings. All is gonna be on this section. Start browsing by giving a pressure with your point finger onto the left button of mouse.', '', 'Steinbeck''s contacts with leftist authors, journalists, and labor union figures may have influenced his writing and he joined the League of American Writers, a Communist organization, in 1935.[37] Steinbeck was mentored by radical writers Lincoln Steffens and his wife Ella Winter. Through Francis Whitaker, a member of the United States Communist Party’s John Reed Club for writers, Steinbeck met with strike organizers from the Cannery and Agricultural Workers'' Industrial Union.<br/>\n<br/>\nIn 1967, when he was sent to Vietnam to report on the war, his sympathetic portrayal of the United States Army led the New York Post to denounce him for betraying his liberal past. Steinbeck''s biographer, Jay Parini, says Steinbeck''s friendship with President Lyndon B. Johnson influenced his views on Vietnam. Steinbeck may also have been concerned about the safety of his son serving in Vietnam.<br/>\n<br/>\nSteinbeck was a close associate of playwright Arthur Miller. In June 1959, Steinbeck took a personal and professional risk by standing up for him when Miller refused to name names in the House Un-American Activities Committee trials.[29] Steinbeck called the period one of the "strangest and most frightening times a government and people have ever faced."<br/>', '00001,00068,00007', '1', '1', '2011-10-26 23:09', '/UserFiles/Images/people/diger.jpg', 'FAMEOUS', '', '7', '', '', '', '0', '', '0', '', '0', '0', '0', '19', '2011-10-26 23:10', '1', '2011-11-12 12:58', '1', '1', '0', '0', null);
insert into [content] ([ClassName], [Title], [Description], [Keywords], [Metin], [Hierarchy], [AuthorId], [SourceId], [PublishDate], [Picture], [Tags], [TagRanks], [CategoryId], [ShowInPage], [ShowContentsInPage], [ShowCategoriesInPage], [IsManset], [SpotTitle], [ContentSourceId], [SourceLink], [ViewCount], [CommentCount], [RecommendCount], [Id], [InsertDate], [InsertUserId], [UpdateDate], [UpdateUserId], [Visible], [OrderNo], [LikeIt], [Picture2]) values ('Category', 'Music', '', '', '', '00001,00068', '1', '1', '2011-10-26 23:12', '/UserFiles/Images/music/music.jpg', '', '', '68', '', '', '', '0', '', '0', '', '0', '0', '0', '20', '2011-10-26 23:12', '1', '2011-12-02 01:39', '1', '1', '0', '0', '/UserFiles/Images/music/music.jpg');
insert into [content] ([ClassName], [Title], [Description], [Keywords], [Metin], [Hierarchy], [AuthorId], [SourceId], [PublishDate], [Picture], [Tags], [TagRanks], [CategoryId], [ShowInPage], [ShowContentsInPage], [ShowCategoriesInPage], [IsManset], [SpotTitle], [ContentSourceId], [SourceLink], [ViewCount], [CommentCount], [RecommendCount], [Id], [InsertDate], [InsertUserId], [UpdateDate], [UpdateUserId], [Visible], [OrderNo], [LikeIt], [Picture2]) values ('Content', 'a music', '', '', '', '00001,00068,00020', '1', '1', '2011-10-26 23:12', '/UserFiles/Images/music/music.jpg', '', '', '20', '', '', '', '0', '', '0', '', '0', '0', '0', '21', '2011-10-26 23:13', '1', '2011-11-21 16:34', '1', '1', '0', '0', null);
insert into [content] ([ClassName], [Title], [Description], [Keywords], [Metin], [Hierarchy], [AuthorId], [SourceId], [PublishDate], [Picture], [Tags], [TagRanks], [CategoryId], [ShowInPage], [ShowContentsInPage], [ShowCategoriesInPage], [IsManset], [SpotTitle], [ContentSourceId], [SourceLink], [ViewCount], [CommentCount], [RecommendCount], [Id], [InsertDate], [InsertUserId], [UpdateDate], [UpdateUserId], [Visible], [OrderNo], [LikeIt], [Picture2]) values ('Category', 'Words', '', '', '', '00001,00068', '1', '1', '2011-10-26 23:17', '/UserFiles/Images/words/words.jpg', '', '', '68', '', '', '', '0', '', '0', '', '0', '0', '0', '22', '2011-10-26 23:17', '1', '2011-12-02 01:40', '1', '1', '0', '0', '/UserFiles/Images/words/words.jpg');
insert into [content] ([ClassName], [Title], [Description], [Keywords], [Metin], [Hierarchy], [AuthorId], [SourceId], [PublishDate], [Picture], [Tags], [TagRanks], [CategoryId], [ShowInPage], [ShowContentsInPage], [ShowCategoriesInPage], [IsManset], [SpotTitle], [ContentSourceId], [SourceLink], [ViewCount], [CommentCount], [RecommendCount], [Id], [InsertDate], [InsertUserId], [UpdateDate], [UpdateUserId], [Visible], [OrderNo], [LikeIt], [Picture2]) values ('Content', 'a words', '', '', '', '00001,00068,00022', '1', '1', '2011-10-26 23:17', '/UserFiles/Images/words/words.jpg', '', '', '22', '', '', '', '0', '', '0', '', '0', '0', '0', '23', '2011-10-26 23:18', '1', '2011-10-26 23:18', '1', '1', '0', '0', null);
insert into [content] ([ClassName], [Title], [Description], [Keywords], [Metin], [Hierarchy], [AuthorId], [SourceId], [PublishDate], [Picture], [Tags], [TagRanks], [CategoryId], [ShowInPage], [ShowContentsInPage], [ShowCategoriesInPage], [IsManset], [SpotTitle], [ContentSourceId], [SourceLink], [ViewCount], [CommentCount], [RecommendCount], [Id], [InsertDate], [InsertUserId], [UpdateDate], [UpdateUserId], [Visible], [OrderNo], [LikeIt], [Picture2]) values ('Category', 'Beauty', '', '', '', '00001,00068', '1', '1', '2011-10-26 23:21', '/UserFiles/Images/beauty/beauty.jpg', '', '', '68', '', '', '', '0', '', '0', '', '0', '0', '0', '24', '2011-10-26 23:21', '1', '2011-12-02 01:39', '1', '1', '0', '0', '/UserFiles/Images/beauty/beauty.jpg');
insert into [content] ([ClassName], [Title], [Description], [Keywords], [Metin], [Hierarchy], [AuthorId], [SourceId], [PublishDate], [Picture], [Tags], [TagRanks], [CategoryId], [ShowInPage], [ShowContentsInPage], [ShowCategoriesInPage], [IsManset], [SpotTitle], [ContentSourceId], [SourceLink], [ViewCount], [CommentCount], [RecommendCount], [Id], [InsertDate], [InsertUserId], [UpdateDate], [UpdateUserId], [Visible], [OrderNo], [LikeIt], [Picture2]) values ('Content', 'a beauty', '', '', '', '00001,00068,00024', '1', '1', '2011-10-26 23:21', '/UserFiles/Images/beauty/beauty.jpg', '', '', '24', '', '', '', '0', '', '0', '', '0', '0', '0', '25', '2011-10-26 23:22', '1', '2011-10-26 23:22', '1', '1', '0', '0', null);
insert into [content] ([ClassName], [Title], [Description], [Keywords], [Metin], [Hierarchy], [AuthorId], [SourceId], [PublishDate], [Picture], [Tags], [TagRanks], [CategoryId], [ShowInPage], [ShowContentsInPage], [ShowCategoriesInPage], [IsManset], [SpotTitle], [ContentSourceId], [SourceLink], [ViewCount], [CommentCount], [RecommendCount], [Id], [InsertDate], [InsertUserId], [UpdateDate], [UpdateUserId], [Visible], [OrderNo], [LikeIt], [Picture2]) values ('Category', 'Think', '', '', '', '00001,00068', '1', '1', '2011-10-26 23:34', '/UserFiles/Images/think/think.jpg', '', '', '68', '', '', '', '0', '', '0', '', '0', '0', '0', '26', '2011-10-26 23:34', '1', '2011-12-02 01:40', '1', '1', '0', '0', '/UserFiles/Images/think/think.jpg');
insert into [content] ([ClassName], [Title], [Description], [Keywords], [Metin], [Hierarchy], [AuthorId], [SourceId], [PublishDate], [Picture], [Tags], [TagRanks], [CategoryId], [ShowInPage], [ShowContentsInPage], [ShowCategoriesInPage], [IsManset], [SpotTitle], [ContentSourceId], [SourceLink], [ViewCount], [CommentCount], [RecommendCount], [Id], [InsertDate], [InsertUserId], [UpdateDate], [UpdateUserId], [Visible], [OrderNo], [LikeIt], [Picture2]) values ('Content', 'a think', '', '', '', '00001,00068,00026', '1', '1', '2011-10-26 23:34', '/UserFiles/Images/think/think.jpg', '', '', '26', '', '', '', '0', '', '0', '', '0', '0', '0', '27', '2011-10-26 23:35', '1', '2011-10-26 23:36', '1', '1', '0', '0', null);
insert into [content] ([ClassName], [Title], [Description], [Keywords], [Metin], [Hierarchy], [AuthorId], [SourceId], [PublishDate], [Picture], [Tags], [TagRanks], [CategoryId], [ShowInPage], [ShowContentsInPage], [ShowCategoriesInPage], [IsManset], [SpotTitle], [ContentSourceId], [SourceLink], [ViewCount], [CommentCount], [RecommendCount], [Id], [InsertDate], [InsertUserId], [UpdateDate], [UpdateUserId], [Visible], [OrderNo], [LikeIt], [Picture2]) values ('Content', 'Kuş Cenneti', '', '', '', '00001,00008', '3', '1', '2011-10-30 16:34', '/UserFiles/Images/_upload/2011/11/2/Kus_Cenneti_917.jpg', 'FOTOĞRAF ÇEKİMİ', '', '8', '', '', '', '0', '', '0', '', '0', '0', '0', '29', '2011-10-30 16:35', '1', '2011-11-02 17:09', '1', '1', '0', '0', null);
insert into [content] ([ClassName], [Title], [Description], [Keywords], [Metin], [Hierarchy], [AuthorId], [SourceId], [PublishDate], [Picture], [Tags], [TagRanks], [CategoryId], [ShowInPage], [ShowContentsInPage], [ShowCategoriesInPage], [IsManset], [SpotTitle], [ContentSourceId], [SourceLink], [ViewCount], [CommentCount], [RecommendCount], [Id], [InsertDate], [InsertUserId], [UpdateDate], [UpdateUserId], [Visible], [OrderNo], [LikeIt], [Picture2]) values ('Content', 'Şurdan burdan', '', '', '', '00001,00008', '3', '1', '2011-10-30 16:36', '/UserFiles/Images/_upload/2011/11/2/Surdan_burdan_444.jpg', 'ORDAN BURDAN', '', '8', '', '', '', '0', '', '0', '', '0', '0', '0', '30', '2011-10-30 16:36', '1', '2011-11-02 17:08', '1', '1', '0', '0', null);
insert into [content] ([ClassName], [Title], [Description], [Keywords], [Metin], [Hierarchy], [AuthorId], [SourceId], [PublishDate], [Picture], [Tags], [TagRanks], [CategoryId], [ShowInPage], [ShowContentsInPage], [ShowCategoriesInPage], [IsManset], [SpotTitle], [ContentSourceId], [SourceLink], [ViewCount], [CommentCount], [RecommendCount], [Id], [InsertDate], [InsertUserId], [UpdateDate], [UpdateUserId], [Visible], [OrderNo], [LikeIt], [Picture2]) values ('Category', 'Other', '', '', '', '00001', '1', '1', '2011-10-30 17:48', '', '', '', '1', '', '', '', '0', '', '0', '', '0', '0', '0', '32', '2011-10-30 17:49', '1', '2011-10-30 17:49', '1', '1', '0', '0', null);
insert into [content] ([ClassName], [Title], [Description], [Keywords], [Metin], [Hierarchy], [AuthorId], [SourceId], [PublishDate], [Picture], [Tags], [TagRanks], [CategoryId], [ShowInPage], [ShowContentsInPage], [ShowCategoriesInPage], [IsManset], [SpotTitle], [ContentSourceId], [SourceLink], [ViewCount], [CommentCount], [RecommendCount], [Id], [InsertDate], [InsertUserId], [UpdateDate], [UpdateUserId], [Visible], [OrderNo], [LikeIt], [Picture2]) values ('Content', 'ABOUT US', '', '', 'The Coveteur, founded by designer Erin Kleinberg and stylist Stephanie Mark, is a new way of looking at the creative process and influences of some of today''s most recognized global tastemakers.<br/>\n<br/>\nThe Coveteur takes you inside the closets of internationally influential cultural forecasters, showing us what culminates in their personal style - one item at a time.<br/>\n<br/>\nThe site focuses on curations, styling, and new ways of showcasing the personalization behind fashion''s elite. Kleinberg and Mark, in collaboration with the talent themselves, show and describe, in their own words, the significance each item plays in their lives - from personal accomplishments to the way these meaningful belongings have influenced their unique sense of style.<br/>\n<br/>\nCaptured through the lens of photographer Jake Rosenberg, The Coveteur explores what you''ve always wanted to see - the behind the scenes and intimate surveillance of today''s modern trendsetters.<br/>\n<br/>\nThis is... The Coveteur\n', '00001,00032', '1', '1', '2011-10-30 17:49', '', '', '', '32', '', '', '', '0', '', '0', '', '0', '0', '0', '33', '2011-10-30 17:51', '1', '2011-10-30 17:51', '1', '1', '0', '0', null);
insert into [content] ([ClassName], [Title], [Description], [Keywords], [Metin], [Hierarchy], [AuthorId], [SourceId], [PublishDate], [Picture], [Tags], [TagRanks], [CategoryId], [ShowInPage], [ShowContentsInPage], [ShowCategoriesInPage], [IsManset], [SpotTitle], [ContentSourceId], [SourceLink], [ViewCount], [CommentCount], [RecommendCount], [Id], [InsertDate], [InsertUserId], [UpdateDate], [UpdateUserId], [Visible], [OrderNo], [LikeIt], [Picture2]) values ('Content', 'CONTACT US', '', '', '<h2>Contact Us</h2>\n\nCant get enough of The Coveteur? We''d love to hear from you. Hit us up anytime kids!\n\n<h2>By Email:</h2>\n\ninfo@thecoveteur.com\n\n<h2>By Post:</h2>\n\n50 Spadina Road Apt. 712 | Toronto, ON | M5R 2P1 | Canada\n', '00001,00032', '1', '1', '2011-10-30 17:51', '', '', '', '32', '', '', '', '0', '', '0', '', '0', '0', '0', '34', '2011-10-30 17:53', '1', '2011-10-30 17:53', '1', '1', '0', '0', null);
insert into [content] ([ClassName], [Title], [Description], [Keywords], [Metin], [Hierarchy], [AuthorId], [SourceId], [PublishDate], [Picture], [Tags], [TagRanks], [CategoryId], [ShowInPage], [ShowContentsInPage], [ShowCategoriesInPage], [IsManset], [SpotTitle], [ContentSourceId], [SourceLink], [ViewCount], [CommentCount], [RecommendCount], [Id], [InsertDate], [InsertUserId], [UpdateDate], [UpdateUserId], [Visible], [OrderNo], [LikeIt], [Picture2]) values ('Content', 'Milano', '', '', '', '00001,00068,00003', '1', '1', '2011-11-02 15:37', '/UserFiles/Images/_upload/2011/11/2/Milano_260.jpg', '', '', '3', '', '', '', '0', '', '0', '', '0', '0', '0', '35', '2011-11-02 15:38', '1', '2011-11-02 15:44', '1', '1', '0', '0', null);
insert into [content] ([ClassName], [Title], [Description], [Keywords], [Metin], [Hierarchy], [AuthorId], [SourceId], [PublishDate], [Picture], [Tags], [TagRanks], [CategoryId], [ShowInPage], [ShowContentsInPage], [ShowCategoriesInPage], [IsManset], [SpotTitle], [ContentSourceId], [SourceLink], [ViewCount], [CommentCount], [RecommendCount], [Id], [InsertDate], [InsertUserId], [UpdateDate], [UpdateUserId], [Visible], [OrderNo], [LikeIt], [Picture2]) values ('Content', 'Amsterdam', '', '', '', '00001,00068,00003', '1', '1', '2011-11-02 16:17', '/UserFiles/Images/_upload/2011/11/2/Amsterdam_398.jpg', '', '', '3', '', '', '', '0', '', '0', '', '0', '0', '1', '36', '2011-11-02 16:18', '1', '2011-11-02 16:18', '1', '1', '0', '0', null);
insert into [content] ([ClassName], [Title], [Description], [Keywords], [Metin], [Hierarchy], [AuthorId], [SourceId], [PublishDate], [Picture], [Tags], [TagRanks], [CategoryId], [ShowInPage], [ShowContentsInPage], [ShowCategoriesInPage], [IsManset], [SpotTitle], [ContentSourceId], [SourceLink], [ViewCount], [CommentCount], [RecommendCount], [Id], [InsertDate], [InsertUserId], [UpdateDate], [UpdateUserId], [Visible], [OrderNo], [LikeIt], [Picture2]) values ('Content', 'Madrid', '', '', '', '00001,00068,00003', '1', '1', '2011-11-02 16:19', '/UserFiles/Images/_upload/2011/11/2/Madrid_589.jpg', '', '', '3', '', '', '', '0', '', '0', '', '0', '0', '0', '37', '2011-11-02 16:19', '1', '2011-11-02 16:19', '1', '1', '0', '0', null);
insert into [content] ([ClassName], [Title], [Description], [Keywords], [Metin], [Hierarchy], [AuthorId], [SourceId], [PublishDate], [Picture], [Tags], [TagRanks], [CategoryId], [ShowInPage], [ShowContentsInPage], [ShowCategoriesInPage], [IsManset], [SpotTitle], [ContentSourceId], [SourceLink], [ViewCount], [CommentCount], [RecommendCount], [Id], [InsertDate], [InsertUserId], [UpdateDate], [UpdateUserId], [Visible], [OrderNo], [LikeIt], [Picture2]) values ('Content', 'Barcelona', 'Barcelona is a beautiful city!', '', '', '00001,00068,00003', '1', '1', '2011-11-02 16:20', '/UserFiles/Images/_upload/2011/11/2/Barcelona_294.jpg', '', '', '3', '', '', '', '0', '', '0', '', '0', '0', '0', '38', '2011-11-02 16:21', '1', '2011-11-08 21:29', '1', '1', '0', '0', null);
insert into [content] ([ClassName], [Title], [Description], [Keywords], [Metin], [Hierarchy], [AuthorId], [SourceId], [PublishDate], [Picture], [Tags], [TagRanks], [CategoryId], [ShowInPage], [ShowContentsInPage], [ShowCategoriesInPage], [IsManset], [SpotTitle], [ContentSourceId], [SourceLink], [ViewCount], [CommentCount], [RecommendCount], [Id], [InsertDate], [InsertUserId], [UpdateDate], [UpdateUserId], [Visible], [OrderNo], [LikeIt], [Picture2]) values ('Content', 'Paris', '', '', '', '00001,00068,00003', '1', '1', '2011-11-02 16:21', '/UserFiles/Images/_upload/2011/11/2/Paris_62.jpg', '', '', '3', '', '', '', '0', '', '0', '', '0', '0', '0', '39', '2011-11-02 16:22', '1', '2011-11-02 16:22', '1', '1', '0', '0', null);
insert into [content] ([ClassName], [Title], [Description], [Keywords], [Metin], [Hierarchy], [AuthorId], [SourceId], [PublishDate], [Picture], [Tags], [TagRanks], [CategoryId], [ShowInPage], [ShowContentsInPage], [ShowCategoriesInPage], [IsManset], [SpotTitle], [ContentSourceId], [SourceLink], [ViewCount], [CommentCount], [RecommendCount], [Id], [InsertDate], [InsertUserId], [UpdateDate], [UpdateUserId], [Visible], [OrderNo], [LikeIt], [Picture2]) values ('Content', 'New York', '', '', '', '00001,00068,00003', '1', '1', '2011-11-02 16:22', '/UserFiles/Images/_upload/2011/11/2/New_York_150.jpg', 'BATI', '', '3', '', '', '', '0', '', '0', '', '0', '0', '0', '40', '2011-11-02 16:23', '1', '2011-11-02 18:38', '1', '1', '0', '0', null);
insert into [content] ([ClassName], [Title], [Description], [Keywords], [Metin], [Hierarchy], [AuthorId], [SourceId], [PublishDate], [Picture], [Tags], [TagRanks], [CategoryId], [ShowInPage], [ShowContentsInPage], [ShowCategoriesInPage], [IsManset], [SpotTitle], [ContentSourceId], [SourceLink], [ViewCount], [CommentCount], [RecommendCount], [Id], [InsertDate], [InsertUserId], [UpdateDate], [UpdateUserId], [Visible], [OrderNo], [LikeIt], [Picture2]) values ('Content', 'Hakkari', '', '', '', '00001,00068,00003', '1', '1', '2011-11-02 16:25', '/UserFiles/Images/_upload/2011/11/2/Hakkari_950.jpg', 'DOĞU', '', '3', '', '', '', '0', '', '0', '', '0', '0', '0', '41', '2011-11-02 16:26', '1', '2011-11-02 18:37', '1', '1', '0', '0', null);
insert into [content] ([ClassName], [Title], [Description], [Keywords], [Metin], [Hierarchy], [AuthorId], [SourceId], [PublishDate], [Picture], [Tags], [TagRanks], [CategoryId], [ShowInPage], [ShowContentsInPage], [ShowCategoriesInPage], [IsManset], [SpotTitle], [ContentSourceId], [SourceLink], [ViewCount], [CommentCount], [RecommendCount], [Id], [InsertDate], [InsertUserId], [UpdateDate], [UpdateUserId], [Visible], [OrderNo], [LikeIt], [Picture2]) values ('Content', 'Yeni Türkü', '', '', '', '00001,00068,00020', '1', '1', '2011-11-02 17:17', '/UserFiles/Images/_upload/2011/11/2/Yeni_Turku_137.jpg', '', '', '20', '', '', '', '0', '', '0', '', '0', '0', '0', '42', '2011-11-02 17:18', '1', '2011-11-02 17:18', '1', '1', '0', '0', null);
insert into [content] ([ClassName], [Title], [Description], [Keywords], [Metin], [Hierarchy], [AuthorId], [SourceId], [PublishDate], [Picture], [Tags], [TagRanks], [CategoryId], [ShowInPage], [ShowContentsInPage], [ShowCategoriesInPage], [IsManset], [SpotTitle], [ContentSourceId], [SourceLink], [ViewCount], [CommentCount], [RecommendCount], [Id], [InsertDate], [InsertUserId], [UpdateDate], [UpdateUserId], [Visible], [OrderNo], [LikeIt], [Picture2]) values ('Content', 'Ezginin Günlüğü', 'Ezginin Günlüğü konser verecek. Rizede.', '', '', '00001,00068,00020', '1', '1', '2011-11-02 17:18', '/UserFiles/Images/_upload/2011/11/2/Ezginin_Gunlugu_442.jpg', '', '', '20', '', '', '', '0', '', '0', '', '0', '0', '0', '43', '2011-11-02 17:19', '1', '2011-11-02 17:19', '1', '1', '0', '0', null);
insert into [content] ([ClassName], [Title], [Description], [Keywords], [Metin], [Hierarchy], [AuthorId], [SourceId], [PublishDate], [Picture], [Tags], [TagRanks], [CategoryId], [ShowInPage], [ShowContentsInPage], [ShowCategoriesInPage], [IsManset], [SpotTitle], [ContentSourceId], [SourceLink], [ViewCount], [CommentCount], [RecommendCount], [Id], [InsertDate], [InsertUserId], [UpdateDate], [UpdateUserId], [Visible], [OrderNo], [LikeIt], [Picture2]) values ('Category', 'Love and Hate', '', '', '', '00001', '1', '1', '2011-11-11 17:13', '', '', '', '1', '', 'LoveHate.aspx', '', '0', '', '0', '', '0', '0', '0', '48', '2011-11-11 17:13', '1', '2011-11-19 20:49', '1', '1', '0', '0', null);
insert into [content] ([ClassName], [Title], [Description], [Keywords], [Metin], [Hierarchy], [AuthorId], [SourceId], [PublishDate], [Picture], [Tags], [TagRanks], [CategoryId], [ShowInPage], [ShowContentsInPage], [ShowCategoriesInPage], [IsManset], [SpotTitle], [ContentSourceId], [SourceLink], [ViewCount], [CommentCount], [RecommendCount], [Id], [InsertDate], [InsertUserId], [UpdateDate], [UpdateUserId], [Visible], [OrderNo], [LikeIt], [Picture2]) values ('Content', 'One From The Heart', '', '', '', '00001,00006', '1', '1', '2011-11-19 19:29', '/UserFiles/Images/moda/one_from_the_heart/1.jpg', 'Blank Red', '', '6', '', '', '', '0', '', '0', '', '0', '0', '0', '61', '2011-11-19 19:30', '1', '2011-12-01 15:25', '1', '1', '0', '0', '');
insert into [content] ([ClassName], [Title], [Description], [Keywords], [Metin], [Hierarchy], [AuthorId], [SourceId], [PublishDate], [Picture], [Tags], [TagRanks], [CategoryId], [ShowInPage], [ShowContentsInPage], [ShowCategoriesInPage], [IsManset], [SpotTitle], [ContentSourceId], [SourceLink], [ViewCount], [CommentCount], [RecommendCount], [Id], [InsertDate], [InsertUserId], [UpdateDate], [UpdateUserId], [Visible], [OrderNo], [LikeIt], [Picture2]) values ('Content', 'Old Fahion', '', '', '', '00001,00006', '1', '1', '2011-11-21 15:01', '/UserFiles/468.jpg', 'Blank Red', '', '6', '', '', '', '0', '', '0', '', '0', '0', '0', '62', '2011-11-21 15:03', '1', '2011-12-01 15:26', '1', '1', '0', '0', '');
insert into [content] ([ClassName], [Title], [Description], [Keywords], [Metin], [Hierarchy], [AuthorId], [SourceId], [PublishDate], [Picture], [Tags], [TagRanks], [CategoryId], [ShowInPage], [ShowContentsInPage], [ShowCategoriesInPage], [IsManset], [SpotTitle], [ContentSourceId], [SourceLink], [ViewCount], [CommentCount], [RecommendCount], [Id], [InsertDate], [InsertUserId], [UpdateDate], [UpdateUserId], [Visible], [OrderNo], [LikeIt], [Picture2]) values ('Content', 'Big City Life', '', '', '', '00001,00006', '1', '1', '2011-11-21 15:42', '/UserFiles/Images/moda/Big_City_Life/57026-800w.jpg', 'Blank Blue', '', '6', '', '', '', '0', '', '0', '', '0', '0', '0', '63', '2011-11-21 15:44', '1', '2011-12-01 15:25', '1', '1', '0', '0', '');
insert into [content] ([ClassName], [Title], [Description], [Keywords], [Metin], [Hierarchy], [AuthorId], [SourceId], [PublishDate], [Picture], [Tags], [TagRanks], [CategoryId], [ShowInPage], [ShowContentsInPage], [ShowCategoriesInPage], [IsManset], [SpotTitle], [ContentSourceId], [SourceLink], [ViewCount], [CommentCount], [RecommendCount], [Id], [InsertDate], [InsertUserId], [UpdateDate], [UpdateUserId], [Visible], [OrderNo], [LikeIt], [Picture2]) values ('Content', 'Sugar', '', '', '', '00001,00006', '1', '1', '2011-11-21 16:14', '/UserFiles/Images/moda/Sugar/sugar1.jpg', 'Blank Blue', '', '6', '', '', '', '0', '', '0', '', '0', '0', '0', '64', '2011-11-21 16:14', '1', '2011-11-29 22:51', '1', '1', '0', '0', '');
insert into [content] ([ClassName], [Title], [Description], [Keywords], [Metin], [Hierarchy], [AuthorId], [SourceId], [PublishDate], [Picture], [Tags], [TagRanks], [CategoryId], [ShowInPage], [ShowContentsInPage], [ShowCategoriesInPage], [IsManset], [SpotTitle], [ContentSourceId], [SourceLink], [ViewCount], [CommentCount], [RecommendCount], [Id], [InsertDate], [InsertUserId], [UpdateDate], [UpdateUserId], [Visible], [OrderNo], [LikeIt], [Picture2]) values ('Content', 'intro', '', '', '', '00001', '1', '1', '2011-11-21 16:30', '', 'photo', '', '1', '', '', '', '0', 'TC', '0', '', '0', '0', '0', '65', '2011-11-21 16:31', '1', '2011-11-21 16:31', '1', '0', '0', '0', null);
insert into [content] ([ClassName], [Title], [Description], [Keywords], [Metin], [Hierarchy], [AuthorId], [SourceId], [PublishDate], [Picture], [Tags], [TagRanks], [CategoryId], [ShowInPage], [ShowContentsInPage], [ShowCategoriesInPage], [IsManset], [SpotTitle], [ContentSourceId], [SourceLink], [ViewCount], [CommentCount], [RecommendCount], [Id], [InsertDate], [InsertUserId], [UpdateDate], [UpdateUserId], [Visible], [OrderNo], [LikeIt], [Picture2]) values ('Content', 'Red Beauty', '', '', 'Fashion often presents us with other worlds and alternative realities, but design duo Viktor Horsting and Rolf Snoeren have created their own galaxy for autumn/winter 2011. In it, scarlet-faced warrior queens march out to do battle, in preparation for a war against beauty, to a soundtrack of ratcheting drumbeats and soaring strings.\n\n"We were compelled to create an army," they explain. "An army to battle for beauty. A crusade to communicate our passion for fashion. What emerged is a sharp, graphic approach to tailoring; strong fabrics such as heavy felt, bonded suiting, sculpted leather and tuxedo wool were softened and crafted into pieces fit for our battlefield."\nIn this exclusive film for AnOther, director KT Auleta captured models as they exited from backstage onto the catwalk in Paris last month, and focused on the dramatic red visages created for the show by make-up artist Pat McGrath. "This developed alongside the concept of the show," the designers add, "which was Battle for the Sun. Pat is always able to translate a concept into a real, beautiful reality."\n\nFrom shimmering, iridescent cheekbones to shaded eye sockets and feathered, flicking lashes, McGrath''s red face-paint is more than merely a matte base; it is both textured and flat, characterful and homegeneous. And it suits the autumn/winter collection in its duality: these are clothes which are both strictly tailored and soft, graphically imposing yet whimsical in places.\n"We wanted the clothes to look like modern armour," says Viktor & Rolf. "Powerful silhouettes, fortified fabrics, bold colour contrasts and, above all else, triumphant beauty. We also wanted to illustrate a powerful facial statement that was aggressive yet beautiful at the same time."\n\nAn idiosyncratic list of juxtapositions from some of fashion''s most theatrical and paradoxical design talents, Viktor & Rolf embrace with open arms the more performative aspects of their shows – Russian Doll in 1999 saw model Maggie Rizer swaddled in layers of clothing so as to make her a human matrioshka, while autumn/winter 2001''s Black Hole collection featured models clad entirely in black and painted in the shade too with only their eyes burning out from the colourless void. Meanwhile, for autumn/winter 2008, wool coats came with stand-out, cartoon lettering that read ''NO'' ballooning from their shoulders like tacit speech bubbles. Triumphant beauty indeed.', '00001,00008', '2', '1', '2011-11-21 17:07', '', '', '', '8', '', '', '', '0', '', '0', '', '0', '0', '0', '66', '2011-11-21 17:08', '1', '2011-11-21 17:32', '1', '1', '0', '0', null);
insert into [content] ([ClassName], [Title], [Description], [Keywords], [Metin], [Hierarchy], [AuthorId], [SourceId], [PublishDate], [Picture], [Tags], [TagRanks], [CategoryId], [ShowInPage], [ShowContentsInPage], [ShowCategoriesInPage], [IsManset], [SpotTitle], [ContentSourceId], [SourceLink], [ViewCount], [CommentCount], [RecommendCount], [Id], [InsertDate], [InsertUserId], [UpdateDate], [UpdateUserId], [Visible], [OrderNo], [LikeIt], [Picture2]) values ('Content', 'Andie Loves me Not', 'Andie Loves me Not', '', '', '00001,00008', '3', '1', '2011-11-21 17:24', '/UserFiles/Images/city/city.jpg', '', '', '8', '', '', '', '0', '', '0', '', '0', '0', '0', '67', '2011-11-21 17:24', '1', '2011-12-01 18:07', '1', '1', '0', '0', '/UserFiles/Images/_author/bahar.jpg');
insert into [content] ([ClassName], [Title], [Description], [Keywords], [Metin], [Hierarchy], [AuthorId], [SourceId], [PublishDate], [Picture], [Tags], [TagRanks], [CategoryId], [ShowInPage], [ShowContentsInPage], [ShowCategoriesInPage], [IsManset], [SpotTitle], [ContentSourceId], [SourceLink], [ViewCount], [CommentCount], [RecommendCount], [Id], [InsertDate], [InsertUserId], [UpdateDate], [UpdateUserId], [Visible], [OrderNo], [LikeIt], [Picture2]) values ('Category', 'Categories', '', '', '', '00001', '1', '1', '2011-11-28 23:50', '', '', '', '1', '', '', '', '0', '', '0', '', '0', '0', '0', '68', '2011-11-28 23:51', '1', '2011-11-28 23:51', '1', '1', '0', '0', '');
CREATE TABLE [contentlang](
	[ContentId] integer NOT NULL,
	[LangId] integer NOT NULL,
	[Title] varchar(200) NOT NULL COLLATE NOCASE,
	[Description] text COLLATE NOCASE,
	[Metin] text COLLATE NOCASE,
	[Picture] varchar(100) COLLATE NOCASE,
	[SpotTitle] varchar(200) COLLATE NOCASE,
	[Id] integer NOT NULL PRIMARY KEY AUTOINCREMENT,
	[InsertDate] datetime NOT NULL DEFAULT '1990-01-01 00:00:00',
	[InsertUserId] integer,
	[UpdateDate] datetime,
	[UpdateUserId] integer,
	[Visible] boolean NOT NULL DEFAULT '1',
	[OrderNo] integer);

CREATE TABLE [contentpicture](
	[ContentId] integer,
	[Title] varchar(200) COLLATE NOCASE,
	[Description] varchar(300) COLLATE NOCASE,
	[FileName] varchar(100) NOT NULL COLLATE NOCASE,
	[Id] integer NOT NULL PRIMARY KEY AUTOINCREMENT,
	[InsertDate] datetime NOT NULL DEFAULT '1990-01-01 00:00:00',
	[InsertUserId] integer,
	[UpdateDate] datetime,
	[UpdateUserId] integer,
	[Visible] boolean NOT NULL DEFAULT '1',
	[OrderNo] integer,
	[TagData] text COLLATE NOCASE,
	[LikeIt] integer DEFAULT 0);
CREATE INDEX `ContentPicture_ContentIdOrderNo` ON `contentpicture` (`ContentId`,`OrderNo`);

insert into [contentpicture] ([ContentId], [Title], [Description], [FileName], [Id], [InsertDate], [InsertUserId], [UpdateDate], [UpdateUserId], [Visible], [OrderNo], [TagData], [LikeIt]) values ('5', '', '', '/UserFiles/Images/moda/Chrysanthemum.jpg', '14', '2011-11-11 17:16', '1', '2011-11-16 18:39', '1', '1', '0', '', '1');
insert into [contentpicture] ([ContentId], [Title], [Description], [FileName], [Id], [InsertDate], [InsertUserId], [UpdateDate], [UpdateUserId], [Visible], [OrderNo], [TagData], [LikeIt]) values ('5', '', '', '/UserFiles/Images/moda/Desert.jpg', '15', '2011-11-11 17:16', '1', '2011-11-11 17:16', '1', '1', '0', '', '0');
insert into [contentpicture] ([ContentId], [Title], [Description], [FileName], [Id], [InsertDate], [InsertUserId], [UpdateDate], [UpdateUserId], [Visible], [OrderNo], [TagData], [LikeIt]) values ('5', '', '', '/UserFiles/Images/moda/Hydrangeas.jpg', '16', '2011-11-11 17:16', '1', '2011-11-21 18:27', '3', '1', '0', '', '2');
insert into [contentpicture] ([ContentId], [Title], [Description], [FileName], [Id], [InsertDate], [InsertUserId], [UpdateDate], [UpdateUserId], [Visible], [OrderNo], [TagData], [LikeIt]) values ('5', '', '', '/UserFiles/Images/moda/moda_orj.jpg', '17', '2011-11-11 17:16', '1', '2011-11-11 17:27', '3', '1', '0', '', '1');
insert into [contentpicture] ([ContentId], [Title], [Description], [FileName], [Id], [InsertDate], [InsertUserId], [UpdateDate], [UpdateUserId], [Visible], [OrderNo], [TagData], [LikeIt]) values ('5', '', '', '/UserFiles/Images/moda/Penguins.jpg', '18', '2011-11-11 17:16', '1', '2011-11-11 17:16', '1', '1', '0', '', '0');
insert into [contentpicture] ([ContentId], [Title], [Description], [FileName], [Id], [InsertDate], [InsertUserId], [UpdateDate], [UpdateUserId], [Visible], [OrderNo], [TagData], [LikeIt]) values ('4', '', '', '/UserFiles/Images/beauty/beauty.jpg', '19', '2011-11-11 17:16', '1', '2011-11-11 17:16', '1', '1', '0', '', '0');
insert into [contentpicture] ([ContentId], [Title], [Description], [FileName], [Id], [InsertDate], [InsertUserId], [UpdateDate], [UpdateUserId], [Visible], [OrderNo], [TagData], [LikeIt]) values ('4', '', '', '/UserFiles/Images/city/city.jpg', '20', '2011-11-11 17:16', '1', '2011-11-11 17:16', '1', '1', '0', '', '0');
insert into [contentpicture] ([ContentId], [Title], [Description], [FileName], [Id], [InsertDate], [InsertUserId], [UpdateDate], [UpdateUserId], [Visible], [OrderNo], [TagData], [LikeIt]) values ('4', '', '', '/UserFiles/Images/_upload/2011/11/2/Amsterdam_398.jpg', '21', '2011-11-11 17:17', '1', '2011-11-23 19:33', '1', '1', '0', '', '1');
insert into [contentpicture] ([ContentId], [Title], [Description], [FileName], [Id], [InsertDate], [InsertUserId], [UpdateDate], [UpdateUserId], [Visible], [OrderNo], [TagData], [LikeIt]) values ('4', '', '', '/UserFiles/Images/_upload/2011/11/2/Bahar''in_ilk_yazisi_547.jpg', '22', '2011-11-11 17:17', '1', '2011-11-11 17:17', '1', '1', '0', '', '0');
insert into [contentpicture] ([ContentId], [Title], [Description], [FileName], [Id], [InsertDate], [InsertUserId], [UpdateDate], [UpdateUserId], [Visible], [OrderNo], [TagData], [LikeIt]) values ('4', '', '', '/UserFiles/Images/_upload/2011/11/2/Barcelona_294.jpg', '23', '2011-11-11 17:17', '1', '2011-11-11 17:17', '1', '1', '0', '', '0');
insert into [contentpicture] ([ContentId], [Title], [Description], [FileName], [Id], [InsertDate], [InsertUserId], [UpdateDate], [UpdateUserId], [Visible], [OrderNo], [TagData], [LikeIt]) values ('4', '', '', '/UserFiles/Images/_upload/2011/11/2/Ezginin_Gunlugu_442.jpg', '24', '2011-11-11 17:17', '1', '2011-11-18 19:09', '3', '1', '0', '', '1');
insert into [contentpicture] ([ContentId], [Title], [Description], [FileName], [Id], [InsertDate], [InsertUserId], [UpdateDate], [UpdateUserId], [Visible], [OrderNo], [TagData], [LikeIt]) values ('4', '', '', '/UserFiles/Images/_upload/2011/11/2/Hakkari_950.jpg', '25', '2011-11-11 17:17', '1', '2011-11-11 17:53', '1', '1', '0', '[{"x":351,"y":352,"tag":"100 TL","text":"Hakkari Lalesi","url":""},{"x":593,"y":183,"tag":"25 TL","text":"Ağrı Dağı","url":""}]', '0');
insert into [contentpicture] ([ContentId], [Title], [Description], [FileName], [Id], [InsertDate], [InsertUserId], [UpdateDate], [UpdateUserId], [Visible], [OrderNo], [TagData], [LikeIt]) values ('4', '', '', '/UserFiles/Images/_upload/2011/11/2/Kus_Cenneti_917.jpg', '26', '2011-11-11 17:17', '1', '2011-11-11 17:17', '1', '1', '0', '', '0');
insert into [contentpicture] ([ContentId], [Title], [Description], [FileName], [Id], [InsertDate], [InsertUserId], [UpdateDate], [UpdateUserId], [Visible], [OrderNo], [TagData], [LikeIt]) values ('4', '', '', '/UserFiles/Images/_upload/2011/11/2/Madrid_589.jpg', '27', '2011-11-11 17:17', '1', '2011-11-11 17:46', '1', '1', '0', '', '1');
insert into [contentpicture] ([ContentId], [Title], [Description], [FileName], [Id], [InsertDate], [InsertUserId], [UpdateDate], [UpdateUserId], [Visible], [OrderNo], [TagData], [LikeIt]) values ('4', '', '', '/UserFiles/Images/_upload/2011/11/2/Milano_260.jpg', '28', '2011-11-11 17:17', '1', '2011-11-16 17:27', '1', '1', '0', '', '1');
insert into [contentpicture] ([ContentId], [Title], [Description], [FileName], [Id], [InsertDate], [InsertUserId], [UpdateDate], [UpdateUserId], [Visible], [OrderNo], [TagData], [LikeIt]) values ('4', '', '', '/UserFiles/Images/_upload/2011/11/2/New_York_150.jpg', '29', '2011-11-11 17:17', '1', '2011-11-16 17:26', '1', '1', '0', '', '1');
insert into [contentpicture] ([ContentId], [Title], [Description], [FileName], [Id], [InsertDate], [InsertUserId], [UpdateDate], [UpdateUserId], [Visible], [OrderNo], [TagData], [LikeIt]) values ('4', '', '', '/UserFiles/Images/_upload/2011/11/2/Paris_62.jpg', '30', '2011-11-11 17:17', '1', '2011-11-16 17:26', '1', '1', '0', '', '1');
insert into [contentpicture] ([ContentId], [Title], [Description], [FileName], [Id], [InsertDate], [InsertUserId], [UpdateDate], [UpdateUserId], [Visible], [OrderNo], [TagData], [LikeIt]) values ('4', '', '', '/UserFiles/Images/_upload/2011/11/2/Surdan_burdan_444.jpg', '31', '2011-11-11 17:17', '1', '2011-11-21 18:32', '3', '1', '0', '', '7');
insert into [contentpicture] ([ContentId], [Title], [Description], [FileName], [Id], [InsertDate], [InsertUserId], [UpdateDate], [UpdateUserId], [Visible], [OrderNo], [TagData], [LikeIt]) values ('4', '', '', '/UserFiles/Images/_upload/2011/11/2/Yeni_Turku_137.jpg', '33', '2011-11-11 17:17', '1', '2011-11-11 17:46', '1', '1', '0', '', '1');
insert into [contentpicture] ([ContentId], [Title], [Description], [FileName], [Id], [InsertDate], [InsertUserId], [UpdateDate], [UpdateUserId], [Visible], [OrderNo], [TagData], [LikeIt]) values ('61', '', '', '/UserFiles/Images/moda/one_from_the_heart/1.jpg', '69', '2011-11-19 19:31', '1', '2011-11-19 19:31', '1', '1', '0', '', '0');
insert into [contentpicture] ([ContentId], [Title], [Description], [FileName], [Id], [InsertDate], [InsertUserId], [UpdateDate], [UpdateUserId], [Visible], [OrderNo], [TagData], [LikeIt]) values ('61', '', '', '/UserFiles/Images/moda/one_from_the_heart/2.jpg', '70', '2011-11-19 19:31', '1', '2011-11-21 00:56', '1', '1', '0', '[{"x":205,"y":205,"tag":"40 TL","text":"Benetton Gözlük","url":"http://www.benetton.com"}]', '0');
insert into [contentpicture] ([ContentId], [Title], [Description], [FileName], [Id], [InsertDate], [InsertUserId], [UpdateDate], [UpdateUserId], [Visible], [OrderNo], [TagData], [LikeIt]) values ('61', '', '', '/UserFiles/Images/moda/one_from_the_heart/1.jpg', '71', '2011-11-19 19:31', '1', '2011-11-19 19:31', '1', '1', '0', '', '0');
insert into [contentpicture] ([ContentId], [Title], [Description], [FileName], [Id], [InsertDate], [InsertUserId], [UpdateDate], [UpdateUserId], [Visible], [OrderNo], [TagData], [LikeIt]) values ('61', '', '', '/UserFiles/Images/moda/one_from_the_heart/2.jpg', '72', '2011-11-19 19:31', '1', '2011-11-19 19:31', '1', '1', '0', '', '0');
insert into [contentpicture] ([ContentId], [Title], [Description], [FileName], [Id], [InsertDate], [InsertUserId], [UpdateDate], [UpdateUserId], [Visible], [OrderNo], [TagData], [LikeIt]) values ('61', '', '', '/UserFiles/Images/moda/one_from_the_heart/1.jpg', '73', '2011-11-19 19:31', '1', '2011-11-19 19:31', '1', '1', '0', '', '0');
insert into [contentpicture] ([ContentId], [Title], [Description], [FileName], [Id], [InsertDate], [InsertUserId], [UpdateDate], [UpdateUserId], [Visible], [OrderNo], [TagData], [LikeIt]) values ('61', '', '', '/UserFiles/Images/moda/one_from_the_heart/2.jpg', '74', '2011-11-19 19:31', '1', '2011-11-19 19:31', '1', '1', '0', '', '0');
insert into [contentpicture] ([ContentId], [Title], [Description], [FileName], [Id], [InsertDate], [InsertUserId], [UpdateDate], [UpdateUserId], [Visible], [OrderNo], [TagData], [LikeIt]) values ('62', '', '', '/UserFiles/468.jpg', '75', '2011-11-21 15:23', '1', '2011-11-21 15:23', '1', '1', '0', '', '0');
insert into [contentpicture] ([ContentId], [Title], [Description], [FileName], [Id], [InsertDate], [InsertUserId], [UpdateDate], [UpdateUserId], [Visible], [OrderNo], [TagData], [LikeIt]) values ('62', '', '', '/UserFiles/Images/moda/old_fashion/1.jpg', '77', '2011-11-21 15:24', '1', '2011-11-21 15:24', '1', '1', '0', '', '0');
insert into [contentpicture] ([ContentId], [Title], [Description], [FileName], [Id], [InsertDate], [InsertUserId], [UpdateDate], [UpdateUserId], [Visible], [OrderNo], [TagData], [LikeIt]) values ('62', '', '', '/UserFiles/Images/moda/old_fashion/7.jpg', '78', '2011-11-21 15:25', '1', '2011-11-23 19:20', '1', '1', '0', '', '1');
insert into [contentpicture] ([ContentId], [Title], [Description], [FileName], [Id], [InsertDate], [InsertUserId], [UpdateDate], [UpdateUserId], [Visible], [OrderNo], [TagData], [LikeIt]) values ('62', '', '', '/UserFiles/Images/moda/old_fashion/5.jpg', '79', '2011-11-21 15:25', '1', '2011-11-23 19:20', '1', '1', '0', '', '1');
insert into [contentpicture] ([ContentId], [Title], [Description], [FileName], [Id], [InsertDate], [InsertUserId], [UpdateDate], [UpdateUserId], [Visible], [OrderNo], [TagData], [LikeIt]) values ('62', '', '', '/UserFiles/Images/moda/old_fashion/3.jpg', '80', '2011-11-21 15:25', '1', '2011-11-21 15:27', '1', '1', '0', '[{"x":157,"y":266,"tag":"495TL","text":"Cassetta","url":"http://www.casetta.com"}]', '0');
insert into [contentpicture] ([ContentId], [Title], [Description], [FileName], [Id], [InsertDate], [InsertUserId], [UpdateDate], [UpdateUserId], [Visible], [OrderNo], [TagData], [LikeIt]) values ('62', '', '', '/UserFiles/Images/moda/old_fashion/4.jpg', '81', '2011-11-21 15:34', '1', '2011-11-21 15:34', '1', '1', '0', '', '0');
insert into [contentpicture] ([ContentId], [Title], [Description], [FileName], [Id], [InsertDate], [InsertUserId], [UpdateDate], [UpdateUserId], [Visible], [OrderNo], [TagData], [LikeIt]) values ('62', '', '', '/UserFiles/Images/moda/old_fashion/1052.jpg', '82', '2011-11-21 15:40', '1', '2011-11-23 19:17', '1', '1', '0', '[{"x":340,"y":618,"tag":"255","text":"gggg","url":"hhhh"}]', '0');
insert into [contentpicture] ([ContentId], [Title], [Description], [FileName], [Id], [InsertDate], [InsertUserId], [UpdateDate], [UpdateUserId], [Visible], [OrderNo], [TagData], [LikeIt]) values ('63', '', '', '/UserFiles/Images/moda/Big_City_Life/57026-800w.jpg', '83', '2011-11-21 15:46', '1', '2011-11-21 15:46', '1', '1', '0', '', '0');
insert into [contentpicture] ([ContentId], [Title], [Description], [FileName], [Id], [InsertDate], [InsertUserId], [UpdateDate], [UpdateUserId], [Visible], [OrderNo], [TagData], [LikeIt]) values ('63', '', '', '/UserFiles/Images/moda/Big_City_Life/12.jpg', '84', '2011-11-21 16:11', '1', '2011-11-21 16:11', '1', '1', '0', '', '0');
insert into [contentpicture] ([ContentId], [Title], [Description], [FileName], [Id], [InsertDate], [InsertUserId], [UpdateDate], [UpdateUserId], [Visible], [OrderNo], [TagData], [LikeIt]) values ('63', '', '', '/UserFiles/Images/moda/Big_City_Life/13.jpg', '86', '2011-11-21 16:12', '1', '2011-11-23 19:13', '1', '1', '0', '[{"x":184,"y":172,"tag":"350TL","text":"Top Shop","url":"http:www.topshop.com"}]', '0');
insert into [contentpicture] ([ContentId], [Title], [Description], [FileName], [Id], [InsertDate], [InsertUserId], [UpdateDate], [UpdateUserId], [Visible], [OrderNo], [TagData], [LikeIt]) values ('64', '', '', '/UserFiles/sugar1.jpg', '87', '2011-11-21 16:25', '1', '2011-11-30 00:29', '1', '1', '0', '[{"x":129,"y":98,"tag":"aaa","text":"aaa","url":"aaa"}]', '1');
insert into [contentpicture] ([ContentId], [Title], [Description], [FileName], [Id], [InsertDate], [InsertUserId], [UpdateDate], [UpdateUserId], [Visible], [OrderNo], [TagData], [LikeIt]) values ('64', '', '', '/UserFiles/Images/moda/Sugar/sugar2.jpg', '88', '2011-11-21 16:26', '1', '2011-11-21 17:02', '1', '1', '0', '[{"x":358,"y":203,"tag":"299 TL","text":"blunn","url":"http://www.blunn.com"}]', '0');
insert into [contentpicture] ([ContentId], [Title], [Description], [FileName], [Id], [InsertDate], [InsertUserId], [UpdateDate], [UpdateUserId], [Visible], [OrderNo], [TagData], [LikeIt]) values ('64', '', '', '/UserFiles/Images/moda/Sugar/sugar3.jpg', '89', '2011-11-21 16:26', '1', '2011-11-21 16:26', '1', '1', '0', '', '0');
insert into [contentpicture] ([ContentId], [Title], [Description], [FileName], [Id], [InsertDate], [InsertUserId], [UpdateDate], [UpdateUserId], [Visible], [OrderNo], [TagData], [LikeIt]) values ('64', '', '', '/UserFiles/Images/moda/Sugar/sugar4.jpg', '90', '2011-11-21 16:27', '1', '2011-11-24 10:44', '1', '1', '0', '[{"x":259,"y":147,"tag":"20 TL","text":"selam","url":"denem"}]', '0');
insert into [contentpicture] ([ContentId], [Title], [Description], [FileName], [Id], [InsertDate], [InsertUserId], [UpdateDate], [UpdateUserId], [Visible], [OrderNo], [TagData], [LikeIt]) values ('19', '', '', '/UserFiles/Images/people/people.jpg', '91', '2011-11-21 16:37', '1', '2011-11-21 16:37', '1', '1', '0', '', '0');
insert into [contentpicture] ([ContentId], [Title], [Description], [FileName], [Id], [InsertDate], [InsertUserId], [UpdateDate], [UpdateUserId], [Visible], [OrderNo], [TagData], [LikeIt]) values ('19', '', '', '/UserFiles/Images/people/people1.jpg', '92', '2011-11-21 16:40', '1', '2011-11-21 16:40', '1', '1', '0', '', '0');
insert into [contentpicture] ([ContentId], [Title], [Description], [FileName], [Id], [InsertDate], [InsertUserId], [UpdateDate], [UpdateUserId], [Visible], [OrderNo], [TagData], [LikeIt]) values ('19', '', '', '/UserFiles/Images/people/people3.jpg', '93', '2011-11-21 16:40', '1', '2011-11-21 16:40', '1', '1', '0', '', '0');
insert into [contentpicture] ([ContentId], [Title], [Description], [FileName], [Id], [InsertDate], [InsertUserId], [UpdateDate], [UpdateUserId], [Visible], [OrderNo], [TagData], [LikeIt]) values ('19', '', 'lkjd ldjf ldsjkf', '/UserFiles/Images/people/people4.jpg', '94', '2011-11-21 16:40', '1', '2011-12-01 17:38', '1', '1', '0', '', '1');
insert into [contentpicture] ([ContentId], [Title], [Description], [FileName], [Id], [InsertDate], [InsertUserId], [UpdateDate], [UpdateUserId], [Visible], [OrderNo], [TagData], [LikeIt]) values ('19', '', '', '/UserFiles/Images/people/people5.jpg', '95', '2011-11-21 16:43', '1', '2011-11-21 16:43', '1', '1', '0', '', '0');
insert into [contentpicture] ([ContentId], [Title], [Description], [FileName], [Id], [InsertDate], [InsertUserId], [UpdateDate], [UpdateUserId], [Visible], [OrderNo], [TagData], [LikeIt]) values ('19', '', '', '/UserFiles/Images/people/people6.jpg', '96', '2011-11-21 16:43', '1', '2011-11-21 16:43', '1', '1', '0', '', '0');
insert into [contentpicture] ([ContentId], [Title], [Description], [FileName], [Id], [InsertDate], [InsertUserId], [UpdateDate], [UpdateUserId], [Visible], [OrderNo], [TagData], [LikeIt]) values ('19', '', 'uf kshdjfkhasf askdjhf sdf', '/UserFiles/Images/people/people7.jpg', '97', '2011-11-21 16:44', '1', '2011-11-23 20:09', '1', '1', '0', '', '0');
insert into [contentpicture] ([ContentId], [Title], [Description], [FileName], [Id], [InsertDate], [InsertUserId], [UpdateDate], [UpdateUserId], [Visible], [OrderNo], [TagData], [LikeIt]) values ('65', '', '', '/UserFiles/intro/images/back1.jpg', '98', '2011-11-21 16:44', '1', '2011-11-21 16:44', '1', '1', '0', '', '0');
insert into [contentpicture] ([ContentId], [Title], [Description], [FileName], [Id], [InsertDate], [InsertUserId], [UpdateDate], [UpdateUserId], [Visible], [OrderNo], [TagData], [LikeIt]) values ('65', '', '', '/UserFiles/intro/images/back2.jpg', '99', '2011-11-21 16:44', '1', '2011-11-21 16:44', '1', '1', '0', '', '0');
insert into [contentpicture] ([ContentId], [Title], [Description], [FileName], [Id], [InsertDate], [InsertUserId], [UpdateDate], [UpdateUserId], [Visible], [OrderNo], [TagData], [LikeIt]) values ('65', 'Micheal Jackson', '', '/UserFiles/intro/music/music1.mp3', '100', '2011-11-21 16:44', '1', '2011-11-21 17:18', '1', '1', '0', '', '0');
insert into [contentpicture] ([ContentId], [Title], [Description], [FileName], [Id], [InsertDate], [InsertUserId], [UpdateDate], [UpdateUserId], [Visible], [OrderNo], [TagData], [LikeIt]) values ('65', '', '', '/UserFiles/sugar1.jpg', '101', '2011-11-21 17:15', '1', '2011-11-21 17:15', '1', '1', '0', '', '0');
insert into [contentpicture] ([ContentId], [Title], [Description], [FileName], [Id], [InsertDate], [InsertUserId], [UpdateDate], [UpdateUserId], [Visible], [OrderNo], [TagData], [LikeIt]) values ('65', 'deneme 2', '', '/UserFiles/intro/music/music1.mp3', '102', '2011-11-21 17:19', '1', '2011-11-21 17:19', '1', '1', '0', '', '0');
insert into [contentpicture] ([ContentId], [Title], [Description], [FileName], [Id], [InsertDate], [InsertUserId], [UpdateDate], [UpdateUserId], [Visible], [OrderNo], [TagData], [LikeIt]) values ('66', '', '', '/UserFiles/andi.jpg', '103', '2011-11-21 17:31', '1', '2011-11-21 17:31', '1', '1', '0', '', '0');
insert into [contentpicture] ([ContentId], [Title], [Description], [FileName], [Id], [InsertDate], [InsertUserId], [UpdateDate], [UpdateUserId], [Visible], [OrderNo], [TagData], [LikeIt]) values ('66', '', '', '/UserFiles/girl.jpg', '104', '2011-11-21 17:31', '1', '2011-11-21 17:31', '1', '1', '0', '', '0');
insert into [contentpicture] ([ContentId], [Title], [Description], [FileName], [Id], [InsertDate], [InsertUserId], [UpdateDate], [UpdateUserId], [Visible], [OrderNo], [TagData], [LikeIt]) values ('67', '', '', '/UserFiles/468.jpg', '105', '2011-12-01 17:12', '1', '2011-12-01 17:12', '1', '1', '0', '', '0');
insert into [contentpicture] ([ContentId], [Title], [Description], [FileName], [Id], [InsertDate], [InsertUserId], [UpdateDate], [UpdateUserId], [Visible], [OrderNo], [TagData], [LikeIt]) values ('67', '', '', '/UserFiles/andi.jpg', '106', '2011-12-01 17:12', '1', '2011-12-01 17:12', '1', '1', '0', '', '0');
insert into [contentpicture] ([ContentId], [Title], [Description], [FileName], [Id], [InsertDate], [InsertUserId], [UpdateDate], [UpdateUserId], [Visible], [OrderNo], [TagData], [LikeIt]) values ('67', '', '', '/UserFiles/girl.jpg', '107', '2011-12-01 17:12', '1', '2011-12-01 17:12', '1', '1', '0', '', '0');
insert into [contentpicture] ([ContentId], [Title], [Description], [FileName], [Id], [InsertDate], [InsertUserId], [UpdateDate], [UpdateUserId], [Visible], [OrderNo], [TagData], [LikeIt]) values ('67', '', '', '/UserFiles/sugar1.jpg', '108', '2011-12-01 17:12', '1', '2011-12-01 17:12', '1', '1', '0', '', '0');
CREATE TABLE [contentsource](
	[Name] varchar(50) NOT NULL COLLATE NOCASE,
	[SourceId] integer NOT NULL,
	[CategoryId] integer,
	[AuthorId] integer,
	[ClassName] varchar(100) NOT NULL COLLATE NOCASE,
	[ListPageAddress] varchar(200) NOT NULL COLLATE NOCASE,
	[ListRegExp] text COLLATE NOCASE,
	[ContentRegExp] text COLLATE NOCASE,
	[Encoding] varchar(100) COLLATE NOCASE,
	[FetchFrequency] integer NOT NULL DEFAULT 180,
	[LastFetched] datetime,
	[LastFetchTrial] datetime,
	[Id] integer NOT NULL PRIMARY KEY AUTOINCREMENT,
	[InsertDate] datetime NOT NULL DEFAULT '1990-01-01 00:00:00',
	[InsertUserId] integer,
	[UpdateDate] datetime,
	[UpdateUserId] integer,
	[Visible] boolean NOT NULL DEFAULT '1',
	[OrderNo] integer);

CREATE TABLE [contenttag](
	[ContentId] integer NOT NULL,
	[TagId] integer NOT NULL,
	[Rank] integer NOT NULL DEFAULT 0,
	[Id] integer NOT NULL PRIMARY KEY AUTOINCREMENT,
	[InsertDate] datetime NOT NULL DEFAULT '1990-01-01 00:00:00',
	[InsertUserId] integer,
	[UpdateDate] datetime,
	[UpdateUserId] integer,
	[Visible] boolean NOT NULL DEFAULT '1',
	[OrderNo] integer);
CREATE INDEX `ContentTag_ContentIdTagId` ON `contenttag` (`ContentId`,`TagId`);

insert into [contenttag] ([ContentId], [TagId], [Rank], [Id], [InsertDate], [InsertUserId], [UpdateDate], [UpdateUserId], [Visible], [OrderNo]) values ('14', '1', '0', '1', '2011-10-28 20:22', '1', '2011-10-28 20:22', '1', '1', '0');
insert into [contenttag] ([ContentId], [TagId], [Rank], [Id], [InsertDate], [InsertUserId], [UpdateDate], [UpdateUserId], [Visible], [OrderNo]) values ('29', '2', '0', '2', '2011-10-30 16:35', '1', '2011-10-30 16:35', '1', '1', '0');
insert into [contenttag] ([ContentId], [TagId], [Rank], [Id], [InsertDate], [InsertUserId], [UpdateDate], [UpdateUserId], [Visible], [OrderNo]) values ('30', '3', '0', '3', '2011-10-30 16:36', '1', '2011-10-30 16:36', '1', '1', '0');
insert into [contenttag] ([ContentId], [TagId], [Rank], [Id], [InsertDate], [InsertUserId], [UpdateDate], [UpdateUserId], [Visible], [OrderNo]) values ('11', '1', '0', '5', '2011-10-30 16:40', '1', '2011-10-30 16:40', '1', '1', '0');
insert into [contenttag] ([ContentId], [TagId], [Rank], [Id], [InsertDate], [InsertUserId], [UpdateDate], [UpdateUserId], [Visible], [OrderNo]) values ('18', '1', '0', '6', '2011-10-30 16:41', '1', '2011-10-30 16:41', '1', '1', '0');
insert into [contenttag] ([ContentId], [TagId], [Rank], [Id], [InsertDate], [InsertUserId], [UpdateDate], [UpdateUserId], [Visible], [OrderNo]) values ('13', '5', '0', '7', '2011-11-02 17:15', '1', '2011-11-02 17:15', '1', '1', '0');
insert into [contenttag] ([ContentId], [TagId], [Rank], [Id], [InsertDate], [InsertUserId], [UpdateDate], [UpdateUserId], [Visible], [OrderNo]) values ('19', '6', '0', '8', '2011-11-02 17:21', '1', '2011-11-02 17:21', '1', '1', '0');
insert into [contenttag] ([ContentId], [TagId], [Rank], [Id], [InsertDate], [InsertUserId], [UpdateDate], [UpdateUserId], [Visible], [OrderNo]) values ('41', '7', '0', '9', '2011-11-02 18:37', '1', '2011-11-02 18:37', '1', '1', '0');
insert into [contenttag] ([ContentId], [TagId], [Rank], [Id], [InsertDate], [InsertUserId], [UpdateDate], [UpdateUserId], [Visible], [OrderNo]) values ('40', '8', '0', '10', '2011-11-02 18:38', '1', '2011-11-02 18:38', '1', '1', '0');
insert into [contenttag] ([ContentId], [TagId], [Rank], [Id], [InsertDate], [InsertUserId], [UpdateDate], [UpdateUserId], [Visible], [OrderNo]) values ('64', '9', '0', '11', '2011-11-29 22:51', '1', '2011-11-29 22:51', '1', '1', '0');
insert into [contenttag] ([ContentId], [TagId], [Rank], [Id], [InsertDate], [InsertUserId], [UpdateDate], [UpdateUserId], [Visible], [OrderNo]) values ('63', '9', '0', '12', '2011-12-01 15:25', '1', '2011-12-01 15:25', '1', '1', '0');
insert into [contenttag] ([ContentId], [TagId], [Rank], [Id], [InsertDate], [InsertUserId], [UpdateDate], [UpdateUserId], [Visible], [OrderNo]) values ('61', '10', '0', '13', '2011-12-01 15:25', '1', '2011-12-01 15:25', '1', '1', '0');
insert into [contenttag] ([ContentId], [TagId], [Rank], [Id], [InsertDate], [InsertUserId], [UpdateDate], [UpdateUserId], [Visible], [OrderNo]) values ('62', '10', '0', '14', '2011-12-01 15:26', '1', '2011-12-01 15:26', '1', '1', '0');
CREATE TABLE [lang](
	[Code] varchar(100) NOT NULL COLLATE NOCASE,
	[Name] varchar(100) NOT NULL COLLATE NOCASE,
	[Id] integer NOT NULL PRIMARY KEY AUTOINCREMENT,
	[InsertDate] datetime NOT NULL DEFAULT '1990-01-01 00:00:00',
	[InsertUserId] integer,
	[UpdateDate] datetime,
	[UpdateUserId] integer,
	[Visible] boolean NOT NULL DEFAULT '1',
	[OrderNo] integer);

insert into [lang] ([Code], [Name], [Id], [InsertDate], [InsertUserId], [UpdateDate], [UpdateUserId], [Visible], [OrderNo]) values ('tr-TR', 'Türkçe', '1', '1990-01-01 00:00', null, null, null, '1', null);
CREATE TABLE [log](
	[LogType] varchar(100) NOT NULL COLLATE NOCASE,
	[Category] varchar(100) NOT NULL COLLATE NOCASE,
	[Description] text NOT NULL COLLATE NOCASE,
	[Id] integer NOT NULL PRIMARY KEY AUTOINCREMENT,
	[InsertDate] datetime NOT NULL DEFAULT '1990-01-01 00:00:00',
	[InsertUserId] integer,
	[UpdateDate] datetime,
	[UpdateUserId] integer,
	[Visible] boolean NOT NULL DEFAULT '1',
	[OrderNo] integer);

insert into [log] ([LogType], [Category], [Description], [Id], [InsertDate], [InsertUserId], [UpdateDate], [UpdateUserId], [Visible], [OrderNo]) values ('Notice', 'Subscribe', 'bulentkeskin@gmail.com', '3', '2011-11-15 23:39', '3', '2011-11-15 23:39', '3', '1', '0');
insert into [log] ([LogType], [Category], [Description], [Id], [InsertDate], [InsertUserId], [UpdateDate], [UpdateUserId], [Visible], [OrderNo]) values ('Notice', 'Subscribe', 'minyaturist@gmail.com', '4', '2011-11-15 23:42', '1', '2011-11-15 23:42', '1', '1', '0');
insert into [log] ([LogType], [Category], [Description], [Id], [InsertDate], [InsertUserId], [UpdateDate], [UpdateUserId], [Visible], [OrderNo]) values ('Notice', 'Subscribe', 'deneme@bes.com', '5', '2011-11-15 23:55', '1', '2011-11-15 23:55', '1', '1', '0');
insert into [log] ([LogType], [Category], [Description], [Id], [InsertDate], [InsertUserId], [UpdateDate], [UpdateUserId], [Visible], [OrderNo]) values ('Notice', 'Subscribe', 'dene-me.bir@bes.com.tr.tc', '6', '2011-11-15 23:55', '1', '2011-11-15 23:55', '1', '1', '0');
insert into [log] ([LogType], [Category], [Description], [Id], [InsertDate], [InsertUserId], [UpdateDate], [UpdateUserId], [Visible], [OrderNo]) values ('Notice', 'Subscribe', 'ali@veli.com', '7', '2011-11-09 00:00', '1', '2011-11-09 00:00', '1', '1', '0');
insert into [log] ([LogType], [Category], [Description], [Id], [InsertDate], [InsertUserId], [UpdateDate], [UpdateUserId], [Visible], [OrderNo]) values ('Notice', 'Subscribe', 'yagmur.kali@artechin.com', '8', '2011-11-18 17:45', '3', '2011-11-18 17:45', '3', '1', '0');
insert into [log] ([LogType], [Category], [Description], [Id], [InsertDate], [InsertUserId], [UpdateDate], [UpdateUserId], [Visible], [OrderNo]) values ('Notice', 'Subscribe', 'yagmurkali1@hotmail.com', '9', '2011-11-21 17:52', '3', '2011-11-21 17:52', '3', '1', '0');
insert into [log] ([LogType], [Category], [Description], [Id], [InsertDate], [InsertUserId], [UpdateDate], [UpdateUserId], [Visible], [OrderNo]) values ('Notice', 'Subscribe', 'yagmurkali1@artechin.com', '10', '2011-11-23 18:49', '3', '2011-11-23 18:49', '3', '1', '0');
CREATE TABLE [module](
	[Id] integer NOT NULL PRIMARY KEY AUTOINCREMENT,
	[Template] varchar(20) NOT NULL COLLATE NOCASE,
	[Region] varchar(20) NOT NULL COLLATE NOCASE,
	[OrderNo] integer NOT NULL DEFAULT 0,
	[Name] varchar(30) NOT NULL COLLATE NOCASE,
	[CSS] text COLLATE NOCASE,
	[Details] text COLLATE NOCASE,
	[TopHtml] text COLLATE NOCASE,
	[BottomHtml] text COLLATE NOCASE,
	[ParentModuleId] integer NOT NULL DEFAULT 0,
	[CSSClass] varchar(100) COLLATE NOCASE,
	[UseCache] varchar(30) NOT NULL DEFAULT 'Default' COLLATE NOCASE,
	[CacheLifeTime] integer);

insert into [module] ([Id], [Template], [Region], [OrderNo], [Name], [CSS], [Details], [TopHtml], [BottomHtml], [ParentModuleId], [CSSClass], [UseCache], [CacheLifeTime]) values ('23', 'Default.aspx', 'Header', '0', 'StaticHtml', '#StaticHtml_23 {\n}\n\n#StaticHtml_23 .headerMenu { border-bottom:1px solid black}\n#StaticHtml_23 .tab {\n	border:1px solid black; \n	border-bottom:none;\n	float:right; \n	padding:2px 40px;\n	cursor:pointer;\n	margin-left:10px;\n}\n#StaticHtml_23 .search {\n}\n#StaticHtml_23 .subscribe {\n	background:black;\n	color:white;\n}\n#StaticHtml_23 #subscribeForm {\n    background: none repeat scroll 0 0 white;\n    border: 1px solid black;\n    height: 40px;\n    margin: 0px;\n    position: absolute;\n    top: 123px;\n    width: 200px;\n}\n#StaticHtml_23 #email {\n	border:1px solid black;\n	margin-top: 9px;\n}\n#StaticHtml_23 #btnGo {\n    background:black;\n    color:white;\n    border: 1px solid black;\n    width: 31px;\n}', 'Cinar.CMS.Serialization\nInnerHtml,1859,<a href="/Default.aspx"><img src="/UserFiles/Images/design/logo.jpg" border="0"/></a>\n\n<form id="subscribeForm" class="hideOnOut" style="display:none"  onsubmit="return subscribe(this)">\n<input id="email"/><input id="btnGo" type="submit" value="Go"/>\n</form>\n\n\n<div class="headerMenu">\n<img\n	src="/UserFiles/Images/design/casette_light.png"\n	onmouseover="this.src=''/UserFiles/Images/design/casette.png'';"\n	onmouseout="this.src=''/UserFiles/Images/design/casette_light.png'';"\n	style="float:left;cursor:pointer"\n	onclick="window.open(''/UserFiles/intro/player.html'',''player'',''location=0,status=0,scrollbars=0, width=350,height=210'')"\n	/>\n<div class="subscribe tab hideOnOutException" onclick="showSubscribe(this)">Subscribe <img src="/UserFiles/Images/design/ok_up.png"/></div>\n<div class="search tab" id="searchTab">Search</div>\n<div style="clear:both"></div>\n</div>\n\n<script>\ndocument.observe(''dom:loaded'', function(){\n	var sf = \$(''SearchForm_82'');\n	sf.hide();\n	var tab = \$(''searchTab'');\n	tab.on(''click'', function(){\n		sf.show();\n		sf.setStyle({left:tab.viewportOffset().left+5});\n		sf.down(''.searchText'').focus();\n	});\n	sf.down(''.searchText'').on(''blur'', function(){\n		sf.hide();\n	});\n});\n\nfunction showSubscribe(tab){\n	var form = \$(''subscribeForm'').setStyle({left:tab.viewportOffset().left-48});\n	form.toggle();\n}\nfunction subscribe(form){\n	form = \$(form);\n	var email = form.down(''#email'').value;\n	var reg = /^([A-Za-z0-9_\\-\\.])+\\@([A-Za-z0-9_\\-\\.])+\\.([A-Za-z]{2,4})\$/;\n	if(!reg.test(email)){\n		alert(''Invalid email address. Please correct.'');\n		return false;\n	}\n	var res = ajax({\n		url:''Subscribe.ashx?email=''+email,\n		isJSON:false,\n		noCache:true\n	});\n	if(res==''OK''){\n		alert(''Thanks for subscription'');\n		form.down(''#email'').value = '''';\n		form.hide();\n	}\n	else\n		alert(''Something went wrong, please try again later.'');\n	return false;\n}\n</script>LangId1,1,0InnerHtml1,0,LangId2,1,0InnerHtml2,0,LangId3,1,0InnerHtml3,0,Id,2,23Template,12,Default.aspxRegion,6,HeaderOrderNo,1,0Name,10,StaticHtmlCSS,692,#StaticHtml_23 {\n}\n\n#StaticHtml_23 .headerMenu { border-bottom:1px solid black}\n#StaticHtml_23 .tab {\n	border:1px solid black; \n	border-bottom:none;\n	float:right; \n	padding:2px 40px;\n	cursor:pointer;\n	margin-left:10px;\n}\n#StaticHtml_23 .search {\n}\n#StaticHtml_23 .subscribe {\n	background:black;\n	color:white;\n}\n#StaticHtml_23 #subscribeForm {\n    background: none repeat scroll 0 0 white;\n    border: 1px solid black;\n    height: 40px;\n    margin: 0px;\n    position: absolute;\n    top: 123px;\n    width: 200px;\n}\n#StaticHtml_23 #email {\n	border:1px solid black;\n	margin-top: 9px;\n}\n#StaticHtml_23 #btnGo {\n    background:black;\n    color:white;\n    border: 1px solid black;\n    width: 31px;\n}TopHtml,0,BottomHtml,0,ParentModuleId,1,0CSSClass,0,UseCache,7,DefaultCacheLifeTime,1,0', null, null, '0', null, 'Default', null);
insert into [module] ([Id], [Template], [Region], [OrderNo], [Name], [CSS], [Details], [TopHtml], [BottomHtml], [ParentModuleId], [CSSClass], [UseCache], [CacheLifeTime]) values ('24', 'Default.aspx', 'Footer', '0', 'StaticHtml', '#StaticHtml_24 {\n	margin-top:50px;\n}\n#StaticHtml_24 .footerInner {\n	border-top:1px solid black;\n	border-bottom:1px solid black;\n	text-align:center;\n	font-family: Spinnaker, tahoma;\n	padding:4px;\n	clear:both;\n	margin-top:10px;\n	margin-bottom:20px;\n}\n', 'Cinar.CMS.Serialization\nInnerHtml,1333,<p align="center">\n<a title="facebook" onclick="window.open(''http://www.facebook.com/sharer.php?u=''+encodeURIComponent(location.href), ''facebook'',''toolbar=yes,scrollbars=yes,resizable=yes,width=800,height=600''); return false;" href="javascript:;"><img src="/UserFiles/Images/design/facebook.png" border="0"/></a>\n<a title="twitter" onclick="window.open(''http://twitter.com/?status=''+encodeURIComponent(document.title)+'' ''+encodeURIComponent(location.href), ''twitter'',''toolbar=yes,scrollbars=yes,resizable=yes,width=800,height=600''); return false;" href="javascript:;"><img src="/UserFiles/Images/design/twitter.png" border="0"/></a>\n<a title="google" onclick="window.open(''http://www.google.com/bookmarks/mark?op=edit&amp;bkmk=''+encodeURIComponent(location.href)+''&amp;title=''+encodeURIComponent(document.title)+''&amp;source=Blank'', ''google'',''toolbar=yes,scrollbars=yes,resizable=yes,width=800,height=600''); return false;" href="javascript:;"><img src="/UserFiles/Images/design/google.png" border="0"/></a>\n</p>\n\n<div class="footerInner">\n<a href="/Other.aspx?item=33">ABOUT US</a> &nbsp; &nbsp; &nbsp;\n<a href="/Other.aspx?item=34">CONTACT US</a> &nbsp; &nbsp; &nbsp;\n<a href="/">© 2011 BLANK-MAGAZINE.COM</a>\n</div>\n\n$\nvar i = 1;\nforeach(var sql in Provider.Database.SQLLog)\n	echo(i++ + ". " + sql.Replace("\n","<br/>")+"<hr/>");\n$LangId1,1,0InnerHtml1,0,LangId2,1,0InnerHtml2,0,LangId3,1,0InnerHtml3,0,Id,2,24Template,12,Default.aspxRegion,6,FooterOrderNo,1,0Name,10,StaticHtmlCSS,249,#StaticHtml_24 {\n	margin-top:50px;\n}\n#StaticHtml_24 .footerInner {\n	border-top:1px solid black;\n	border-bottom:1px solid black;\n	text-align:center;\n	font-family: Spinnaker, tahoma;\n	padding:4px;\n	clear:both;\n	margin-top:10px;\n	margin-bottom:20px;\n}\nTopHtml,0,BottomHtml,0,ParentModuleId,1,0CSSClass,0,UseCache,7,DefaultCacheLifeTime,1,0', null, null, '0', null, 'Default', null);
insert into [module] ([Id], [Template], [Region], [OrderNo], [Name], [CSS], [Details], [TopHtml], [BottomHtml], [ParentModuleId], [CSSClass], [UseCache], [CacheLifeTime]) values ('25', 'Default.aspx', 'ContentLeft', '0', 'ContentListByFilter', '', 'Cinar.CMS.Serialization\nFilter,10,AuthorId=2HowManyItems,1,1SkipFirst,1,0Random,1,0OrderBy,19,Content.PublishDateAscending,5,FalseShowPictureLeftRight,5,FalseShowCurrentContent,5,FalseShowFirstItemWithPicture,5,FalseWhichPicture,17,TAuthorId.PicturePictureWidth,3,218PictureHeight,1,0BulletIcon,0,TitleLength,2,50DescriptionLength,3,150DateFormat,3,agoFieldOrder,29,image,author,description,dateCreateLink,4,TrueLinkTarget,0,ShowDescriptionAsLink,5,FalseUseTemplate,15,AuthorList.aspxForceToUseTemplate,4,TrueMoreLink,0,DisplayAsTable,5,FalseCols,1,1EncloseWithDiv,5,FalseId,2,25Template,12,Default.aspxRegion,11,ContentLeftOrderNo,1,0Name,19,ContentListByFilterCSS,0,TopHtml,0,BottomHtml,0,ParentModuleId,1,0CSSClass,24,vitrin shadow toogleDescUseCache,7,DefaultCacheLifeTime,1,0CropPicture,5,FalseDivClassName,12,extraItemDiv', null, null, '0', null, 'Default', null);
insert into [module] ([Id], [Template], [Region], [OrderNo], [Name], [CSS], [Details], [TopHtml], [BottomHtml], [ParentModuleId], [CSSClass], [UseCache], [CacheLifeTime]) values ('26', 'Default.aspx', 'ContentRight', '0', 'ContentListByFilter', '', 'Cinar.CMS.Serialization\nFilter,10,AuthorId=3HowManyItems,1,1SkipFirst,1,0Random,1,0OrderBy,10,Content.IdAscending,5,FalseShowPictureLeftRight,5,FalseShowCurrentContent,5,FalseShowFirstItemWithPicture,5,FalseWhichPicture,16,Content.Picture2PictureWidth,3,218PictureHeight,1,0BulletIcon,0,TitleLength,2,50DescriptionLength,3,150DateFormat,3,agoFieldOrder,32,picture2,author,description,dateCreateLink,4,TrueLinkTarget,0,ShowDescriptionAsLink,5,FalseUseTemplate,15,AuthorList.aspxForceToUseTemplate,4,TrueMoreLink,0,DisplayAsTable,5,FalseCols,1,1EncloseWithDiv,5,FalseId,2,26Template,12,Default.aspxRegion,12,ContentRightOrderNo,1,0Name,19,ContentListByFilterCSS,0,TopHtml,0,BottomHtml,0,ParentModuleId,1,0CSSClass,24,vitrin shadow toogleDescUseCache,7,DefaultCacheLifeTime,1,0CropPicture,5,FalseDivClassName,12,extraItemDiv', null, null, '0', null, 'Default', null);
insert into [module] ([Id], [Template], [Region], [OrderNo], [Name], [CSS], [Details], [TopHtml], [BottomHtml], [ParentModuleId], [CSSClass], [UseCache], [CacheLifeTime]) values ('27', 'Default.aspx', 'ContentLeft', '1', 'ContentListByFilter', '', 'Cinar.CMS.Serialization\nFilter,12,CategoryId=3HowManyItems,1,1SkipFirst,1,0Random,1,0OrderBy,19,Content.PublishDateAscending,5,FalseShowPictureLeftRight,5,FalseShowCurrentContent,5,FalseShowFirstItemWithPicture,5,FalseWhichPicture,15,Content.PicturePictureWidth,3,218PictureHeight,1,0BulletIcon,0,TitleLength,2,50DescriptionLength,3,150DateFormat,3,agoFieldOrder,31,image,category,description,dateCreateLink,4,TrueLinkTarget,0,ShowDescriptionAsLink,5,FalseUseTemplate,9,City.aspxForceToUseTemplate,4,TrueMoreLink,0,DisplayAsTable,5,FalseCols,1,1EncloseWithDiv,5,FalseId,2,27Template,12,Default.aspxRegion,11,ContentLeftOrderNo,1,1Name,19,ContentListByFilterCSS,0,TopHtml,0,BottomHtml,0,ParentModuleId,1,0CSSClass,24,vitrin shadow toogleDescUseCache,7,DefaultCacheLifeTime,1,0', null, null, '0', null, 'Default', null);
insert into [module] ([Id], [Template], [Region], [OrderNo], [Name], [CSS], [Details], [TopHtml], [BottomHtml], [ParentModuleId], [CSSClass], [UseCache], [CacheLifeTime]) values ('28', 'Default.aspx', 'ContentRight', '2', 'ContentListByFilter', '', 'Cinar.CMS.Serialization\nFilter,13,CategoryId=15HowManyItems,1,1SkipFirst,1,0Random,1,0OrderBy,19,Content.PublishDateAscending,5,FalseShowPictureLeftRight,5,FalseShowCurrentContent,5,FalseShowFirstItemWithPicture,5,FalseWhichPicture,15,Content.PicturePictureWidth,3,218PictureHeight,1,0BulletIcon,0,TitleLength,2,50DescriptionLength,3,150DateFormat,3,agoFieldOrder,31,image,category,description,dateCreateLink,4,TrueLinkTarget,0,ShowDescriptionAsLink,5,FalseUseTemplate,0,ForceToUseTemplate,5,FalseMoreLink,0,DisplayAsTable,5,FalseCols,1,1EncloseWithDiv,5,FalseId,2,28Template,12,Default.aspxRegion,12,ContentRightOrderNo,1,2Name,19,ContentListByFilterCSS,0,TopHtml,0,BottomHtml,0,ParentModuleId,1,0CSSClass,24,vitrin shadow toogleDescUseCache,7,DefaultCacheLifeTime,1,0CropPicture,5,FalseDivClassName,12,extraItemDiv', null, null, '0', null, 'Default', null);
insert into [module] ([Id], [Template], [Region], [OrderNo], [Name], [CSS], [Details], [TopHtml], [BottomHtml], [ParentModuleId], [CSSClass], [UseCache], [CacheLifeTime]) values ('30', 'Default.aspx', 'ContentLeft', '2', 'ContentListByFilter', '', 'Cinar.CMS.Serialization\nFilter,12,CategoryId=9HowManyItems,1,1SkipFirst,1,0Random,1,0OrderBy,19,Content.PublishDateAscending,5,FalseShowPictureLeftRight,5,FalseShowCurrentContent,5,FalseShowFirstItemWithPicture,5,FalseWhichPicture,15,Content.PicturePictureWidth,3,218PictureHeight,1,0BulletIcon,0,TitleLength,2,50DescriptionLength,3,150DateFormat,3,agoFieldOrder,31,image,category,description,dateCreateLink,4,TrueLinkTarget,0,ShowDescriptionAsLink,5,FalseUseTemplate,0,ForceToUseTemplate,5,FalseMoreLink,0,DisplayAsTable,5,FalseCols,1,1EncloseWithDiv,5,FalseId,2,30Template,12,Default.aspxRegion,11,ContentLeftOrderNo,1,2Name,19,ContentListByFilterCSS,0,TopHtml,0,BottomHtml,0,ParentModuleId,1,0CSSClass,24,vitrin shadow toogleDescUseCache,7,DefaultCacheLifeTime,1,0', null, null, '0', null, 'Default', null);
insert into [module] ([Id], [Template], [Region], [OrderNo], [Name], [CSS], [Details], [TopHtml], [BottomHtml], [ParentModuleId], [CSSClass], [UseCache], [CacheLifeTime]) values ('31', 'Default.aspx', 'ContentRight', '3', 'ContentListByFilter', '', 'Cinar.CMS.Serialization\nFilter,13,CategoryId=10HowManyItems,1,1SkipFirst,1,0Random,1,0OrderBy,19,Content.PublishDateAscending,5,FalseShowPictureLeftRight,5,FalseShowCurrentContent,5,FalseShowFirstItemWithPicture,5,FalseWhichPicture,15,Content.PicturePictureWidth,3,218PictureHeight,1,0BulletIcon,0,TitleLength,2,50DescriptionLength,3,150DateFormat,3,agoFieldOrder,31,image,category,description,dateCreateLink,4,TrueLinkTarget,0,ShowDescriptionAsLink,5,FalseUseTemplate,0,ForceToUseTemplate,5,FalseMoreLink,0,DisplayAsTable,5,FalseCols,1,1EncloseWithDiv,5,FalseId,2,31Template,12,Default.aspxRegion,12,ContentRightOrderNo,1,3Name,19,ContentListByFilterCSS,0,TopHtml,0,BottomHtml,0,ParentModuleId,1,0CSSClass,24,vitrin shadow toogleDescUseCache,7,DefaultCacheLifeTime,1,0CropPicture,5,FalseDivClassName,12,extraItemDiv', null, null, '0', null, 'Default', null);
insert into [module] ([Id], [Template], [Region], [OrderNo], [Name], [CSS], [Details], [TopHtml], [BottomHtml], [ParentModuleId], [CSSClass], [UseCache], [CacheLifeTime]) values ('43', 'Author.aspx', 'Footer', '2', 'RegionRepeater', '', 'Cinar.CMS.Serialization\nId,2,43Template,11,Author.aspxRegion,6,FooterOrderNo,1,0Name,14,RegionRepeaterCSS,0,TopHtml,0,BottomHtml,0,ParentModuleId,1,0CSSClass,0,UseCache,7,DefaultCacheLifeTime,1,0RegionToCopy,6,FooterPage,12,Default.aspx', null, null, '0', null, 'Default', null);
insert into [module] ([Id], [Template], [Region], [OrderNo], [Name], [CSS], [Details], [TopHtml], [BottomHtml], [ParentModuleId], [CSSClass], [UseCache], [CacheLifeTime]) values ('44', 'Author.aspx', 'Content', '0', 'ContentDisplay', '', 'Cinar.CMS.Serialization\nFieldOrder,22,title,date,region,textDateFormat,12,dd MMMM yyyyFilter,11,Id=@ContentTagTemplate,0,Id,2,44Template,11,Author.aspxRegion,7,ContentOrderNo,1,0Name,14,ContentDisplayCSS,0,TopHtml,22,<div class="innerDiv">BottomHtml,1364,</div>\n<p style="text-align:right;padding:20px 20px;background:white">\n<img \n	src="/UserFiles/Images/design/back_light.png" \n	style="float:left;cursor:pointer"\n	onmouseover="this.src=''/UserFiles/Images/design/back.png'';"\n	onmouseout="this.src=''/UserFiles/Images/design/back_light.png'';"\n	onclick="location.href=location.href.replace(''Author.aspx'',''AuthorList.aspx'');"\n	/>\n<a title="facebook" onclick="window.open(''http://www.facebook.com/sharer.php?u=''+encodeURIComponent(location.href), ''facebook'',''toolbar=yes,scrollbars=yes,resizable=yes,width=800,height=600''); return false;" href="javascript:;"><img src="/UserFiles/Images/design/facebook.png" border="0"/></a>\n<a title="twitter" onclick="window.open(''http://twitter.com/?status=''+encodeURIComponent(document.title)+'' ''+encodeURIComponent(location.href), ''twitter'',''toolbar=yes,scrollbars=yes,resizable=yes,width=800,height=600''); return false;" href="javascript:;"><img src="/UserFiles/Images/design/twitter.png" border="0"/></a>\n<a title="google" onclick="window.open(''http://www.google.com/bookmarks/mark?op=edit&amp;bkmk=''+encodeURIComponent(location.href)+''&amp;title=''+encodeURIComponent(document.title)+''&amp;source=Blank'', ''google'',''toolbar=yes,scrollbars=yes,resizable=yes,width=800,height=600''); return false;" href="javascript:;"><img src="/UserFiles/Images/design/google.png" border="0"/></a>\n</p>ParentModuleId,1,0CSSClass,24,shadow clsContentDisplayUseCache,7,DefaultCacheLifeTime,1,0', null, null, '0', null, 'Default', null);
insert into [module] ([Id], [Template], [Region], [OrderNo], [Name], [CSS], [Details], [TopHtml], [BottomHtml], [ParentModuleId], [CSSClass], [UseCache], [CacheLifeTime]) values ('47', 'Author.aspx', 'ContentLeft', '2', 'SQLDataList', '', 'Cinar.CMS.Serialization\nSQL,180,SELECT distinct\n	t.Id,\n	t.Name\nFROM\n	Tag t\n	INNER JOIN ContentTag ct ON ct.TagId = t.Id\n	INNER JOIN Content c ON c.Id = ct.ContentId\nWHERE\n	c.AuthorId = $=Context.Content.AuthorId$DataTemplate,110,<div class="tag">\n<a href="/AuthorList.aspx?item=$=Context.Content.Id$&tagId=$=row.Id$">$=row.Name$</a>\n</div>PictureWidth,1,0PictureHeight,1,0DisplayAsTable,5,FalseCols,1,1EncloseWithDiv,5,FalseId,2,47Template,11,Author.aspxRegion,11,ContentLeftOrderNo,1,2Name,11,SQLDataListCSS,0,TopHtml,0,BottomHtml,0,ParentModuleId,1,0CSSClass,10,solda tagsUseCache,7,DefaultCacheLifeTime,1,0CropPicture,5,FalseDivClassName,12,extraItemDiv', null, null, '0', null, 'Default', null);
insert into [module] ([Id], [Template], [Region], [OrderNo], [Name], [CSS], [Details], [TopHtml], [BottomHtml], [ParentModuleId], [CSSClass], [UseCache], [CacheLifeTime]) values ('50', 'Author.aspx', 'conRegion44', '0', 'DataList', '#DataList_50 {\n	width:640px;\n	height:420px;\n	margin-bottom:25px;\n}\n\n', 'Cinar.CMS.Serialization\nEntityName,14,ContentPictureFilter,18,ContentId=@ContentHowManyItems,2,30OrderBy,2,IdAscending,5,FalseShowPaging,5,FalseAjaxPaging,5,FalseLabelPrevPage,13,Previous PageLabelNextPage,9,Next PageDataTemplate,373,<div class="clItem">\n<img \n	src="$=this.ThumbPicture$"\n	path="$=entity.FileName$" \n	like=''$=entity.LikeIt$'' \n	title=''$=Context.Server.HtmlEncode(entity.Title)$'' \n	desc=''$=Context.Server.HtmlEncode(entity.Description)$'' \n	tagData=''$=Context.Server.HtmlEncode(entity.TagData)$'' \n	entityId=''$=entity.Id$''\n	likeSrc=''/external/icons/love.png''\n	width="640"\n	height="420"/>\n</div>PictureWidth,3,640PictureHeight,3,420CropPicture,4,TrueDisplayAsTable,5,FalseCols,1,1EncloseWithDiv,5,FalseDivClassName,0,Id,2,50Template,11,Author.aspxRegion,11,conRegion44OrderNo,1,0Name,8,DataListCSS,68,#DataList_50 {\n	width:640px;\n	height:420px;\n	margin-bottom:25px;\n}\n\nTopHtml,0,BottomHtml,0,ParentModuleId,2,44CSSClass,23,fadeWithArrows lightBoxUseCache,7,DefaultCacheLifeTime,1,0SQL,0,', null, null, '44', null, 'Default', null);
insert into [module] ([Id], [Template], [Region], [OrderNo], [Name], [CSS], [Details], [TopHtml], [BottomHtml], [ParentModuleId], [CSSClass], [UseCache], [CacheLifeTime]) values ('53', 'Author.aspx', 'Footer', '1', 'ContentListByTag', '#ContentListByTag_53 div.title {\n	border-bottom:1px solid black;\n	padding:50px 0px 5px 65px;\n	margin-bottom:30px;\n	font-family:spinnaker;\n}\n\n#ContentListByTag_53 div.paging {\n	float:left;\n	width:60px;\n	height:120px;\n	background-repeat:no-repeat;\n}\n\n#ContentListByTag_53 .cerceve {\n	float:left;\n	width:855px;\n	border: 1px solid #efefef;\n\n}\n\n#ContentListByTag_53 div.clItem {\n	float:left;\n	margin:0px 5px 5px 0px;\n}\n', 'Cinar.CMS.Serialization\nFilter,16,AuthorId=@AuthorHowManyItems,2,10SkipFirst,1,0Random,1,0OrderBy,19,Content.PublishDateAscending,5,FalseShowPictureLeftRight,5,FalseShowCurrentContent,4,TrueShowFirstItemWithPicture,5,FalseWhichPicture,15,Content.PicturePictureWidth,1,0PictureHeight,3,120BulletIcon,0,TitleLength,2,50DescriptionLength,3,150DateFormat,12,dd MMMM yyyyFieldOrder,5,imageCreateLink,4,TrueLinkTarget,0,ShowDescriptionAsLink,5,FalseUseTemplate,0,ForceToUseTemplate,5,FalseMoreLink,0,DisplayAsTable,5,FalseCols,1,1EncloseWithDiv,5,FalseId,2,53Template,11,Author.aspxRegion,6,FooterOrderNo,1,1Name,16,ContentListByTagCSS,414,#ContentListByTag_53 div.title {\n	border-bottom:1px solid black;\n	padding:50px 0px 5px 65px;\n	margin-bottom:30px;\n	font-family:spinnaker;\n}\n\n#ContentListByTag_53 div.paging {\n	float:left;\n	width:60px;\n	height:120px;\n	background-repeat:no-repeat;\n}\n\n#ContentListByTag_53 .cerceve {\n	float:left;\n	width:855px;\n	border: 1px solid #efefef;\n\n}\n\n#ContentListByTag_53 div.clItem {\n	float:left;\n	margin:0px 5px 5px 0px;\n}\nTopHtml,182,<div class="title">ARCHIVE</div>\n\n<div class="paging" style="background-image:url(/UserFiles/Images/design/prev.png); background-position:right center;"></div>\n\n<div class="cerceve">BottomHtml,163,</div>\n<div class="paging"  style="background-image:url(/UserFiles/Images/design/next.png); background-position:left center;"></div>\n<div style="clear:both"></div>ParentModuleId,1,0CSSClass,0,UseCache,7,DefaultCacheLifeTime,1,0DivClassName,12,extraItemDiv', null, null, '0', null, 'Default', null);
insert into [module] ([Id], [Template], [Region], [OrderNo], [Name], [CSS], [Details], [TopHtml], [BottomHtml], [ParentModuleId], [CSSClass], [UseCache], [CacheLifeTime]) values ('55', 'AuthorList.aspx', 'Header', '0', 'RegionRepeater', '', 'Cinar.CMS.Serialization\nId,2,55Template,15,AuthorList.aspxRegion,6,HeaderOrderNo,1,0Name,14,RegionRepeaterCSS,0,TopHtml,0,BottomHtml,0,ParentModuleId,1,0CSSClass,0,UseCache,7,DefaultCacheLifeTime,1,0RegionToCopy,6,HeaderPage,12,Default.aspx', null, null, '0', null, 'Default', null);
insert into [module] ([Id], [Template], [Region], [OrderNo], [Name], [CSS], [Details], [TopHtml], [BottomHtml], [ParentModuleId], [CSSClass], [UseCache], [CacheLifeTime]) values ('56', 'AuthorList.aspx', 'Header', '1', 'StaticHtml', '#StaticHtml_56 {\n}\n\n#StaticHtml_56 .headerMenu { border-bottom:1px solid black}\n#StaticHtml_56 .tab {\n	border:1pxlid black; \n	border-bottom:none;\n	float:right; \n	padding:5px 20px;\n	cursor:pointer;\n	margin-left:10px;\n}\n#StaticHtml_56 .search {\n}\n#StaticHtml_56 .subscribe {\n	background:black;\n	color:white;\n}', 'Cinar.CMS.Serialization\nInnerHtml,229,<a href="/Default.aspx"><img src="/UserFiles/Images/design/logo.jpg" border="0"/></a>\n\n<div class="headerMenu">\n<div class="subscribe tab">Subscribe</div>\n<div class="search tab">Search</div>\n<div style="clear:both"></div>\n</div>LangId1,1,0InnerHtml1,0,LangId2,1,0InnerHtml2,0,LangId3,1,0InnerHtml3,0,Id,2,56Template,15,AuthorList.aspxRegion,6,HeaderOrderNo,1,1Name,10,StaticHtmlCSS,307,#StaticHtml_56 {\n}\n\n#StaticHtml_56 .headerMenu { border-bottom:1px solid black}\n#StaticHtml_56 .tab {\n	border:1pxlid black; \n	border-bottom:none;\n	float:right; \n	padding:5px 20px;\n	cursor:pointer;\n	margin-left:10px;\n}\n#StaticHtml_56 .search {\n}\n#StaticHtml_56 .subscribe {\n	background:black;\n	color:white;\n}TopHtml,0,BottomHtml,0,ParentModuleId,2,55CSSClass,0,UseCache,7,DefaultCacheLifeTime,1,0', null, null, '55', null, 'Default', null);
insert into [module] ([Id], [Template], [Region], [OrderNo], [Name], [CSS], [Details], [TopHtml], [BottomHtml], [ParentModuleId], [CSSClass], [UseCache], [CacheLifeTime]) values ('60', 'AuthorList.aspx', 'Footer', '0', 'ContentListByTag', '#ContentListByTag_60 div.title {\n	border-bottom:1px solid black;\n	padding:50px 0px 5px 65px;\n	margin-bottom:30px;\n	font-family:spinnaker;\n}\n\n#ContentListByTag_60 div.paging {\n	float:left;\n	width:60px;\n	height:120px;\n	background-repeat:no-repeat;\n}\n\n#ContentListByTag_60 .cerceve {\n	float:left;\n	width:855px;\n	border: 1px solid #efefef;\n\n}\n\n#ContentListByTag_60 div.clItem {\n	float:left;\n	margin:0px 5px 5px 0px;\n}\n', 'Cinar.CMS.Serialization\nFilter,16,AuthorId=@AuthorHowManyItems,2,10SkipFirst,1,0Random,1,0OrderBy,19,Content.PublishDateAscending,5,FalseShowPictureLeftRight,5,FalseShowCurrentContent,4,TrueShowFirstItemWithPicture,5,FalseWhichPicture,15,Content.PicturePictureWidth,1,0PictureHeight,3,120BulletIcon,0,TitleLength,2,50DescriptionLength,3,150DateFormat,12,dd MMMM yyyyFieldOrder,5,imageCreateLink,4,TrueLinkTarget,0,ShowDescriptionAsLink,5,FalseUseTemplate,0,ForceToUseTemplate,5,FalseMoreLink,0,DisplayAsTable,5,FalseCols,1,1EncloseWithDiv,5,FalseId,2,60Template,15,AuthorList.aspxRegion,6,FooterOrderNo,1,0Name,16,ContentListByTagCSS,414,#ContentListByTag_60 div.title {\n	border-bottom:1px solid black;\n	padding:50px 0px 5px 65px;\n	margin-bottom:30px;\n	font-family:spinnaker;\n}\n\n#ContentListByTag_60 div.paging {\n	float:left;\n	width:60px;\n	height:120px;\n	background-repeat:no-repeat;\n}\n\n#ContentListByTag_60 .cerceve {\n	float:left;\n	width:855px;\n	border: 1px solid #efefef;\n\n}\n\n#ContentListByTag_60 div.clItem {\n	float:left;\n	margin:0px 5px 5px 0px;\n}\nTopHtml,182,<div class="title">ARCHIVE</div>\n\n<div class="paging" style="background-image:url(/UserFiles/Images/design/prev.png); background-position:right center;"></div>\n\n<div class="cerceve">BottomHtml,163,</div>\n<div class="paging"  style="background-image:url(/UserFiles/Images/design/next.png); background-position:left center;"></div>\n<div style="clear:both"></div>ParentModuleId,1,0CSSClass,0,UseCache,7,DefaultCacheLifeTime,1,0DivClassName,12,extraItemDivCropPicture,5,False', null, null, '0', null, 'Default', null);
insert into [module] ([Id], [Template], [Region], [OrderNo], [Name], [CSS], [Details], [TopHtml], [BottomHtml], [ParentModuleId], [CSSClass], [UseCache], [CacheLifeTime]) values ('61', 'AuthorList.aspx', 'Footer', '1', 'RegionRepeater', '', 'Cinar.CMS.Serialization\nId,2,61Template,15,AuthorList.aspxRegion,6,FooterOrderNo,1,1Name,14,RegionRepeaterCSS,0,TopHtml,0,BottomHtml,0,ParentModuleId,1,0CSSClass,0,UseCache,7,DefaultCacheLifeTime,1,0RegionToCopy,6,FooterPage,12,Default.aspx', null, null, '0', null, 'Default', null);
insert into [module] ([Id], [Template], [Region], [OrderNo], [Name], [CSS], [Details], [TopHtml], [BottomHtml], [ParentModuleId], [CSSClass], [UseCache], [CacheLifeTime]) values ('62', 'AuthorList.aspx', 'Footer', '2', 'StaticHtml', '#StaticHtml_62 {\n	border-top:1px solid black;\n	text-align:center;\n	font-weight:bold;\n	padding:4px;\n	margin-top:10px;\n	clear:both;\n	margin-top:30px;\n}\n', 'Cinar.CMS.Serialization\nInnerHtml,134,<a href="">ABOUT US</a> &nbsp; &nbsp; &nbsp;\n<a href="">CONTACT US</a> &nbsp; &nbsp; &nbsp;\n<a href="">(C) 2011 BLANK-MAGAZINE.COM</a>LangId1,1,0InnerHtml1,0,LangId2,1,0InnerHtml2,0,LangId3,1,0InnerHtml3,0,Id,2,62Template,15,AuthorList.aspxRegion,6,FooterOrderNo,1,2Name,10,StaticHtmlCSS,150,#StaticHtml_62 {\n	border-top:1px solid black;\n	text-align:center;\n	font-weight:bold;\n	padding:4px;\n	margin-top:10px;\n	clear:both;\n	margin-top:30px;\n}\nTopHtml,0,BottomHtml,0,ParentModuleId,2,61CSSClass,0,UseCache,7,DefaultCacheLifeTime,1,0', null, null, '61', null, 'Default', null);
insert into [module] ([Id], [Template], [Region], [OrderNo], [Name], [CSS], [Details], [TopHtml], [BottomHtml], [ParentModuleId], [CSSClass], [UseCache], [CacheLifeTime]) values ('63', 'AuthorList.aspx', 'Content', '1', 'ContentListByTag', '#ContentListByTag_63 .extraItemDiv {\n	border:1px solid #E5E5E5;\n	margin-top:10px;\n	background:#E1E3E2;\n	padding: 24px;\n\n	-moz-box-shadow: 3px 3px 4px #E5E5E5;\n	-webkit-box-shadow: 3px 3px 4px #E5E5E5;\n	box-shadow: 3px 3px 4px #E5E5E5;\n	/* For IE 8 */\n	-ms-filter: "progid:DXImageTransform.Microsoft.Shadow(Strength=4, Direction=135, Color=''#E5E5E5'')";\n	/* For IE 5.5 - 7 */\n	filter: progid:DXImageTransform.Microsoft.Shadow(Strength=4, Direction=135, Color=''#E5E5E5'');\n}\n#ContentListByTag_63 img.pic {\n}\n#ContentListByTag_63 div.clItem {\n	padding:24px;\n	background:white;\n}\n#ContentListByTag_63 div.clTitle {\n	font-weight:bold;\n	font-size:18px;\n	border-bottom:1px solid #CFCFCF;\n	padding-bottom:1px;\n}\n#ContentListByTag_63 div.clPubDate {\n	margin-bottom:24px;\n	font-size:12px;\n	margin-top:2px;\n}\n#ContentListByTag_63 div.clMetin {\n	background:white;	\n}', 'Cinar.CMS.Serialization\nFilter,16,AuthorId=@AuthorHowManyItems,1,2SkipFirst,1,0Random,1,0OrderBy,19,Content.PublishDateAscending,5,FalseShowPictureLeftRight,5,FalseShowCurrentContent,4,TrueShowFirstItemWithPicture,5,FalseWhichPicture,15,Content.PicturePictureWidth,3,636PictureHeight,1,0BulletIcon,0,TitleLength,2,50DescriptionLength,3,150DateFormat,12,dd MMMM yyyyFieldOrder,16,title,date,imageCreateLink,4,TrueLinkTarget,0,ShowDescriptionAsLink,5,FalseUseTemplate,0,ForceToUseTemplate,5,FalseMoreLink,0,DisplayAsTable,5,FalseCols,1,1EncloseWithDiv,4,TrueId,2,63Template,15,AuthorList.aspxRegion,7,ContentOrderNo,1,1Name,16,ContentListByTagCSS,852,#ContentListByTag_63 .extraItemDiv {\n	border:1px solid #E5E5E5;\n	margin-top:10px;\n	background:#E1E3E2;\n	padding: 24px;\n\n	-moz-box-shadow: 3px 3px 4px #E5E5E5;\n	-webkit-box-shadow: 3px 3px 4px #E5E5E5;\n	box-shadow: 3px 3px 4px #E5E5E5;\n	/* For IE 8 */\n	-ms-filter: "progid:DXImageTransform.Microsoft.Shadow(Strength=4, Direction=135, Color=''#E5E5E5'')";\n	/* For IE 5.5 - 7 */\n	filter: progid:DXImageTransform.Microsoft.Shadow(Strength=4, Direction=135, Color=''#E5E5E5'');\n}\n#ContentListByTag_63 img.pic {\n}\n#ContentListByTag_63 div.clItem {\n	padding:24px;\n	background:white;\n}\n#ContentListByTag_63 div.clTitle {\n	font-weight:bold;\n	font-size:18px;\n	border-bottom:1px solid #CFCFCF;\n	padding-bottom:1px;\n}\n#ContentListByTag_63 div.clPubDate {\n	margin-bottom:24px;\n	font-size:12px;\n	margin-top:2px;\n}\n#ContentListByTag_63 div.clMetin {\n	background:white;	\n}TopHtml,0,BottomHtml,0,ParentModuleId,1,0CSSClass,0,UseCache,7,DefaultCacheLifeTime,1,0DivClassName,12,extraItemDivCropPicture,5,False', null, null, '0', null, 'Default', null);
insert into [module] ([Id], [Template], [Region], [OrderNo], [Name], [CSS], [Details], [TopHtml], [BottomHtml], [ParentModuleId], [CSSClass], [UseCache], [CacheLifeTime]) values ('64', 'AuthorList.aspx', 'ContentLeft', '0', 'RegionRepeater', '', 'Cinar.CMS.Serialization\nId,2,64Template,15,AuthorList.aspxRegion,11,ContentLeftOrderNo,1,0Name,14,RegionRepeaterCSS,0,TopHtml,0,BottomHtml,0,ParentModuleId,1,0CSSClass,0,UseCache,7,DefaultCacheLifeTime,1,0RegionToCopy,11,ContentLeftPage,11,Author.aspx', null, null, '0', null, 'Default', null);
insert into [module] ([Id], [Template], [Region], [OrderNo], [Name], [CSS], [Details], [TopHtml], [BottomHtml], [ParentModuleId], [CSSClass], [UseCache], [CacheLifeTime]) values ('81', 'Other.aspx', 'Content', '0', 'ContentDisplay', '#ContentDisplay_81 {\n	margin:120px 250px;\n}\n', 'Cinar.CMS.Serialization\nFieldOrder,4,textDateFormat,12,dd MMMM yyyyFilter,0,TagTemplate,0,Id,2,81Template,10,Other.aspxRegion,7,ContentOrderNo,1,0Name,14,ContentDisplayCSS,44,#ContentDisplay_81 {\n	margin:120px 250px;\n}\nTopHtml,0,BottomHtml,0,ParentModuleId,1,0CSSClass,0,UseCache,7,DefaultCacheLifeTime,1,0', null, null, '0', null, 'Default', null);
insert into [module] ([Id], [Template], [Region], [OrderNo], [Name], [CSS], [Details], [TopHtml], [BottomHtml], [ParentModuleId], [CSSClass], [UseCache], [CacheLifeTime]) values ('82', 'Default.aspx', 'Header', '1', 'SearchForm', '#SearchForm_82 {\n	position:absolute;\n	top:165px;\n}\n#SearchForm_82 input.searchText {\n	border:none;\n	width:114px;\n}\n\n', 'Cinar.CMS.Serialization\nResultsPage,11,Search.aspxId,2,82Template,12,Default.aspxRegion,6,HeaderOrderNo,1,1Name,10,SearchFormCSS,116,#SearchForm_82 {\n	position:absolute;\n	top:165px;\n}\n#SearchForm_82 input.searchText {\n	border:none;\n	width:114px;\n}\n\nTopHtml,0,BottomHtml,0,ParentModuleId,1,0CSSClass,0,UseCache,7,DefaultCacheLifeTime,1,0', null, null, '0', null, 'Default', null);
insert into [module] ([Id], [Template], [Region], [OrderNo], [Name], [CSS], [Details], [TopHtml], [BottomHtml], [ParentModuleId], [CSSClass], [UseCache], [CacheLifeTime]) values ('83', 'Other.aspx', 'Header', '0', 'RegionRepeater', '', 'Cinar.CMS.Serialization\nPage,12,Default.aspxRegionToCopy,6,HeaderId,2,83Template,10,Other.aspxRegion,6,HeaderOrderNo,1,0Name,14,RegionRepeaterCSS,0,TopHtml,0,BottomHtml,0,ParentModuleId,1,0CSSClass,0,UseCache,7,DefaultCacheLifeTime,1,0', null, null, '0', null, 'Default', null);
insert into [module] ([Id], [Template], [Region], [OrderNo], [Name], [CSS], [Details], [TopHtml], [BottomHtml], [ParentModuleId], [CSSClass], [UseCache], [CacheLifeTime]) values ('84', 'Other.aspx', 'Footer', '0', 'RegionRepeater', '', 'Cinar.CMS.Serialization\nPage,12,Default.aspxRegionToCopy,6,FooterId,2,84Template,10,Other.aspxRegion,6,FooterOrderNo,1,0Name,14,RegionRepeaterCSS,0,TopHtml,0,BottomHtml,0,ParentModuleId,1,0CSSClass,0,UseCache,7,DefaultCacheLifeTime,1,0', null, null, '0', null, 'Default', null);
insert into [module] ([Id], [Template], [Region], [OrderNo], [Name], [CSS], [Details], [TopHtml], [BottomHtml], [ParentModuleId], [CSSClass], [UseCache], [CacheLifeTime]) values ('86', 'Search.aspx', 'Header', '0', 'RegionRepeater', '', 'Cinar.CMS.Serialization\nPage,12,Default.aspxRegionToCopy,6,HeaderId,2,86Template,11,Search.aspxRegion,6,HeaderOrderNo,1,0Name,14,RegionRepeaterCSS,0,TopHtml,0,BottomHtml,0,ParentModuleId,1,0CSSClass,0,UseCache,7,DefaultCacheLifeTime,1,0', null, null, '0', null, 'Default', null);
insert into [module] ([Id], [Template], [Region], [OrderNo], [Name], [CSS], [Details], [TopHtml], [BottomHtml], [ParentModuleId], [CSSClass], [UseCache], [CacheLifeTime]) values ('87', 'Search.aspx', 'Header', '1', 'StaticHtml', '#StaticHtml_87 {\n}\n\n#StaticHtml_87 .headerMenu { border-bottom:1px solid black}\n#StaticHtml_87 .tab {\n	border:1px solid black; \n	border-bottom:none;\n	float:right; \n	padding:2px 40px;\n	cursor:pointer;\n	margin-left:10px;\n}\n#StaticHtml_87 .search {\n}\n#StaticHtml_87 .subscribe {\n	background:black;\n	color:white;\n}', 'Cinar.CMS.Serialization\nInnerHtml,244,<a href="/Default.aspx"><img src="/UserFiles/Images/design/logo.jpg" border="0"/></a>\n\n<div class="headerMenu">\n<div class="subscribe tab">Subscribe</div>\n<div class="search tab" id="searchTab">Search</div>\n<div style="clear:both"></div>\n</div>LangId1,1,0InnerHtml1,0,LangId2,1,0InnerHtml2,0,LangId3,1,0InnerHtml3,0,Id,2,87Template,11,Search.aspxRegion,6,HeaderOrderNo,1,1Name,10,StaticHtmlCSS,310,#StaticHtml_87 {\n}\n\n#StaticHtml_87 .headerMenu { border-bottom:1px solid black}\n#StaticHtml_87 .tab {\n	border:1px solid black; \n	border-bottom:none;\n	float:right; \n	padding:2px 40px;\n	cursor:pointer;\n	margin-left:10px;\n}\n#StaticHtml_87 .search {\n}\n#StaticHtml_87 .subscribe {\n	background:black;\n	color:white;\n}TopHtml,0,BottomHtml,0,ParentModuleId,2,86CSSClass,0,UseCache,7,DefaultCacheLifeTime,1,0', null, null, '86', null, 'Default', null);
insert into [module] ([Id], [Template], [Region], [OrderNo], [Name], [CSS], [Details], [TopHtml], [BottomHtml], [ParentModuleId], [CSSClass], [UseCache], [CacheLifeTime]) values ('88', 'Search.aspx', 'Header', '2', 'SearchForm', '#SearchForm_88 {\n	position:absolute;\n	right:147px;\n	top:156px;\n}\n#SearchForm_88 input.searchText {\n	border:none;\n	width:114px;\n}\n\n', 'Cinar.CMS.Serialization\nResultsPage,0,Id,2,88Template,11,Search.aspxRegion,6,HeaderOrderNo,1,2Name,10,SearchFormCSS,130,#SearchForm_88 {\n	position:absolute;\n	right:147px;\n	top:156px;\n}\n#SearchForm_88 input.searchText {\n	border:none;\n	width:114px;\n}\n\nTopHtml,273,<script>\nElement.observe(document, ''dom:loaded'', function(){\n	var sf = $(''SearchForm_82'');\n	sf.hide();\n	$(''searchTab'').on(''click'', function(){\n		sf.show();\n		sf.down(''.searchText'').focus();\n	});\n	sf.down(''.searchText'').on(''blur'', function(){\n		sf.hide();\n	});\n});\n</script>BottomHtml,0,ParentModuleId,2,86CSSClass,0,UseCache,7,DefaultCacheLifeTime,1,0', null, null, '86', null, 'Default', null);
insert into [module] ([Id], [Template], [Region], [OrderNo], [Name], [CSS], [Details], [TopHtml], [BottomHtml], [ParentModuleId], [CSSClass], [UseCache], [CacheLifeTime]) values ('89', 'Search.aspx', 'Footer', '0', 'RegionRepeater', '', 'Cinar.CMS.Serialization\nPage,12,Default.aspxRegionToCopy,6,FooterId,2,89Template,11,Search.aspxRegion,6,FooterOrderNo,1,0Name,14,RegionRepeaterCSS,0,TopHtml,0,BottomHtml,0,ParentModuleId,1,0CSSClass,0,UseCache,7,DefaultCacheLifeTime,1,0', null, null, '0', null, 'Default', null);
insert into [module] ([Id], [Template], [Region], [OrderNo], [Name], [CSS], [Details], [TopHtml], [BottomHtml], [ParentModuleId], [CSSClass], [UseCache], [CacheLifeTime]) values ('90', 'Search.aspx', 'Footer', '1', 'StaticHtml', '#StaticHtml_90 {\n	border-top:1px solid black;\n	text-align:center;\n	font-weight:bold;\n	padding:4px;\n	margin-top:10px;\n	clear:both;\n	margin-top:30px;\n}\n', 'Cinar.CMS.Serialization\nInnerHtml,173,<a href="/Other.aspx?item=33">ABOUT US</a> &nbsp; &nbsp; &nbsp;\n<a href="/Other.aspx?item=34">CONTACT US</a> &nbsp; &nbsp; &nbsp;\n<a href="/">(C) 2011 BLANK-MAGAZINE.COM</a>LangId1,1,0InnerHtml1,0,LangId2,1,0InnerHtml2,0,LangId3,1,0InnerHtml3,0,Id,2,90Template,11,Search.aspxRegion,6,FooterOrderNo,1,1Name,10,StaticHtmlCSS,150,#StaticHtml_90 {\n	border-top:1px solid black;\n	text-align:center;\n	font-weight:bold;\n	padding:4px;\n	margin-top:10px;\n	clear:both;\n	margin-top:30px;\n}\nTopHtml,0,BottomHtml,0,ParentModuleId,2,89CSSClass,0,UseCache,7,DefaultCacheLifeTime,1,0', null, null, '89', null, 'Default', null);
insert into [module] ([Id], [Template], [Region], [OrderNo], [Name], [CSS], [Details], [TopHtml], [BottomHtml], [ParentModuleId], [CSSClass], [UseCache], [CacheLifeTime]) values ('91', 'Author.aspx', 'Header', '0', 'RegionRepeater', '', 'Cinar.CMS.Serialization\nId,2,91Template,11,Author.aspxRegion,6,HeaderOrderNo,1,0Name,14,RegionRepeaterCSS,0,TopHtml,0,BottomHtml,0,ParentModuleId,1,0CSSClass,0,UseCache,7,DefaultCacheLifeTime,1,0RegionToCopy,6,HeaderPage,12,Default.aspx', null, null, '0', null, 'Default', null);
insert into [module] ([Id], [Template], [Region], [OrderNo], [Name], [CSS], [Details], [TopHtml], [BottomHtml], [ParentModuleId], [CSSClass], [UseCache], [CacheLifeTime]) values ('92', 'Search.aspx', 'Content', '0', 'SearchResults', '#SearchResults_92 {\n}\n#SearchResults_92 div.paging {\n	background:#0C51B1;\n	font-weight:bold;\n	padding:4px;\n	text-align:center}\n#SearchResults_92 div.paging a {\n	color:white}\n#SearchResults_92 div.resultItem {\n}\n#SearchResults_92 div.title {\n	font-weight:bold}\n#SearchResults_92 div.desc {\n}\n', 'Cinar.CMS.Serialization\nEntityName,7,ContentFilter,0,HowManyItems,2,30OrderBy,2,IdAscending,5,FalseDataTemplate,166,<div class="resultItem"><div class="title"><a href="$=entity.PageLink$?item=$=entity.Id$">$=entity.Title$</a></div><div class="desc">$=entity.Description$</div></div>PictureWidth,1,0PictureHeight,1,0DisplayAsTable,5,FalseCols,1,1EncloseWithDiv,5,FalseId,2,92Template,11,Search.aspxRegion,7,ContentOrderNo,1,0Name,13,SearchResultsCSS,291,#SearchResults_92 {\n}\n#SearchResults_92 div.paging {\n	background:#0C51B1;\n	font-weight:bold;\n	padding:4px;\n	text-align:center}\n#SearchResults_92 div.paging a {\n	color:white}\n#SearchResults_92 div.resultItem {\n}\n#SearchResults_92 div.title {\n	font-weight:bold}\n#SearchResults_92 div.desc {\n}\nTopHtml,0,BottomHtml,0,ParentModuleId,1,0CSSClass,0,UseCache,7,DefaultCacheLifeTime,1,0', null, null, '0', null, 'Default', null);
insert into [module] ([Id], [Template], [Region], [OrderNo], [Name], [CSS], [Details], [TopHtml], [BottomHtml], [ParentModuleId], [CSSClass], [UseCache], [CacheLifeTime]) values ('101', 'City.aspx', 'Header', '0', 'RegionRepeater', '', 'Cinar.CMS.Serialization\nPage,12,Default.aspxRegionToCopy,6,HeaderId,3,101Template,9,City.aspxRegion,6,HeaderOrderNo,1,0Name,14,RegionRepeaterCSS,0,TopHtml,0,BottomHtml,0,ParentModuleId,1,0CSSClass,0,UseCache,7,DefaultCacheLifeTime,1,0', null, null, '0', null, 'Default', null);
insert into [module] ([Id], [Template], [Region], [OrderNo], [Name], [CSS], [Details], [TopHtml], [BottomHtml], [ParentModuleId], [CSSClass], [UseCache], [CacheLifeTime]) values ('102', 'City.aspx', 'Header', '1', 'StaticHtml', '#StaticHtml_102 {\n}\n\n#StaticHtml_102 .headerMenu { border-bottom:1px solid black}\n#StaticHtml_102 .tab {\n	border:1px solid black; \n	border-bottom:none;\n	float:right; \n	padding:2px 40px;\n	cursor:pointer;\n	margin-left:10px;\n}\n#StaticHtml_102 .search {\n}\n#StaticHtml_102 .subscribe {\n	background:black;\n	color:white;\n}', 'Cinar.CMS.Serialization\nInnerHtml,244,<a href="/Default.aspx"><img src="/UserFiles/Images/design/logo.jpg" border="0"/></a>\n\n<div class="headerMenu">\n<div class="subscribe tab">Subscribe</div>\n<div class="search tab" id="searchTab">Search</div>\n<div style="clear:both"></div>\n</div>LangId1,1,0InnerHtml1,0,LangId2,1,0InnerHtml2,0,LangId3,1,0InnerHtml3,0,Id,3,102Template,9,City.aspxRegion,6,HeaderOrderNo,1,1Name,10,StaticHtmlCSS,315,#StaticHtml_102 {\n}\n\n#StaticHtml_102 .headerMenu { border-bottom:1px solid black}\n#StaticHtml_102 .tab {\n	border:1px solid black; \n	border-bottom:none;\n	float:right; \n	padding:2px 40px;\n	cursor:pointer;\n	margin-left:10px;\n}\n#StaticHtml_102 .search {\n}\n#StaticHtml_102 .subscribe {\n	background:black;\n	color:white;\n}TopHtml,0,BottomHtml,0,ParentModuleId,3,101CSSClass,0,UseCache,7,DefaultCacheLifeTime,1,0', null, null, '101', null, 'Default', null);
insert into [module] ([Id], [Template], [Region], [OrderNo], [Name], [CSS], [Details], [TopHtml], [BottomHtml], [ParentModuleId], [CSSClass], [UseCache], [CacheLifeTime]) values ('103', 'City.aspx', 'Header', '2', 'SearchForm', '#SearchForm_103 {\n	position:absolute;\n	right:147px;\n	top:156px;\n}\n#SearchForm_103 input.searchText {\n	border:none;\n	width:114px;\n}\n\n', 'Cinar.CMS.Serialization\nResultsPage,11,Search.aspxId,3,103Template,9,City.aspxRegion,6,HeaderOrderNo,1,2Name,10,SearchFormCSS,132,#SearchForm_103 {\n	position:absolute;\n	right:147px;\n	top:156px;\n}\n#SearchForm_103 input.searchText {\n	border:none;\n	width:114px;\n}\n\nTopHtml,273,<script>\nElement.observe(document, ''dom:loaded'', function(){\n	var sf = $(''SearchForm_82'');\n	sf.hide();\n	$(''searchTab'').on(''click'', function(){\n		sf.show();\n		sf.down(''.searchText'').focus();\n	});\n	sf.down(''.searchText'').on(''blur'', function(){\n		sf.hide();\n	});\n});\n</script>BottomHtml,0,ParentModuleId,3,101CSSClass,0,UseCache,7,DefaultCacheLifeTime,1,0', null, null, '101', null, 'Default', null);
insert into [module] ([Id], [Template], [Region], [OrderNo], [Name], [CSS], [Details], [TopHtml], [BottomHtml], [ParentModuleId], [CSSClass], [UseCache], [CacheLifeTime]) values ('104', 'City.aspx', 'Footer', '0', 'RegionRepeater', '', 'Cinar.CMS.Serialization\nPage,12,Default.aspxRegionToCopy,6,FooterId,3,104Template,9,City.aspxRegion,6,FooterOrderNo,1,0Name,14,RegionRepeaterCSS,0,TopHtml,0,BottomHtml,0,ParentModuleId,1,0CSSClass,0,UseCache,7,DefaultCacheLifeTime,1,0', null, null, '0', null, 'Default', null);
insert into [module] ([Id], [Template], [Region], [OrderNo], [Name], [CSS], [Details], [TopHtml], [BottomHtml], [ParentModuleId], [CSSClass], [UseCache], [CacheLifeTime]) values ('105', 'City.aspx', 'Footer', '1', 'StaticHtml', '#StaticHtml_105 {\n	border-top:1px solid black;\n	text-align:center;\n	font-weight:bold;\n	padding:4px;\n	margin-top:10px;\n	clear:both;\n	margin-top:30px;\n}\n', 'Cinar.CMS.Serialization\nInnerHtml,173,<a href="/Other.aspx?item=33">ABOUT US</a> &nbsp; &nbsp; &nbsp;\n<a href="/Other.aspx?item=34">CONTACT US</a> &nbsp; &nbsp; &nbsp;\n<a href="/">(C) 2011 BLANK-MAGAZINE.COM</a>LangId1,1,0InnerHtml1,0,LangId2,1,0InnerHtml2,0,LangId3,1,0InnerHtml3,0,Id,3,105Template,9,City.aspxRegion,6,FooterOrderNo,1,1Name,10,StaticHtmlCSS,151,#StaticHtml_105 {\n	border-top:1px solid black;\n	text-align:center;\n	font-weight:bold;\n	padding:4px;\n	margin-top:10px;\n	clear:both;\n	margin-top:30px;\n}\nTopHtml,0,BottomHtml,0,ParentModuleId,3,104CSSClass,0,UseCache,7,DefaultCacheLifeTime,1,0', null, null, '104', null, 'Default', null);
insert into [module] ([Id], [Template], [Region], [OrderNo], [Name], [CSS], [Details], [TopHtml], [BottomHtml], [ParentModuleId], [CSSClass], [UseCache], [CacheLifeTime]) values ('107', 'City.aspx', 'ContentLeft', '0', 'ContentListByFilter', '', 'Cinar.CMS.Serialization\nFilter,12,CategoryId=3HowManyItems,1,2SkipFirst,1,0Random,1,0OrderBy,19,Content.PublishDateAscending,5,FalseShowPictureLeftRight,5,FalseShowCurrentContent,5,FalseShowFirstItemWithPicture,5,FalseWhichPicture,15,Content.PicturePictureWidth,3,214PictureHeight,1,0BulletIcon,0,TitleLength,2,50DescriptionLength,3,150DateFormat,12,dd MMMM yyyyFieldOrder,28,image,title,description,dateCreateLink,4,TrueLinkTarget,0,ShowDescriptionAsLink,5,FalseUseTemplate,0,ForceToUseTemplate,5,FalseMoreLink,0,DisplayAsTable,5,FalseCols,1,1EncloseWithDiv,5,FalseId,3,107Template,9,City.aspxRegion,11,ContentLeftOrderNo,1,0Name,19,ContentListByFilterCSS,0,TopHtml,0,BottomHtml,0,ParentModuleId,1,0CSSClass,17,vitrin toogleDescUseCache,7,DefaultCacheLifeTime,1,0', null, null, '0', null, 'Default', null);
insert into [module] ([Id], [Template], [Region], [OrderNo], [Name], [CSS], [Details], [TopHtml], [BottomHtml], [ParentModuleId], [CSSClass], [UseCache], [CacheLifeTime]) values ('109', 'City.aspx', 'Content', '0', 'ContentListByFilter', '', 'Cinar.CMS.Serialization\nFilter,12,CategoryId=3HowManyItems,1,4SkipFirst,1,2Random,1,0OrderBy,19,Content.PublishDateAscending,5,FalseShowPictureLeftRight,5,FalseShowCurrentContent,5,FalseShowFirstItemWithPicture,5,FalseWhichPicture,15,Content.PicturePictureWidth,3,214PictureHeight,1,0BulletIcon,0,TitleLength,2,50DescriptionLength,3,150DateFormat,12,dd MMMM yyyyFieldOrder,28,image,title,description,dateCreateLink,4,TrueLinkTarget,0,ShowDescriptionAsLink,5,FalseUseTemplate,0,ForceToUseTemplate,5,FalseMoreLink,0,DisplayAsTable,5,FalseCols,1,1EncloseWithDiv,5,FalseId,3,109Template,9,City.aspxRegion,7,ContentOrderNo,1,0Name,19,ContentListByFilterCSS,0,TopHtml,0,BottomHtml,0,ParentModuleId,1,0CSSClass,17,vitrin toogleDescUseCache,7,DefaultCacheLifeTime,1,0', null, null, '0', null, 'Default', null);
insert into [module] ([Id], [Template], [Region], [OrderNo], [Name], [CSS], [Details], [TopHtml], [BottomHtml], [ParentModuleId], [CSSClass], [UseCache], [CacheLifeTime]) values ('110', 'City.aspx', 'Content2', '0', 'ContentListByFilter', '', 'Cinar.CMS.Serialization\nFilter,12,CategoryId=3HowManyItems,1,6SkipFirst,1,4Random,1,0OrderBy,19,Content.PublishDateAscending,5,FalseShowPictureLeftRight,5,FalseShowCurrentContent,5,FalseShowFirstItemWithPicture,5,FalseWhichPicture,15,Content.PicturePictureWidth,3,214PictureHeight,1,0BulletIcon,0,TitleLength,2,50DescriptionLength,3,150DateFormat,12,dd MMMM yyyyFieldOrder,28,image,title,description,dateCreateLink,4,TrueLinkTarget,0,ShowDescriptionAsLink,5,FalseUseTemplate,0,ForceToUseTemplate,5,FalseMoreLink,0,DisplayAsTable,5,FalseCols,1,1EncloseWithDiv,5,FalseId,3,110Template,9,City.aspxRegion,8,Content2OrderNo,1,0Name,19,ContentListByFilterCSS,0,TopHtml,0,BottomHtml,0,ParentModuleId,1,0CSSClass,17,vitrin toogleDescUseCache,7,DefaultCacheLifeTime,1,0', null, null, '0', null, 'Default', null);
insert into [module] ([Id], [Template], [Region], [OrderNo], [Name], [CSS], [Details], [TopHtml], [BottomHtml], [ParentModuleId], [CSSClass], [UseCache], [CacheLifeTime]) values ('111', 'City.aspx', 'ContentRight', '0', 'ContentListByFilter', '', 'Cinar.CMS.Serialization\nFilter,12,CategoryId=3HowManyItems,1,8SkipFirst,1,6Random,1,0OrderBy,19,Content.PublishDateAscending,5,FalseShowPictureLeftRight,5,FalseShowCurrentContent,5,FalseShowFirstItemWithPicture,5,FalseWhichPicture,15,Content.PicturePictureWidth,3,214PictureHeight,1,0BulletIcon,0,TitleLength,2,50DescriptionLength,3,150DateFormat,12,dd MMMM yyyyFieldOrder,28,image,title,description,dateCreateLink,4,TrueLinkTarget,0,ShowDescriptionAsLink,5,FalseUseTemplate,0,ForceToUseTemplate,5,FalseMoreLink,0,DisplayAsTable,5,FalseCols,1,1EncloseWithDiv,5,FalseId,3,111Template,9,City.aspxRegion,12,ContentRightOrderNo,1,0Name,19,ContentListByFilterCSS,0,TopHtml,0,BottomHtml,0,ParentModuleId,1,0CSSClass,17,vitrin toogleDescUseCache,7,DefaultCacheLifeTime,1,0', null, null, '0', null, 'Default', null);
insert into [module] ([Id], [Template], [Region], [OrderNo], [Name], [CSS], [Details], [TopHtml], [BottomHtml], [ParentModuleId], [CSSClass], [UseCache], [CacheLifeTime]) values ('112', 'Category.aspx', 'Header', '0', 'RegionRepeater', '', 'Cinar.CMS.Serialization\nId,3,112Template,13,Category.aspxRegion,6,HeaderOrderNo,1,0Name,14,RegionRepeaterCSS,0,TopHtml,0,BottomHtml,0,ParentModuleId,1,0CSSClass,0,UseCache,7,DefaultCacheLifeTime,1,0RegionToCopy,6,HeaderPage,12,Default.aspx', null, null, '0', null, 'Default', null);
insert into [module] ([Id], [Template], [Region], [OrderNo], [Name], [CSS], [Details], [TopHtml], [BottomHtml], [ParentModuleId], [CSSClass], [UseCache], [CacheLifeTime]) values ('113', 'Category.aspx', 'Header', '1', 'StaticHtml', '#StaticHtml_113 {\n}\n\n#StaticHtml_113 .headerMenu { border-bottom:1px solid black}\n#StaticHtml_113 .tab {\n	border:1px solid black; \n	border-bottom:none;\n	float:right; \n	padding:2px 40px;\n	cursor:pointer;\n	margin-left:10px;\n}\n#StaticHtml_113 .search {\n}\n#StaticHtml_113 .subscribe {\n	background:black;\n	color:white;\n}', 'Cinar.CMS.Serialization\nInnerHtml,244,<a href="/Default.aspx"><img src="/UserFiles/Images/design/logo.jpg" border="0"/></a>\n\n<div class="headerMenu">\n<div class="subscribe tab">Subscribe</div>\n<div class="search tab" id="searchTab">Search</div>\n<div style="clear:both"></div>\n</div>LangId1,1,0InnerHtml1,0,LangId2,1,0InnerHtml2,0,LangId3,1,0InnerHtml3,0,Id,3,113Template,13,Category.aspxRegion,6,HeaderOrderNo,1,1Name,10,StaticHtmlCSS,315,#StaticHtml_113 {\n}\n\n#StaticHtml_113 .headerMenu { border-bottom:1px solid black}\n#StaticHtml_113 .tab {\n	border:1px solid black; \n	border-bottom:none;\n	float:right; \n	padding:2px 40px;\n	cursor:pointer;\n	margin-left:10px;\n}\n#StaticHtml_113 .search {\n}\n#StaticHtml_113 .subscribe {\n	background:black;\n	color:white;\n}TopHtml,0,BottomHtml,0,ParentModuleId,3,112CSSClass,0,UseCache,7,DefaultCacheLifeTime,1,0', null, null, '112', null, 'Default', null);
insert into [module] ([Id], [Template], [Region], [OrderNo], [Name], [CSS], [Details], [TopHtml], [BottomHtml], [ParentModuleId], [CSSClass], [UseCache], [CacheLifeTime]) values ('114', 'Category.aspx', 'Header', '2', 'SearchForm', '#SearchForm_114 {\n	position:absolute;\n	right:147px;\n	top:156px;\n}\n#SearchForm_114 input.searchText {\n	border:none;\n	width:114px;\n}\n\n', 'Cinar.CMS.Serialization\nResultsPage,11,Search.aspxId,3,114Template,13,Category.aspxRegion,6,HeaderOrderNo,1,2Name,10,SearchFormCSS,132,#SearchForm_114 {\n	position:absolute;\n	right:147px;\n	top:156px;\n}\n#SearchForm_114 input.searchText {\n	border:none;\n	width:114px;\n}\n\nTopHtml,273,<script>\nElement.observe(document, ''dom:loaded'', function(){\n	var sf = $(''SearchForm_82'');\n	sf.hide();\n	$(''searchTab'').on(''click'', function(){\n		sf.show();\n		sf.down(''.searchText'').focus();\n	});\n	sf.down(''.searchText'').on(''blur'', function(){\n		sf.hide();\n	});\n});\n</script>BottomHtml,0,ParentModuleId,3,112CSSClass,0,UseCache,7,DefaultCacheLifeTime,1,0', null, null, '112', null, 'Default', null);
insert into [module] ([Id], [Template], [Region], [OrderNo], [Name], [CSS], [Details], [TopHtml], [BottomHtml], [ParentModuleId], [CSSClass], [UseCache], [CacheLifeTime]) values ('115', 'Category.aspx', 'Footer', '0', 'ContentListByTag', '#ContentListByTag_115 div.title {\n	border-bottom:1px solid black;\n	padding:50px 0px 5px 65px;\n	margin-bottom:30px;\n}\n\n#ContentListByTag_115 div.paging {\n	float:left;\n	width:60px;\n	height:120px;\n	background-repeat:no-repeat;\n}\n\n#ContentListByTag_115 .cerceve {\n	float:left;\n	width:855px;\n	border: 1px solid #efefef;\n\n}\n\n#ContentListByTag_115 div.clItem {\n	float:left;\n	margin:0px 5px 5px 0px;\n}\n', 'Cinar.CMS.Serialization\nFilter,16,AuthorId=@AuthorHowManyItems,2,10SkipFirst,1,0Random,1,0OrderBy,19,Content.PublishDateAscending,5,FalseShowPictureLeftRight,5,FalseShowCurrentContent,4,TrueShowFirstItemWithPicture,5,FalseWhichPicture,15,Content.PicturePictureWidth,1,0PictureHeight,3,120BulletIcon,0,TitleLength,2,50DescriptionLength,3,150DateFormat,12,dd MMMM yyyyFieldOrder,5,imageCreateLink,4,TrueLinkTarget,0,ShowDescriptionAsLink,5,FalseUseTemplate,0,ForceToUseTemplate,5,FalseMoreLink,0,DisplayAsTable,5,FalseCols,1,1EncloseWithDiv,5,FalseId,3,115Template,13,Category.aspxRegion,6,FooterOrderNo,1,0Name,16,ContentListByTagCSS,394,#ContentListByTag_115 div.title {\n	border-bottom:1px solid black;\n	padding:50px 0px 5px 65px;\n	margin-bottom:30px;\n}\n\n#ContentListByTag_115 div.paging {\n	float:left;\n	width:60px;\n	height:120px;\n	background-repeat:no-repeat;\n}\n\n#ContentListByTag_115 .cerceve {\n	float:left;\n	width:855px;\n	border: 1px solid #efefef;\n\n}\n\n#ContentListByTag_115 div.clItem {\n	float:left;\n	margin:0px 5px 5px 0px;\n}\nTopHtml,182,<div class="title">ARCHIVE</div>\n\n<div class="paging" style="background-image:url(/UserFiles/Images/design/prev.png); background-position:right center;"></div>\n\n<div class="cerceve">BottomHtml,163,</div>\n<div class="paging"  style="background-image:url(/UserFiles/Images/design/next.png); background-position:left center;"></div>\n<div style="clear:both"></div>ParentModuleId,1,0CSSClass,0,UseCache,7,DefaultCacheLifeTime,1,0', null, null, '0', null, 'Default', null);
insert into [module] ([Id], [Template], [Region], [OrderNo], [Name], [CSS], [Details], [TopHtml], [BottomHtml], [ParentModuleId], [CSSClass], [UseCache], [CacheLifeTime]) values ('116', 'Category.aspx', 'ContentLeft', '0', 'RegionRepeater', '', 'Cinar.CMS.Serialization\nId,3,116Template,13,Category.aspxRegion,11,ContentLeftOrderNo,1,0Name,14,RegionRepeaterCSS,0,TopHtml,0,BottomHtml,0,ParentModuleId,1,0CSSClass,0,UseCache,7,DefaultCacheLifeTime,1,0RegionToCopy,11,ContentLeftPage,12,Content.aspx', null, null, '0', null, 'Default', null);
insert into [module] ([Id], [Template], [Region], [OrderNo], [Name], [CSS], [Details], [TopHtml], [BottomHtml], [ParentModuleId], [CSSClass], [UseCache], [CacheLifeTime]) values ('117', 'Category.aspx', 'ContentLeft', '1', 'ContentListByFilter', '#ContentListByFilter_117 {\n	margin-top:30px;\n}\n', 'Cinar.CMS.Serialization\nFilter,16,AuthorId=@AuthorHowManyItems,1,1SkipFirst,1,0Random,1,0OrderBy,19,Content.PublishDateAscending,5,FalseShowPictureLeftRight,5,FalseShowCurrentContent,4,TrueShowFirstItemWithPicture,5,FalseWhichPicture,17,TAuthorId.PicturePictureWidth,3,180PictureHeight,1,0BulletIcon,0,TitleLength,2,50DescriptionLength,3,150DateFormat,12,dd MMMM yyyyFieldOrder,12,image,authorCreateLink,4,TrueLinkTarget,0,ShowDescriptionAsLink,5,FalseUseTemplate,0,ForceToUseTemplate,5,FalseMoreLink,0,DisplayAsTable,5,FalseCols,1,1EncloseWithDiv,5,FalseId,3,117Template,13,Category.aspxRegion,11,ContentLeftOrderNo,1,1Name,19,ContentListByFilterCSS,47,#ContentListByFilter_117 {\n	margin-top:30px;\n}\nTopHtml,0,BottomHtml,0,ParentModuleId,3,116CSSClass,22,vitrin solda rotate-10UseCache,7,DefaultCacheLifeTime,1,0', null, null, '116', null, 'Default', null);
insert into [module] ([Id], [Template], [Region], [OrderNo], [Name], [CSS], [Details], [TopHtml], [BottomHtml], [ParentModuleId], [CSSClass], [UseCache], [CacheLifeTime]) values ('118', 'Category.aspx', 'ContentLeft', '2', 'SQLDataList', '#SQLDataList_118 {\n	margin-top:60px;\n	width:230px;\n}\n#SQLDataList_118 .tag {\n	border-bottom: 1px solid #8A8A8A;\n	padding:10px 0px 4px 4px;\n	text-transform:uppercase;\n}', 'Cinar.CMS.Serialization\nSQL,171,SELECT\n	t.Id,\n	t.Name\nFROM\n	Tag t\n	INNER JOIN ContentTag ct ON ct.TagId = t.Id\n	INNER JOIN Content c ON c.Id = ct.ContentId\nWHERE\n	c.AuthorId = $=Context.Content.AuthorId$DataTemplate,110,<div class="tag">\n<a href="/AuthorList.aspx?item=$=Context.Content.Id$&tagId=$=row.Id$">$=row.Name$</a>\n</div>PictureWidth,1,0PictureHeight,1,0DisplayAsTable,5,FalseCols,1,1EncloseWithDiv,5,FalseId,3,118Template,13,Category.aspxRegion,11,ContentLeftOrderNo,1,2Name,11,SQLDataListCSS,167,#SQLDataList_118 {\n	margin-top:60px;\n	width:230px;\n}\n#SQLDataList_118 .tag {\n	border-bottom: 1px solid #8A8A8A;\n	padding:10px 0px 4px 4px;\n	text-transform:uppercase;\n}TopHtml,0,BottomHtml,0,ParentModuleId,3,116CSSClass,5,soldaUseCache,7,DefaultCacheLifeTime,1,0', null, null, '116', null, 'Default', null);
insert into [module] ([Id], [Template], [Region], [OrderNo], [Name], [CSS], [Details], [TopHtml], [BottomHtml], [ParentModuleId], [CSSClass], [UseCache], [CacheLifeTime]) values ('119', 'Category.aspx', 'Footer', '1', 'RegionRepeater', '', 'Cinar.CMS.Serialization\nId,3,119Template,13,Category.aspxRegion,6,FooterOrderNo,1,1Name,14,RegionRepeaterCSS,0,TopHtml,0,BottomHtml,0,ParentModuleId,1,0CSSClass,0,UseCache,7,DefaultCacheLifeTime,1,0RegionToCopy,6,FooterPage,12,Default.aspx', null, null, '0', null, 'Default', null);
insert into [module] ([Id], [Template], [Region], [OrderNo], [Name], [CSS], [Details], [TopHtml], [BottomHtml], [ParentModuleId], [CSSClass], [UseCache], [CacheLifeTime]) values ('120', 'Category.aspx', 'Footer', '2', 'StaticHtml', '#StaticHtml_120 {\n	border-top:1px solid black;\n	text-align:center;\n	font-weight:bold;\n	padding:4px;\n	margin-top:10px;\n	clear:both;\n	margin-top:30px;\n}\n', 'Cinar.CMS.Serialization\nInnerHtml,173,<a href="/Other.aspx?item=33">ABOUT US</a> &nbsp; &nbsp; &nbsp;\n<a href="/Other.aspx?item=34">CONTACT US</a> &nbsp; &nbsp; &nbsp;\n<a href="/">(C) 2011 BLANK-MAGAZINE.COM</a>LangId1,1,0InnerHtml1,0,LangId2,1,0InnerHtml2,0,LangId3,1,0InnerHtml3,0,Id,3,120Template,13,Category.aspxRegion,6,FooterOrderNo,1,2Name,10,StaticHtmlCSS,151,#StaticHtml_120 {\n	border-top:1px solid black;\n	text-align:center;\n	font-weight:bold;\n	padding:4px;\n	margin-top:10px;\n	clear:both;\n	margin-top:30px;\n}\nTopHtml,0,BottomHtml,0,ParentModuleId,3,119CSSClass,0,UseCache,7,DefaultCacheLifeTime,1,0', null, null, '119', null, 'Default', null);
insert into [module] ([Id], [Template], [Region], [OrderNo], [Name], [CSS], [Details], [TopHtml], [BottomHtml], [ParentModuleId], [CSSClass], [UseCache], [CacheLifeTime]) values ('121', 'Category.aspx', 'Content', '0', 'ContentListByTag', '#ContentListByTag_121 .extraItemDiv {\n	border:1px solid #E5E5E5;\n	margin-top:10px;\n	background:#E1E3E2;\n	padding: 24px;\n\n	-moz-box-shadow: 3px 3px 4px #E5E5E5;\n	-webkit-box-shadow: 3px 3px 4px #E5E5E5;\n	box-shadow: 3px 3px 4px #E5E5E5;\n	/* For IE 8 */\n	-ms-filter: "progid:DXImageTransform.Microsoft.Shadow(Strength=4, Direction=135, Color=''#E5E5E5'')";\n	/* For IE 5.5 - 7 */\n	filter: progid:DXImageTransform.Microsoft.Shadow(Strength=4, Direction=135, Color=''#E5E5E5'');\n}\n#ContentListByTag_121 img.pic {\n}\n#ContentListByTag_121 div.clItem {\n	padding:24px;\n	background:white;\n}\n#ContentListByTag_121 div.clTitle {\n	font-weight:bold;\n	font-size:18px;\n	border-bottom:1px solid #CFCFCF;\n	padding-bottom:1px;\n}\n#ContentListByTag_121 div.clPubDate {\n	margin-bottom:24px;\n	font-size:12px;\n	margin-top:2px;\n}\n#ContentListByTag_121 div.clMetin {\n	background:white;	\n}', 'Cinar.CMS.Serialization\nFilter,20,CategoryId=@CategoryHowManyItems,1,2SkipFirst,1,0Random,1,0OrderBy,19,Content.PublishDateAscending,5,FalseShowPictureLeftRight,5,FalseShowCurrentContent,4,TrueShowFirstItemWithPicture,5,FalseWhichPicture,15,Content.PicturePictureWidth,3,636PictureHeight,1,0BulletIcon,0,TitleLength,2,50DescriptionLength,3,150DateFormat,12,dd MMMM yyyyFieldOrder,16,title,date,imageCreateLink,4,TrueLinkTarget,0,ShowDescriptionAsLink,5,FalseUseTemplate,0,ForceToUseTemplate,5,FalseMoreLink,0,DisplayAsTable,5,FalseCols,1,1EncloseWithDiv,4,TrueId,3,121Template,13,Category.aspxRegion,7,ContentOrderNo,1,0Name,16,ContentListByTagCSS,858,#ContentListByTag_121 .extraItemDiv {\n	border:1px solid #E5E5E5;\n	margin-top:10px;\n	background:#E1E3E2;\n	padding: 24px;\n\n	-moz-box-shadow: 3px 3px 4px #E5E5E5;\n	-webkit-box-shadow: 3px 3px 4px #E5E5E5;\n	box-shadow: 3px 3px 4px #E5E5E5;\n	/* For IE 8 */\n	-ms-filter: "progid:DXImageTransform.Microsoft.Shadow(Strength=4, Direction=135, Color=''#E5E5E5'')";\n	/* For IE 5.5 - 7 */\n	filter: progid:DXImageTransform.Microsoft.Shadow(Strength=4, Direction=135, Color=''#E5E5E5'');\n}\n#ContentListByTag_121 img.pic {\n}\n#ContentListByTag_121 div.clItem {\n	padding:24px;\n	background:white;\n}\n#ContentListByTag_121 div.clTitle {\n	font-weight:bold;\n	font-size:18px;\n	border-bottom:1px solid #CFCFCF;\n	padding-bottom:1px;\n}\n#ContentListByTag_121 div.clPubDate {\n	margin-bottom:24px;\n	font-size:12px;\n	margin-top:2px;\n}\n#ContentListByTag_121 div.clMetin {\n	background:white;	\n}TopHtml,0,BottomHtml,0,ParentModuleId,1,0CSSClass,0,UseCache,7,DefaultCacheLifeTime,1,0DivClassName,12,extraItemDivCropPicture,5,False', null, null, '0', null, 'Default', null);
insert into [module] ([Id], [Template], [Region], [OrderNo], [Name], [CSS], [Details], [TopHtml], [BottomHtml], [ParentModuleId], [CSSClass], [UseCache], [CacheLifeTime]) values ('123', 'Content.aspx', 'Content', '0', 'ContentDisplay', '', 'Cinar.CMS.Serialization\nFieldOrder,22,title,date,region,textDateFormat,12,dd MMMM yyyyFilter,11,Id=@ContentTagTemplate,0,Id,3,123Template,12,Content.aspxRegion,7,ContentOrderNo,1,0Name,14,ContentDisplayCSS,0,TopHtml,22,<div class="innerDiv">BottomHtml,1363,</div>\n<p style="text-align:right;padding:20px 20px;background:white">\n<img \n	src="/UserFiles/Images/design/back_light.png" \n	style="float:left;cursor:pointer"\n	onmouseover="this.src=''/UserFiles/Images/design/back.png'';"\n	onmouseout="this.src=''/UserFiles/Images/design/back_light.png'';"\n	onclick="location.href=location.href.replace(''Content.aspx'',''Category.aspx'');"\n	/>\n<a title="facebook" onclick="window.open(''http://www.facebook.com/sharer.php?u=''+encodeURIComponent(location.href), ''facebook'',''toolbar=yes,scrollbars=yes,resizable=yes,width=800,height=600''); return false;" href="javascript:;"><img src="/UserFiles/Images/design/facebook.png" border="0"/></a>\n<a title="twitter" onclick="window.open(''http://twitter.com/?status=''+encodeURIComponent(document.title)+'' ''+encodeURIComponent(location.href), ''twitter'',''toolbar=yes,scrollbars=yes,resizable=yes,width=800,height=600''); return false;" href="javascript:;"><img src="/UserFiles/Images/design/twitter.png" border="0"/></a>\n<a title="google" onclick="window.open(''http://www.google.com/bookmarks/mark?op=edit&amp;bkmk=''+encodeURIComponent(location.href)+''&amp;title=''+encodeURIComponent(document.title)+''&amp;source=Blank'', ''google'',''toolbar=yes,scrollbars=yes,resizable=yes,width=800,height=600''); return false;" href="javascript:;"><img src="/UserFiles/Images/design/google.png" border="0"/></a>\n</p>ParentModuleId,1,0CSSClass,17,clsContentDisplayUseCache,7,DefaultCacheLifeTime,1,0', null, null, '0', null, 'Default', null);
insert into [module] ([Id], [Template], [Region], [OrderNo], [Name], [CSS], [Details], [TopHtml], [BottomHtml], [ParentModuleId], [CSSClass], [UseCache], [CacheLifeTime]) values ('124', 'Content.aspx', 'conRegion123', '0', 'ContentGallery', '', 'Cinar.CMS.Serialization\nPictureWidth,3,636PictureHeight,1,0ShowTitle,4,TrueShowTitleFirst,5,FalseDisplayAsTable,5,FalseCols,1,1EncloseWithDiv,5,FalseId,3,124Template,12,Content.aspxRegion,12,conRegion123OrderNo,1,0Name,14,ContentGalleryCSS,0,TopHtml,0,BottomHtml,0,ParentModuleId,3,123CSSClass,0,UseCache,7,DefaultCacheLifeTime,1,0', null, null, '123', null, 'Default', null);
insert into [module] ([Id], [Template], [Region], [OrderNo], [Name], [CSS], [Details], [TopHtml], [BottomHtml], [ParentModuleId], [CSSClass], [UseCache], [CacheLifeTime]) values ('125', 'Content.aspx', 'Header', '0', 'RegionRepeater', '', 'Cinar.CMS.Serialization\nId,3,125Template,12,Content.aspxRegion,6,HeaderOrderNo,1,0Name,14,RegionRepeaterCSS,0,TopHtml,0,BottomHtml,0,ParentModuleId,1,0CSSClass,0,UseCache,7,DefaultCacheLifeTime,1,0RegionToCopy,6,HeaderPage,12,Default.aspx', null, null, '0', null, 'Default', null);
insert into [module] ([Id], [Template], [Region], [OrderNo], [Name], [CSS], [Details], [TopHtml], [BottomHtml], [ParentModuleId], [CSSClass], [UseCache], [CacheLifeTime]) values ('126', 'Content.aspx', 'Header', '1', 'StaticHtml', '#StaticHtml_126 {\n}\n\n#StaticHtml_126 .headerMenu { border-bottom:1px solid black}\n#StaticHtml_126 .tab {\n	border:1px solid black; \n	border-bottom:none;\n	float:right; \n	padding:2px 40px;\n	cursor:pointer;\n	margin-left:10px;\n}\n#StaticHtml_126 .search {\n}\n#StaticHtml_126 .subscribe {\n	background:black;\n	color:white;\n}', 'Cinar.CMS.Serialization\nInnerHtml,244,<a href="/Default.aspx"><img src="/UserFiles/Images/design/logo.jpg" border="0"/></a>\n\n<div class="headerMenu">\n<div class="subscribe tab">Subscribe</div>\n<div class="search tab" id="searchTab">Search</div>\n<div style="clear:both"></div>\n</div>LangId1,1,0InnerHtml1,0,LangId2,1,0InnerHtml2,0,LangId3,1,0InnerHtml3,0,Id,3,126Template,12,Content.aspxRegion,6,HeaderOrderNo,1,1Name,10,StaticHtmlCSS,315,#StaticHtml_126 {\n}\n\n#StaticHtml_126 .headerMenu { border-bottom:1px solid black}\n#StaticHtml_126 .tab {\n	border:1px solid black; \n	border-bottom:none;\n	float:right; \n	padding:2px 40px;\n	cursor:pointer;\n	margin-left:10px;\n}\n#StaticHtml_126 .search {\n}\n#StaticHtml_126 .subscribe {\n	background:black;\n	color:white;\n}TopHtml,0,BottomHtml,0,ParentModuleId,3,125CSSClass,0,UseCache,7,DefaultCacheLifeTime,1,0', null, null, '125', null, 'Default', null);
insert into [module] ([Id], [Template], [Region], [OrderNo], [Name], [CSS], [Details], [TopHtml], [BottomHtml], [ParentModuleId], [CSSClass], [UseCache], [CacheLifeTime]) values ('127', 'Content.aspx', 'Header', '2', 'SearchForm', '#SearchForm_127 {\n	position:absolute;\n	right:147px;\n	top:156px;\n}\n#SearchForm_127 input.searchText {\n	border:none;\n	width:114px;\n}\n\n', 'Cinar.CMS.Serialization\nResultsPage,11,Search.aspxId,3,127Template,12,Content.aspxRegion,6,HeaderOrderNo,1,2Name,10,SearchFormCSS,132,#SearchForm_127 {\n	position:absolute;\n	right:147px;\n	top:156px;\n}\n#SearchForm_127 input.searchText {\n	border:none;\n	width:114px;\n}\n\nTopHtml,273,<script>\nElement.observe(document, ''dom:loaded'', function(){\n	var sf = $(''SearchForm_82'');\n	sf.hide();\n	$(''searchTab'').on(''click'', function(){\n		sf.show();\n		sf.down(''.searchText'').focus();\n	});\n	sf.down(''.searchText'').on(''blur'', function(){\n		sf.hide();\n	});\n});\n</script>BottomHtml,0,ParentModuleId,3,125CSSClass,0,UseCache,7,DefaultCacheLifeTime,1,0', null, null, '125', null, 'Default', null);
insert into [module] ([Id], [Template], [Region], [OrderNo], [Name], [CSS], [Details], [TopHtml], [BottomHtml], [ParentModuleId], [CSSClass], [UseCache], [CacheLifeTime]) values ('128', 'Content.aspx', 'ContentLeft', '2', 'SQLDataList', '', 'Cinar.CMS.Serialization\nSQL,184,SELECT DISTINCT\n	t.Id,\n	t.Name\nFROM\n	Tag t\n	INNER JOIN ContentTag ct ON ct.TagId = t.Id\n	INNER JOIN Content c ON c.Id = ct.ContentId\nWHERE\n	c.CategoryId = $=Context.Content.CategoryId$DataTemplate,108,<div class="tag">\n<a href="/Category.aspx?item=$=Context.Content.Id$&tagId=$=row.Id$">$=row.Name$</a>\n</div>PictureWidth,1,0PictureHeight,1,0DisplayAsTable,5,FalseCols,1,1EncloseWithDiv,5,FalseId,3,128Template,12,Content.aspxRegion,11,ContentLeftOrderNo,1,2Name,11,SQLDataListCSS,0,TopHtml,0,BottomHtml,0,ParentModuleId,1,0CSSClass,10,solda tagsUseCache,7,DefaultCacheLifeTime,1,0CropPicture,5,FalseDivClassName,12,extraItemDiv', null, null, '0', null, 'Default', null);
insert into [module] ([Id], [Template], [Region], [OrderNo], [Name], [CSS], [Details], [TopHtml], [BottomHtml], [ParentModuleId], [CSSClass], [UseCache], [CacheLifeTime]) values ('129', 'Content.aspx', 'Footer', '0', 'ContentListByTag', '#ContentListByTag_129 div.title {\n	border-bottom:1px solid black;\n	padding:50px 0px 5px 65px;\n	margin-bottom:30px;\n	font-family:spinnaker;\n}\n\n#ContentListByTag_129 div.paging {\n	float:left;\n	width:60px;\n	height:120px;\n	background-repeat:no-repeat;\n}\n\n#ContentListByTag_129 .cerceve {\n	float:left;\n	width:855px;\n	border: 1px solid #efefef;\n\n}\n\n#ContentListByTag_129 div.clItem {\n	float:left;\n	margin:0px 5px 5px 0px;\n}\n', 'Cinar.CMS.Serialization\nFilter,20,CategoryId=@CategoryHowManyItems,2,10SkipFirst,1,0Random,1,0OrderBy,19,Content.PublishDateAscending,5,FalseShowPictureLeftRight,5,FalseShowCurrentContent,4,TrueShowFirstItemWithPicture,5,FalseWhichPicture,15,Content.PicturePictureWidth,1,0PictureHeight,3,120BulletIcon,0,TitleLength,2,50DescriptionLength,3,150DateFormat,12,dd MMMM yyyyFieldOrder,5,imageCreateLink,4,TrueLinkTarget,0,ShowDescriptionAsLink,5,FalseUseTemplate,0,ForceToUseTemplate,5,FalseMoreLink,0,DisplayAsTable,5,FalseCols,1,1EncloseWithDiv,5,FalseId,3,129Template,12,Content.aspxRegion,6,FooterOrderNo,1,0Name,16,ContentListByTagCSS,418,#ContentListByTag_129 div.title {\n	border-bottom:1px solid black;\n	padding:50px 0px 5px 65px;\n	margin-bottom:30px;\n	font-family:spinnaker;\n}\n\n#ContentListByTag_129 div.paging {\n	float:left;\n	width:60px;\n	height:120px;\n	background-repeat:no-repeat;\n}\n\n#ContentListByTag_129 .cerceve {\n	float:left;\n	width:855px;\n	border: 1px solid #efefef;\n\n}\n\n#ContentListByTag_129 div.clItem {\n	float:left;\n	margin:0px 5px 5px 0px;\n}\nTopHtml,182,<div class="title">ARCHIVE</div>\n\n<div class="paging" style="background-image:url(/UserFiles/Images/design/prev.png); background-position:right center;"></div>\n\n<div class="cerceve">BottomHtml,163,</div>\n<div class="paging"  style="background-image:url(/UserFiles/Images/design/next.png); background-position:left center;"></div>\n<div style="clear:both"></div>ParentModuleId,1,0CSSClass,0,UseCache,7,DefaultCacheLifeTime,1,0CropPicture,5,FalseDivClassName,12,extraItemDiv', null, null, '0', null, 'Default', null);
insert into [module] ([Id], [Template], [Region], [OrderNo], [Name], [CSS], [Details], [TopHtml], [BottomHtml], [ParentModuleId], [CSSClass], [UseCache], [CacheLifeTime]) values ('130', 'Content.aspx', 'Footer', '1', 'RegionRepeater', '', 'Cinar.CMS.Serialization\nId,3,130Template,12,Content.aspxRegion,6,FooterOrderNo,1,1Name,14,RegionRepeaterCSS,0,TopHtml,0,BottomHtml,0,ParentModuleId,1,0CSSClass,0,UseCache,7,DefaultCacheLifeTime,1,0RegionToCopy,6,FooterPage,12,Default.aspx', null, null, '0', null, 'Default', null);
insert into [module] ([Id], [Template], [Region], [OrderNo], [Name], [CSS], [Details], [TopHtml], [BottomHtml], [ParentModuleId], [CSSClass], [UseCache], [CacheLifeTime]) values ('131', 'Content.aspx', 'Footer', '2', 'StaticHtml', '#StaticHtml_131 {\n	border-top:1px solid black;\n	text-align:center;\n	font-weight:bold;\n	padding:4px;\n	margin-top:10px;\n	clear:both;\n	margin-top:30px;\n}\n', 'Cinar.CMS.Serialization\nInnerHtml,173,<a href="/Other.aspx?item=33">ABOUT US</a> &nbsp; &nbsp; &nbsp;\n<a href="/Other.aspx?item=34">CONTACT US</a> &nbsp; &nbsp; &nbsp;\n<a href="/">(C) 2011 BLANK-MAGAZINE.COM</a>LangId1,1,0InnerHtml1,0,LangId2,1,0InnerHtml2,0,LangId3,1,0InnerHtml3,0,Id,3,131Template,12,Content.aspxRegion,6,FooterOrderNo,1,2Name,10,StaticHtmlCSS,151,#StaticHtml_131 {\n	border-top:1px solid black;\n	text-align:center;\n	font-weight:bold;\n	padding:4px;\n	margin-top:10px;\n	clear:both;\n	margin-top:30px;\n}\nTopHtml,0,BottomHtml,0,ParentModuleId,3,130CSSClass,0,UseCache,7,DefaultCacheLifeTime,1,0', null, null, '130', null, 'Default', null);
insert into [module] ([Id], [Template], [Region], [OrderNo], [Name], [CSS], [Details], [TopHtml], [BottomHtml], [ParentModuleId], [CSSClass], [UseCache], [CacheLifeTime]) values ('133', 'Default.aspx', 'OrtaLeft', '0', 'ContentListByFilter', '', 'Cinar.CMS.Serialization\nFilter,10,AuthorId=4HowManyItems,1,1SkipFirst,1,0Random,1,0OrderBy,19,Content.PublishDateAscending,5,FalseShowPictureLeftRight,5,FalseShowCurrentContent,5,FalseShowFirstItemWithPicture,5,FalseWhichPicture,17,TAuthorId.PicturePictureWidth,3,218PictureHeight,1,0BulletIcon,0,TitleLength,2,50DescriptionLength,3,150DateFormat,3,agoFieldOrder,29,image,author,description,dateCreateLink,4,TrueLinkTarget,0,ShowDescriptionAsLink,5,FalseUseTemplate,15,AuthorList.aspxForceToUseTemplate,4,TrueMoreLink,0,DisplayAsTable,5,FalseCols,1,1EncloseWithDiv,5,FalseId,3,133Template,12,Default.aspxRegion,8,OrtaLeftOrderNo,1,0Name,19,ContentListByFilterCSS,0,TopHtml,0,BottomHtml,0,ParentModuleId,1,0CSSClass,24,vitrin shadow toogleDescUseCache,7,DefaultCacheLifeTime,1,0CropPicture,5,FalseDivClassName,12,extraItemDiv', null, null, '0', null, 'Default', null);
insert into [module] ([Id], [Template], [Region], [OrderNo], [Name], [CSS], [Details], [TopHtml], [BottomHtml], [ParentModuleId], [CSSClass], [UseCache], [CacheLifeTime]) values ('134', 'Default.aspx', 'OrtaRight', '0', 'ContentListByFilter', '', 'Cinar.CMS.Serialization\nFilter,12,CategoryId=7HowManyItems,1,1SkipFirst,1,0Random,1,0OrderBy,19,Content.PublishDateAscending,5,FalseShowPictureLeftRight,5,FalseShowCurrentContent,5,FalseShowFirstItemWithPicture,5,FalseWhichPicture,15,Content.PicturePictureWidth,3,218PictureHeight,1,0BulletIcon,0,TitleLength,2,50DescriptionLength,3,100DateFormat,3,agoFieldOrder,31,image,category,description,dateCreateLink,4,TrueLinkTarget,0,ShowDescriptionAsLink,5,FalseUseTemplate,0,ForceToUseTemplate,5,FalseMoreLink,0,DisplayAsTable,5,FalseCols,1,1EncloseWithDiv,5,FalseId,3,134Template,12,Default.aspxRegion,9,OrtaRightOrderNo,1,0Name,19,ContentListByFilterCSS,0,TopHtml,0,BottomHtml,0,ParentModuleId,1,0CSSClass,24,vitrin shadow toogleDescUseCache,7,DefaultCacheLifeTime,1,0', null, null, '0', null, 'Default', null);
insert into [module] ([Id], [Template], [Region], [OrderNo], [Name], [CSS], [Details], [TopHtml], [BottomHtml], [ParentModuleId], [CSSClass], [UseCache], [CacheLifeTime]) values ('135', 'Default.aspx', 'OrtaLeft', '1', 'ContentListByFilter', '', 'Cinar.CMS.Serialization\nFilter,13,CategoryId=20HowManyItems,1,1SkipFirst,1,0Random,1,0OrderBy,19,Content.PublishDateAscending,5,FalseShowPictureLeftRight,5,FalseShowCurrentContent,5,FalseShowFirstItemWithPicture,5,FalseWhichPicture,15,Content.PicturePictureWidth,3,218PictureHeight,1,0BulletIcon,0,TitleLength,2,50DescriptionLength,3,150DateFormat,3,agoFieldOrder,31,image,category,description,dateCreateLink,4,TrueLinkTarget,0,ShowDescriptionAsLink,5,FalseUseTemplate,0,ForceToUseTemplate,5,FalseMoreLink,0,DisplayAsTable,5,FalseCols,1,1EncloseWithDiv,5,FalseId,3,135Template,12,Default.aspxRegion,8,OrtaLeftOrderNo,1,1Name,19,ContentListByFilterCSS,0,TopHtml,0,BottomHtml,0,ParentModuleId,1,0CSSClass,24,vitrin shadow toogleDescUseCache,7,DefaultCacheLifeTime,1,0', null, null, '0', null, 'Default', null);
insert into [module] ([Id], [Template], [Region], [OrderNo], [Name], [CSS], [Details], [TopHtml], [BottomHtml], [ParentModuleId], [CSSClass], [UseCache], [CacheLifeTime]) values ('136', 'Default.aspx', 'OrtaLeft', '2', 'ContentListByFilter', '', 'Cinar.CMS.Serialization\nFilter,13,CategoryId=26HowManyItems,1,1SkipFirst,1,0Random,1,0OrderBy,19,Content.PublishDateAscending,5,FalseShowPictureLeftRight,5,FalseShowCurrentContent,5,FalseShowFirstItemWithPicture,5,FalseWhichPicture,15,Content.PicturePictureWidth,3,218PictureHeight,1,0BulletIcon,0,TitleLength,2,50DescriptionLength,3,150DateFormat,3,agoFieldOrder,31,image,category,description,dateCreateLink,4,TrueLinkTarget,0,ShowDescriptionAsLink,5,FalseUseTemplate,0,ForceToUseTemplate,5,FalseMoreLink,0,DisplayAsTable,5,FalseCols,1,1EncloseWithDiv,5,FalseId,3,136Template,12,Default.aspxRegion,8,OrtaLeftOrderNo,1,2Name,19,ContentListByFilterCSS,0,TopHtml,0,BottomHtml,0,ParentModuleId,1,0CSSClass,24,vitrin shadow toogleDescUseCache,7,DefaultCacheLifeTime,1,0DivClassName,12,extraItemDivCropPicture,5,False', null, null, '0', null, 'Default', null);
insert into [module] ([Id], [Template], [Region], [OrderNo], [Name], [CSS], [Details], [TopHtml], [BottomHtml], [ParentModuleId], [CSSClass], [UseCache], [CacheLifeTime]) values ('137', 'Default.aspx', 'OrtaRight', '1', 'ContentListByFilter', '', 'Cinar.CMS.Serialization\nFilter,13,CategoryId=24HowManyItems,1,1SkipFirst,1,0Random,1,0OrderBy,19,Content.PublishDateAscending,5,FalseShowPictureLeftRight,5,FalseShowCurrentContent,5,FalseShowFirstItemWithPicture,5,FalseWhichPicture,15,Content.PicturePictureWidth,3,218PictureHeight,1,0BulletIcon,0,TitleLength,2,50DescriptionLength,3,150DateFormat,3,agoFieldOrder,31,image,category,description,dateCreateLink,4,TrueLinkTarget,0,ShowDescriptionAsLink,5,FalseUseTemplate,0,ForceToUseTemplate,5,FalseMoreLink,0,DisplayAsTable,5,FalseCols,1,1EncloseWithDiv,5,FalseId,3,137Template,12,Default.aspxRegion,9,OrtaRightOrderNo,1,1Name,19,ContentListByFilterCSS,0,TopHtml,0,BottomHtml,0,ParentModuleId,1,0CSSClass,24,vitrin shadow toogleDescUseCache,7,DefaultCacheLifeTime,1,0', null, null, '0', null, 'Default', null);
insert into [module] ([Id], [Template], [Region], [OrderNo], [Name], [CSS], [Details], [TopHtml], [BottomHtml], [ParentModuleId], [CSSClass], [UseCache], [CacheLifeTime]) values ('138', 'Default.aspx', 'OrtaRight', '2', 'ContentListByFilter', '', 'Cinar.CMS.Serialization\nFilter,13,CategoryId=22HowManyItems,1,1SkipFirst,1,0Random,1,0OrderBy,19,Content.PublishDateAscending,5,FalseShowPictureLeftRight,5,FalseShowCurrentContent,5,FalseShowFirstItemWithPicture,5,FalseWhichPicture,15,Content.PicturePictureWidth,3,218PictureHeight,1,0BulletIcon,0,TitleLength,2,50DescriptionLength,3,150DateFormat,3,agoFieldOrder,31,image,category,description,dateCreateLink,4,TrueLinkTarget,0,ShowDescriptionAsLink,5,FalseUseTemplate,0,ForceToUseTemplate,5,FalseMoreLink,0,DisplayAsTable,5,FalseCols,1,1EncloseWithDiv,5,FalseId,3,138Template,12,Default.aspxRegion,9,OrtaRightOrderNo,1,2Name,19,ContentListByFilterCSS,0,TopHtml,0,BottomHtml,0,ParentModuleId,1,0CSSClass,24,vitrin shadow toogleDescUseCache,7,DefaultCacheLifeTime,1,0', null, null, '0', null, 'Default', null);
insert into [module] ([Id], [Template], [Region], [OrderNo], [Name], [CSS], [Details], [TopHtml], [BottomHtml], [ParentModuleId], [CSSClass], [UseCache], [CacheLifeTime]) values ('142', 'AboutMe.aspx', 'Header', '0', 'RegionRepeater', '', 'Cinar.CMS.Serialization\nPage,12,Default.aspxRegionToCopy,6,HeaderId,3,142Template,12,AboutMe.aspxRegion,6,HeaderOrderNo,1,0Name,14,RegionRepeaterCSS,0,TopHtml,0,BottomHtml,0,ParentModuleId,1,0CSSClass,0,UseCache,7,DefaultCacheLifeTime,1,0', null, null, '0', null, 'Default', null);
insert into [module] ([Id], [Template], [Region], [OrderNo], [Name], [CSS], [Details], [TopHtml], [BottomHtml], [ParentModuleId], [CSSClass], [UseCache], [CacheLifeTime]) values ('143', 'AboutMe.aspx', 'Header', '1', 'StaticHtml', '#StaticHtml_143 {\n}\n\n#StaticHtml_143 .headerMenu { border-bottom:1px solid black}\n#StaticHtml_143 .tab {\n	border:1px solid black; \n	border-bottom:none;\n	float:right; \n	padding:2px 40px;\n	cursor:pointer;\n	margin-left:10px;\n}\n#StaticHtml_143 .search {\n}\n#StaticHtml_143 .subscribe {\n	background:black;\n	color:white;\n}', 'Cinar.CMS.Serialization\nInnerHtml,244,<a href="/Default.aspx"><img src="/UserFiles/Images/design/logo.jpg" border="0"/></a>\n\n<div class="headerMenu">\n<div class="subscribe tab">Subscribe</div>\n<div class="search tab" id="searchTab">Search</div>\n<div style="clear:both"></div>\n</div>LangId1,1,0InnerHtml1,0,LangId2,1,0InnerHtml2,0,LangId3,1,0InnerHtml3,0,Id,3,143Template,12,AboutMe.aspxRegion,6,HeaderOrderNo,1,1Name,10,StaticHtmlCSS,315,#StaticHtml_143 {\n}\n\n#StaticHtml_143 .headerMenu { border-bottom:1px solid black}\n#StaticHtml_143 .tab {\n	border:1px solid black; \n	border-bottom:none;\n	float:right; \n	padding:2px 40px;\n	cursor:pointer;\n	margin-left:10px;\n}\n#StaticHtml_143 .search {\n}\n#StaticHtml_143 .subscribe {\n	background:black;\n	color:white;\n}TopHtml,0,BottomHtml,0,ParentModuleId,3,142CSSClass,0,UseCache,7,DefaultCacheLifeTime,1,0', null, null, '142', null, 'Default', null);
insert into [module] ([Id], [Template], [Region], [OrderNo], [Name], [CSS], [Details], [TopHtml], [BottomHtml], [ParentModuleId], [CSSClass], [UseCache], [CacheLifeTime]) values ('144', 'AboutMe.aspx', 'Header', '2', 'SearchForm', '#SearchForm_144 {\n	position:absolute;\n	right:147px;\n	top:156px;\n}\n#SearchForm_144 input.searchText {\n	border:none;\n	width:114px;\n}\n\n', 'Cinar.CMS.Serialization\nResultsPage,11,Search.aspxId,3,144Template,12,AboutMe.aspxRegion,6,HeaderOrderNo,1,2Name,10,SearchFormCSS,132,#SearchForm_144 {\n	position:absolute;\n	right:147px;\n	top:156px;\n}\n#SearchForm_144 input.searchText {\n	border:none;\n	width:114px;\n}\n\nTopHtml,273,<script>\nElement.observe(document, ''dom:loaded'', function(){\n	var sf = $(''SearchForm_82'');\n	sf.hide();\n	$(''searchTab'').on(''click'', function(){\n		sf.show();\n		sf.down(''.searchText'').focus();\n	});\n	sf.down(''.searchText'').on(''blur'', function(){\n		sf.hide();\n	});\n});\n</script>BottomHtml,0,ParentModuleId,3,142CSSClass,0,UseCache,7,DefaultCacheLifeTime,1,0', null, null, '142', null, 'Default', null);
insert into [module] ([Id], [Template], [Region], [OrderNo], [Name], [CSS], [Details], [TopHtml], [BottomHtml], [ParentModuleId], [CSSClass], [UseCache], [CacheLifeTime]) values ('147', 'AboutMe.aspx', 'Footer', '1', 'RegionRepeater', '', 'Cinar.CMS.Serialization\nPage,12,Default.aspxRegionToCopy,6,FooterId,3,147Template,12,AboutMe.aspxRegion,6,FooterOrderNo,1,1Name,14,RegionRepeaterCSS,0,TopHtml,0,BottomHtml,0,ParentModuleId,1,0CSSClass,0,UseCache,7,DefaultCacheLifeTime,1,0', null, null, '0', null, 'Default', null);
insert into [module] ([Id], [Template], [Region], [OrderNo], [Name], [CSS], [Details], [TopHtml], [BottomHtml], [ParentModuleId], [CSSClass], [UseCache], [CacheLifeTime]) values ('148', 'AboutMe.aspx', 'Footer', '2', 'StaticHtml', '#StaticHtml_148 {\n	border-top:1px solid black;\n	text-align:center;\n	font-weight:bold;\n	padding:4px;\n	margin-top:10px;\n	clear:both;\n	margin-top:30px;\n}\n', 'Cinar.CMS.Serialization\nInnerHtml,224,<a href="/Love.aspx">LOVE</a> &nbsp; &nbsp; &nbsp;\n<a href="/Other.aspx?item=33">ABOUT US</a> &nbsp; &nbsp; &nbsp;\n<a href="/Other.aspx?item=34">CONTACT US</a> &nbsp; &nbsp; &nbsp;\n<a href="/">(C) 2011 BLANK-MAGAZINE.COM</a>LangId1,1,0InnerHtml1,0,LangId2,1,0InnerHtml2,0,LangId3,1,0InnerHtml3,0,Id,3,148Template,12,AboutMe.aspxRegion,6,FooterOrderNo,1,2Name,10,StaticHtmlCSS,151,#StaticHtml_148 {\n	border-top:1px solid black;\n	text-align:center;\n	font-weight:bold;\n	padding:4px;\n	margin-top:10px;\n	clear:both;\n	margin-top:30px;\n}\nTopHtml,0,BottomHtml,0,ParentModuleId,3,147CSSClass,0,UseCache,7,DefaultCacheLifeTime,1,0', null, null, '147', null, 'Default', null);
insert into [module] ([Id], [Template], [Region], [OrderNo], [Name], [CSS], [Details], [TopHtml], [BottomHtml], [ParentModuleId], [CSSClass], [UseCache], [CacheLifeTime]) values ('149', 'AboutMe.aspx', 'ContentLeft', '0', 'RegionRepeater', '', 'Cinar.CMS.Serialization\nPage,11,Author.aspxRegionToCopy,11,ContentLeftId,3,149Template,12,AboutMe.aspxRegion,11,ContentLeftOrderNo,1,0Name,14,RegionRepeaterCSS,0,TopHtml,0,BottomHtml,0,ParentModuleId,1,0CSSClass,0,UseCache,7,DefaultCacheLifeTime,1,0', null, null, '0', null, 'Default', null);
insert into [module] ([Id], [Template], [Region], [OrderNo], [Name], [CSS], [Details], [TopHtml], [BottomHtml], [ParentModuleId], [CSSClass], [UseCache], [CacheLifeTime]) values ('150', 'AboutMe.aspx', 'Content', '0', 'StaticHtml', '', 'Cinar.CMS.Serialization\nInnerHtml,131,<div class="innerDiv">\n	<div class="title">About Me</div>\n	<div class="text">\n	$=Context.Content.Author.Description$\n	</div>\n</div>LangId1,1,0InnerHtml1,0,LangId2,1,0InnerHtml2,0,LangId3,1,0InnerHtml3,0,Id,3,150Template,12,AboutMe.aspxRegion,7,ContentOrderNo,1,0Name,10,StaticHtmlCSS,0,TopHtml,0,BottomHtml,0,ParentModuleId,1,0CSSClass,24,shadow clsContentDisplayUseCache,7,DefaultCacheLifeTime,1,0', null, null, '0', null, 'Default', null);
insert into [module] ([Id], [Template], [Region], [OrderNo], [Name], [CSS], [Details], [TopHtml], [BottomHtml], [ParentModuleId], [CSSClass], [UseCache], [CacheLifeTime]) values ('152', 'Login.aspx', 'Header', '0', 'RegionRepeater', '', 'Cinar.CMS.Serialization\nPage,12,Default.aspxRegionToCopy,6,HeaderId,3,152Template,10,Login.aspxRegion,6,HeaderOrderNo,1,0Name,14,RegionRepeaterCSS,0,TopHtml,0,BottomHtml,0,ParentModuleId,1,0CSSClass,0,UseCache,7,DefaultCacheLifeTime,1,0', null, null, '0', null, 'Default', null);
insert into [module] ([Id], [Template], [Region], [OrderNo], [Name], [CSS], [Details], [TopHtml], [BottomHtml], [ParentModuleId], [CSSClass], [UseCache], [CacheLifeTime]) values ('153', 'Login.aspx', 'Header', '1', 'StaticHtml', '#StaticHtml_153 {\n}\n\n#StaticHtml_153 .headerMenu { border-bottom:1px solid black}\n#StaticHtml_153 .tab {\n	border:1px solid black; \n	border-bottom:none;\n	float:right; \n	padding:2px 40px;\n	cursor:pointer;\n	margin-left:10px;\n}\n#StaticHtml_153 .search {\n}\n#StaticHtml_153 .subscribe {\n	background:black;\n	color:white;\n}', 'Cinar.CMS.Serialization\nInnerHtml,244,<a href="/Default.aspx"><img src="/UserFiles/Images/design/logo.jpg" border="0"/></a>\n\n<div class="headerMenu">\n<div class="subscribe tab">Subscribe</div>\n<div class="search tab" id="searchTab">Search</div>\n<div style="clear:both"></div>\n</div>LangId1,1,0InnerHtml1,0,LangId2,1,0InnerHtml2,0,LangId3,1,0InnerHtml3,0,Id,3,153Template,10,Login.aspxRegion,6,HeaderOrderNo,1,1Name,10,StaticHtmlCSS,315,#StaticHtml_153 {\n}\n\n#StaticHtml_153 .headerMenu { border-bottom:1px solid black}\n#StaticHtml_153 .tab {\n	border:1px solid black; \n	border-bottom:none;\n	float:right; \n	padding:2px 40px;\n	cursor:pointer;\n	margin-left:10px;\n}\n#StaticHtml_153 .search {\n}\n#StaticHtml_153 .subscribe {\n	background:black;\n	color:white;\n}TopHtml,0,BottomHtml,0,ParentModuleId,3,152CSSClass,0,UseCache,7,DefaultCacheLifeTime,1,0', null, null, '152', null, 'Default', null);
insert into [module] ([Id], [Template], [Region], [OrderNo], [Name], [CSS], [Details], [TopHtml], [BottomHtml], [ParentModuleId], [CSSClass], [UseCache], [CacheLifeTime]) values ('154', 'Login.aspx', 'Header', '2', 'SearchForm', '#SearchForm_154 {\n	position:absolute;\n	right:147px;\n	top:156px;\n}\n#SearchForm_154 input.searchText {\n	border:none;\n	width:114px;\n}\n\n', 'Cinar.CMS.Serialization\nResultsPage,11,Search.aspxId,3,154Template,10,Login.aspxRegion,6,HeaderOrderNo,1,2Name,10,SearchFormCSS,132,#SearchForm_154 {\n	position:absolute;\n	right:147px;\n	top:156px;\n}\n#SearchForm_154 input.searchText {\n	border:none;\n	width:114px;\n}\n\nTopHtml,273,<script>\nElement.observe(document, ''dom:loaded'', function(){\n	var sf = $(''SearchForm_82'');\n	sf.hide();\n	$(''searchTab'').on(''click'', function(){\n		sf.show();\n		sf.down(''.searchText'').focus();\n	});\n	sf.down(''.searchText'').on(''blur'', function(){\n		sf.hide();\n	});\n});\n</script>BottomHtml,0,ParentModuleId,3,152CSSClass,0,UseCache,7,DefaultCacheLifeTime,1,0', null, null, '152', null, 'Default', null);
insert into [module] ([Id], [Template], [Region], [OrderNo], [Name], [CSS], [Details], [TopHtml], [BottomHtml], [ParentModuleId], [CSSClass], [UseCache], [CacheLifeTime]) values ('155', 'Login.aspx', 'Footer', '0', 'RegionRepeater', '', 'Cinar.CMS.Serialization\nPage,12,Default.aspxRegionToCopy,6,FooterId,3,155Template,10,Login.aspxRegion,6,FooterOrderNo,1,0Name,14,RegionRepeaterCSS,0,TopHtml,0,BottomHtml,0,ParentModuleId,1,0CSSClass,0,UseCache,7,DefaultCacheLifeTime,1,0', null, null, '0', null, 'Default', null);
insert into [module] ([Id], [Template], [Region], [OrderNo], [Name], [CSS], [Details], [TopHtml], [BottomHtml], [ParentModuleId], [CSSClass], [UseCache], [CacheLifeTime]) values ('156', 'Login.aspx', 'Footer', '1', 'StaticHtml', '#StaticHtml_156 {\n	border-top:1px solid black;\n	text-align:center;\n	font-weight:bold;\n	padding:4px;\n	margin-top:10px;\n	clear:both;\n	margin-top:30px;\n}\n', 'Cinar.CMS.Serialization\nInnerHtml,1246,<a href="/Love.aspx">LOVE</a> &nbsp; &nbsp; &nbsp;\n<a href="/Other.aspx?item=33">ABOUT US</a> &nbsp; &nbsp; &nbsp;\n<a href="/Other.aspx?item=34">CONTACT US</a> &nbsp; &nbsp; &nbsp;\n<a href="/">(C) 2011 BLANK-MAGAZINE.COM</a>\n\n<div style="float:right">\n<a title="facebook" onclick="window.open(''http://www.facebook.com/sharer.php?u=''+encodeURIComponent(location.href), ''facebook'',''toolbar=yes,scrollbars=yes,resizable=yes,width=800,height=600''); return false;" href="javascript:;"><img src="/UserFiles/Images/design/facebook.png" border="0"/></a>\n<a title="twitter" onclick="window.open(''http://twitter.com/?status=''+encodeURIComponent(document.title)+'' ''+encodeURIComponent(location.href), ''twitter'',''toolbar=yes,scrollbars=yes,resizable=yes,width=800,height=600''); return false;" href="javascript:;"><img src="/UserFiles/Images/design/twitter.png" border="0"/></a>\n<a title="google" onclick="window.open(''http://www.google.com/bookmarks/mark?op=edit&amp;bkmk=''+encodeURIComponent(location.href)+''&amp;title=''+encodeURIComponent(document.title)+''&amp;source=Blank'', ''google'',''toolbar=yes,scrollbars=yes,resizable=yes,width=800,height=600''); return false;" href="javascript:;"><img src="/UserFiles/Images/design/google.png" border="0"/></a>\n</div>LangId1,1,0InnerHtml1,0,LangId2,1,0InnerHtml2,0,LangId3,1,0InnerHtml3,0,Id,3,156Template,10,Login.aspxRegion,6,FooterOrderNo,1,1Name,10,StaticHtmlCSS,151,#StaticHtml_156 {\n	border-top:1px solid black;\n	text-align:center;\n	font-weight:bold;\n	padding:4px;\n	margin-top:10px;\n	clear:both;\n	margin-top:30px;\n}\nTopHtml,0,BottomHtml,0,ParentModuleId,3,155CSSClass,0,UseCache,7,DefaultCacheLifeTime,1,0', null, null, '155', null, 'Default', null);
insert into [module] ([Id], [Template], [Region], [OrderNo], [Name], [CSS], [Details], [TopHtml], [BottomHtml], [ParentModuleId], [CSSClass], [UseCache], [CacheLifeTime]) values ('157', 'Login.aspx', 'Content', '0', 'LoginForm', '#LoginForm_157 {\n	clear:both;\n	margin:100px;\n	margin-left:270px;\n}\n\n#LoginForm_157 div.loginError {\n	color:red}\n#LoginForm_157 a {\n	display:block;}\n#LoginForm_157 input.loginSubmitButton {\n	display:block;\n	margin-top:20px}\n\n', 'Cinar.CMS.Serialization\nRedirect,10,Admin.aspxShowMembershipLink,5,FalseShowMembershipInfoLink,5,FalseShowPasswordForgetLink,5,FalseShowRememberMe,5,FalseShowActivationLink,5,FalseId,3,157Template,10,Login.aspxRegion,7,ContentOrderNo,1,0Name,9,LoginFormCSS,224,#LoginForm_157 {\n	clear:both;\n	margin:100px;\n	margin-left:270px;\n}\n\n#LoginForm_157 div.loginError {\n	color:red}\n#LoginForm_157 a {\n	display:block;}\n#LoginForm_157 input.loginSubmitButton {\n	display:block;\n	margin-top:20px}\n\nTopHtml,0,BottomHtml,0,ParentModuleId,1,0CSSClass,0,UseCache,7,DefaultCacheLifeTime,1,0', null, null, '0', null, 'Default', null);
insert into [module] ([Id], [Template], [Region], [OrderNo], [Name], [CSS], [Details], [TopHtml], [BottomHtml], [ParentModuleId], [CSSClass], [UseCache], [CacheLifeTime]) values ('159', 'Moda.aspx', 'Header', '0', 'RegionRepeater', '', 'Cinar.CMS.Serialization\nPage,12,Default.aspxRegionToCopy,6,HeaderId,3,159Template,9,Moda.aspxRegion,6,HeaderOrderNo,1,0Name,14,RegionRepeaterCSS,0,TopHtml,0,BottomHtml,0,ParentModuleId,1,0CSSClass,0,UseCache,7,DefaultCacheLifeTime,1,0', null, null, '0', null, 'Default', null);
insert into [module] ([Id], [Template], [Region], [OrderNo], [Name], [CSS], [Details], [TopHtml], [BottomHtml], [ParentModuleId], [CSSClass], [UseCache], [CacheLifeTime]) values ('160', 'Moda.aspx', 'Header', '1', 'StaticHtml', '#StaticHtml_160 {\n}\n\n#StaticHtml_160 .headerMenu { border-bottom:1px solid black}\n#StaticHtml_160 .tab {\n	border:1px solid black; \n	border-bottom:none;\n	float:right; \n	padding:2px 40px;\n	cursor:pointer;\n	margin-left:10px;\n}\n#StaticHtml_160 .search {\n}\n#StaticHtml_160 .subscribe {\n	background:black;\n	color:white;\n}', 'Cinar.CMS.Serialization\nInnerHtml,244,<a href="/Default.aspx"><img src="/UserFiles/Images/design/logo.jpg" border="0"/></a>\n\n<div class="headerMenu">\n<div class="subscribe tab">Subscribe</div>\n<div class="search tab" id="searchTab">Search</div>\n<div style="clear:both"></div>\n</div>LangId1,1,0InnerHtml1,0,LangId2,1,0InnerHtml2,0,LangId3,1,0InnerHtml3,0,Id,3,160Template,9,Moda.aspxRegion,6,HeaderOrderNo,1,1Name,10,StaticHtmlCSS,315,#StaticHtml_160 {\n}\n\n#StaticHtml_160 .headerMenu { border-bottom:1px solid black}\n#StaticHtml_160 .tab {\n	border:1px solid black; \n	border-bottom:none;\n	float:right; \n	padding:2px 40px;\n	cursor:pointer;\n	margin-left:10px;\n}\n#StaticHtml_160 .search {\n}\n#StaticHtml_160 .subscribe {\n	background:black;\n	color:white;\n}TopHtml,0,BottomHtml,0,ParentModuleId,3,159CSSClass,0,UseCache,7,DefaultCacheLifeTime,1,0', null, null, '159', null, 'Default', null);
insert into [module] ([Id], [Template], [Region], [OrderNo], [Name], [CSS], [Details], [TopHtml], [BottomHtml], [ParentModuleId], [CSSClass], [UseCache], [CacheLifeTime]) values ('161', 'Moda.aspx', 'Header', '2', 'SearchForm', '#SearchForm_161 {\n	position:absolute;\n	right:147px;\n	top:156px;\n}\n#SearchForm_161 input.searchText {\n	border:none;\n	width:114px;\n}\n\n', 'Cinar.CMS.Serialization\nResultsPage,11,Search.aspxId,3,161Template,9,Moda.aspxRegion,6,HeaderOrderNo,1,2Name,10,SearchFormCSS,132,#SearchForm_161 {\n	position:absolute;\n	right:147px;\n	top:156px;\n}\n#SearchForm_161 input.searchText {\n	border:none;\n	width:114px;\n}\n\nTopHtml,273,<script>\nElement.observe(document, ''dom:loaded'', function(){\n	var sf = $(''SearchForm_82'');\n	sf.hide();\n	$(''searchTab'').on(''click'', function(){\n		sf.show();\n		sf.down(''.searchText'').focus();\n	});\n	sf.down(''.searchText'').on(''blur'', function(){\n		sf.hide();\n	});\n});\n</script>BottomHtml,0,ParentModuleId,3,159CSSClass,0,UseCache,7,DefaultCacheLifeTime,1,0', null, null, '159', null, 'Default', null);
insert into [module] ([Id], [Template], [Region], [OrderNo], [Name], [CSS], [Details], [TopHtml], [BottomHtml], [ParentModuleId], [CSSClass], [UseCache], [CacheLifeTime]) values ('162', 'Moda.aspx', 'Footer', '3', 'RegionRepeater', '', 'Cinar.CMS.Serialization\nPage,12,Default.aspxRegionToCopy,6,FooterId,3,162Template,9,Moda.aspxRegion,6,FooterOrderNo,1,0Name,14,RegionRepeaterCSS,0,TopHtml,0,BottomHtml,0,ParentModuleId,1,0CSSClass,0,UseCache,7,DefaultCacheLifeTime,1,0', null, null, '0', null, 'Default', null);
insert into [module] ([Id], [Template], [Region], [OrderNo], [Name], [CSS], [Details], [TopHtml], [BottomHtml], [ParentModuleId], [CSSClass], [UseCache], [CacheLifeTime]) values ('163', 'Moda.aspx', 'Footer', '4', 'StaticHtml', '#StaticHtml_163 {\n	border-top:1px solid black;\n	text-align:center;\n	font-weight:bold;\n	padding:4px;\n	margin-top:10px;\n	clear:both;\n	margin-top:30px;\n}\n', 'Cinar.CMS.Serialization\nInnerHtml,1246,<a href="/Love.aspx">LOVE</a> &nbsp; &nbsp; &nbsp;\n<a href="/Other.aspx?item=33">ABOUT US</a> &nbsp; &nbsp; &nbsp;\n<a href="/Other.aspx?item=34">CONTACT US</a> &nbsp; &nbsp; &nbsp;\n<a href="/">(C) 2011 BLANK-MAGAZINE.COM</a>\n\n<div style="float:right">\n<a title="facebook" onclick="window.open(''http://www.facebook.com/sharer.php?u=''+encodeURIComponent(location.href), ''facebook'',''toolbar=yes,scrollbars=yes,resizable=yes,width=800,height=600''); return false;" href="javascript:;"><img src="/UserFiles/Images/design/facebook.png" border="0"/></a>\n<a title="twitter" onclick="window.open(''http://twitter.com/?status=''+encodeURIComponent(document.title)+'' ''+encodeURIComponent(location.href), ''twitter'',''toolbar=yes,scrollbars=yes,resizable=yes,width=800,height=600''); return false;" href="javascript:;"><img src="/UserFiles/Images/design/twitter.png" border="0"/></a>\n<a title="google" onclick="window.open(''http://www.google.com/bookmarks/mark?op=edit&amp;bkmk=''+encodeURIComponent(location.href)+''&amp;title=''+encodeURIComponent(document.title)+''&amp;source=Blank'', ''google'',''toolbar=yes,scrollbars=yes,resizable=yes,width=800,height=600''); return false;" href="javascript:;"><img src="/UserFiles/Images/design/google.png" border="0"/></a>\n</div>LangId1,1,0InnerHtml1,0,LangId2,1,0InnerHtml2,0,LangId3,1,0InnerHtml3,0,Id,3,163Template,9,Moda.aspxRegion,6,FooterOrderNo,1,1Name,10,StaticHtmlCSS,151,#StaticHtml_163 {\n	border-top:1px solid black;\n	text-align:center;\n	font-weight:bold;\n	padding:4px;\n	margin-top:10px;\n	clear:both;\n	margin-top:30px;\n}\nTopHtml,0,BottomHtml,0,ParentModuleId,3,162CSSClass,0,UseCache,7,DefaultCacheLifeTime,1,0', null, null, '162', null, 'Default', null);
insert into [module] ([Id], [Template], [Region], [OrderNo], [Name], [CSS], [Details], [TopHtml], [BottomHtml], [ParentModuleId], [CSSClass], [UseCache], [CacheLifeTime]) values ('164', 'Moda.aspx', 'Content', '0', 'DataList', '.slideShow {\n	width:910px;\n	margin-left:40px;\n}\n.slideShow .clipper {\n	width:828px;\n}\n.slideShow .clipper .innerDiv img {\n	margin-right:20px;\n}', 'Cinar.CMS.Serialization\nEntityName,14,ContentPictureFilter,18,ContentId=@ContentHowManyItems,2,30OrderBy,7,OrderNoAscending,4,TrueDataTemplate,333,<img \n	src="$=this.ThumbPicture$"\n	path="$=entity.FileName$" \n	like=''$=entity.LikeIt$'' \n	title=''$=Context.Server.HtmlEncode(entity.Title)$'' \n	desc=''$=Context.Server.HtmlEncode(entity.Description)$'' \n	tagData=''$=Context.Server.HtmlEncode(entity.TagData)$'' \n	entityId=''$=entity.Id$''\n	likeSrc=''/external/icons/love.png''\n	height="360"/> PictureWidth,1,0PictureHeight,3,360DisplayAsTable,5,FalseCols,1,1EncloseWithDiv,5,FalseDivClassName,12,extraItemDivId,3,164Template,9,Moda.aspxRegion,7,ContentOrderNo,1,0Name,8,DataListCSS,143,.slideShow {\n	width:910px;\n	margin-left:40px;\n}\n.slideShow .clipper {\n	width:828px;\n}\n.slideShow .clipper .innerDiv img {\n	margin-right:20px;\n}TopHtml,0,BottomHtml,0,ParentModuleId,1,0CSSClass,18,slideShow lightBoxUseCache,7,DefaultCacheLifeTime,1,0ShowPaging,5,False', null, null, '0', null, 'Default', null);
insert into [module] ([Id], [Template], [Region], [OrderNo], [Name], [CSS], [Details], [TopHtml], [BottomHtml], [ParentModuleId], [CSSClass], [UseCache], [CacheLifeTime]) values ('167', 'LoveHate.aspx', 'Header', '0', 'RegionRepeater', '', 'Cinar.CMS.Serialization\nPage,12,Default.aspxRegionToCopy,6,HeaderId,3,167Template,9,Hate.aspxRegion,6,HeaderOrderNo,1,0Name,14,RegionRepeaterCSS,0,TopHtml,0,BottomHtml,0,ParentModuleId,1,0CSSClass,0,UseCache,7,DefaultCacheLifeTime,1,0', null, null, '0', null, 'Default', null);
insert into [module] ([Id], [Template], [Region], [OrderNo], [Name], [CSS], [Details], [TopHtml], [BottomHtml], [ParentModuleId], [CSSClass], [UseCache], [CacheLifeTime]) values ('168', 'LoveHate.aspx', 'Header', '1', 'StaticHtml', '#StaticHtml_168 {\n}\n\n#StaticHtml_168 .headerMenu { border-bottom:1px solid black}\n#StaticHtml_168 .tab {\n	border:1px solid black; \n	border-bottom:none;\n	float:right; \n	padding:2px 40px;\n	cursor:pointer;\n	margin-left:10px;\n}\n#StaticHtml_168 .search {\n}\n#StaticHtml_168 .subscribe {\n	background:black;\n	color:white;\n}', 'Cinar.CMS.Serialization\nInnerHtml,244,<a href="/Default.aspx"><img src="/UserFiles/Images/design/logo.jpg" border="0"/></a>\n\n<div class="headerMenu">\n<div class="subscribe tab">Subscribe</div>\n<div class="search tab" id="searchTab">Search</div>\n<div style="clear:both"></div>\n</div>LangId1,1,0InnerHtml1,0,LangId2,1,0InnerHtml2,0,LangId3,1,0InnerHtml3,0,Id,3,168Template,9,Hate.aspxRegion,6,HeaderOrderNo,1,1Name,10,StaticHtmlCSS,315,#StaticHtml_168 {\n}\n\n#StaticHtml_168 .headerMenu { border-bottom:1px solid black}\n#StaticHtml_168 .tab {\n	border:1px solid black; \n	border-bottom:none;\n	float:right; \n	padding:2px 40px;\n	cursor:pointer;\n	margin-left:10px;\n}\n#StaticHtml_168 .search {\n}\n#StaticHtml_168 .subscribe {\n	background:black;\n	color:white;\n}TopHtml,0,BottomHtml,0,ParentModuleId,3,167CSSClass,0,UseCache,7,DefaultCacheLifeTime,1,0', null, null, '167', null, 'Default', null);
insert into [module] ([Id], [Template], [Region], [OrderNo], [Name], [CSS], [Details], [TopHtml], [BottomHtml], [ParentModuleId], [CSSClass], [UseCache], [CacheLifeTime]) values ('169', 'LoveHate.aspx', 'Header', '2', 'SearchForm', '#SearchForm_169 {\n	position:absolute;\n	right:147px;\n	top:156px;\n}\n#SearchForm_169 input.searchText {\n	border:none;\n	width:114px;\n}\n\n', 'Cinar.CMS.Serialization\nResultsPage,11,Search.aspxId,3,169Template,9,Hate.aspxRegion,6,HeaderOrderNo,1,2Name,10,SearchFormCSS,132,#SearchForm_169 {\n	position:absolute;\n	right:147px;\n	top:156px;\n}\n#SearchForm_169 input.searchText {\n	border:none;\n	width:114px;\n}\n\nTopHtml,273,<script>\nElement.observe(document, ''dom:loaded'', function(){\n	var sf = $(''SearchForm_82'');\n	sf.hide();\n	$(''searchTab'').on(''click'', function(){\n		sf.show();\n		sf.down(''.searchText'').focus();\n	});\n	sf.down(''.searchText'').on(''blur'', function(){\n		sf.hide();\n	});\n});\n</script>BottomHtml,0,ParentModuleId,3,167CSSClass,0,UseCache,7,DefaultCacheLifeTime,1,0', null, null, '167', null, 'Default', null);
insert into [module] ([Id], [Template], [Region], [OrderNo], [Name], [CSS], [Details], [TopHtml], [BottomHtml], [ParentModuleId], [CSSClass], [UseCache], [CacheLifeTime]) values ('170', 'LoveHate.aspx', 'Footer', '0', 'RegionRepeater', '', 'Cinar.CMS.Serialization\nPage,12,Default.aspxRegionToCopy,6,FooterId,3,170Template,9,Hate.aspxRegion,6,FooterOrderNo,1,0Name,14,RegionRepeaterCSS,0,TopHtml,0,BottomHtml,0,ParentModuleId,1,0CSSClass,0,UseCache,7,DefaultCacheLifeTime,1,0', null, null, '0', null, 'Default', null);
insert into [module] ([Id], [Template], [Region], [OrderNo], [Name], [CSS], [Details], [TopHtml], [BottomHtml], [ParentModuleId], [CSSClass], [UseCache], [CacheLifeTime]) values ('171', 'LoveHate.aspx', 'Footer', '1', 'StaticHtml', '#StaticHtml_171 {\n	border-top:1px solid black;\n	text-align:center;\n	font-weight:bold;\n	padding:4px;\n	margin-top:10px;\n	clear:both;\n	margin-top:30px;\n}\n', 'Cinar.CMS.Serialization\nInnerHtml,1311,<a href="/Love.aspx?item=5">LOVE</a> &nbsp; &nbsp; &nbsp;\n<a href="/Hate.aspx?item=4">HATE</a> &nbsp; &nbsp; &nbsp;\n<a href="/Other.aspx?item=33">ABOUT US</a> &nbsp; &nbsp; &nbsp;\n<a href="/Other.aspx?item=34">CONTACT US</a> &nbsp; &nbsp; &nbsp;\n<a href="/">(C) 2011 BLANK-MAGAZINE.COM</a>\n\n<div style="float:right">\n<a title="facebook" onclick="window.open(''http://www.facebook.com/sharer.php?u=''+encodeURIComponent(location.href), ''facebook'',''toolbar=yes,scrollbars=yes,resizable=yes,width=800,height=600''); return false;" href="javascript:;"><img src="/UserFiles/Images/design/facebook.png" border="0"/></a>\n<a title="twitter" onclick="window.open(''http://twitter.com/?status=''+encodeURIComponent(document.title)+'' ''+encodeURIComponent(location.href), ''twitter'',''toolbar=yes,scrollbars=yes,resizable=yes,width=800,height=600''); return false;" href="javascript:;"><img src="/UserFiles/Images/design/twitter.png" border="0"/></a>\n<a title="google" onclick="window.open(''http://www.google.com/bookmarks/mark?op=edit&amp;bkmk=''+encodeURIComponent(location.href)+''&amp;title=''+encodeURIComponent(document.title)+''&amp;source=Blank'', ''google'',''toolbar=yes,scrollbars=yes,resizable=yes,width=800,height=600''); return false;" href="javascript:;"><img src="/UserFiles/Images/design/google.png" border="0"/></a>\n</div>LangId1,1,0InnerHtml1,0,LangId2,1,0InnerHtml2,0,LangId3,1,0InnerHtml3,0,Id,3,171Template,9,Hate.aspxRegion,6,FooterOrderNo,1,1Name,10,StaticHtmlCSS,151,#StaticHtml_171 {\n	border-top:1px solid black;\n	text-align:center;\n	font-weight:bold;\n	padding:4px;\n	margin-top:10px;\n	clear:both;\n	margin-top:30px;\n}\nTopHtml,0,BottomHtml,0,ParentModuleId,3,170CSSClass,0,UseCache,7,DefaultCacheLifeTime,1,0', null, null, '170', null, 'Default', null);
insert into [module] ([Id], [Template], [Region], [OrderNo], [Name], [CSS], [Details], [TopHtml], [BottomHtml], [ParentModuleId], [CSSClass], [UseCache], [CacheLifeTime]) values ('172', 'LoveHate.aspx', 'Content', '0', 'DataList', '#DataList_172 {\n	margin:15px 0px;\n	border:1px solid #E0E0E0;\n	padding:20px;\n}\n#DataList_172 img {\n	max-width:160px; \n	max-height:160px;\n	vertical-align:top;\n	margin-bottom:15px;\n}\n#DataList_172 div.paging {\n	font-weight:bold;\n	padding:4px;\n	text-align:center;\n	margin-top:50px;\n}\n#DataList_172 div.paging a {\n	text-transform:uppercase;\n}\n#DataList_172 div.paging a.prev {\n	float:left;\n}\n#DataList_172 div.paging a.next {\n	float:right;\n}\n', 'Cinar.CMS.Serialization\nEntityName,14,ContentPictureFilter,18,ContentId=@ContentHowManyItems,2,20OrderBy,6,LikeItAscending,5,FalseDataTemplate,347,<img \n	src="$=this.ThumbPicture$"\n	path="$=entity.FileName$" \n	like=''$=entity.LikeIt$'' \n	title=''$=Context.Server.HtmlEncode(entity.Title)$'' \n	desc=''$=Context.Server.HtmlEncode(entity.Description)$'' \n	tagData=''$=Context.Server.HtmlEncode(entity.TagData)$'' \n	entityId=''$=entity.Id$''\n	likeSrc=''/external/icons/$=Provider.Content.Title$.png''/>\n&nbsp;\nPictureWidth,3,180PictureHeight,3,180DisplayAsTable,5,FalseCols,1,1EncloseWithDiv,5,FalseDivClassName,12,extraItemDivId,3,172Template,13,LoveHate.aspxRegion,7,ContentOrderNo,1,0Name,8,DataListCSS,437,#DataList_172 {\n	margin:15px 0px;\n	border:1px solid #E0E0E0;\n	padding:20px;\n}\n#DataList_172 img {\n	max-width:160px; \n	max-height:160px;\n	vertical-align:top;\n	margin-bottom:15px;\n}\n#DataList_172 div.paging {\n	font-weight:bold;\n	padding:4px;\n	text-align:center;\n	margin-top:50px;\n}\n#DataList_172 div.paging a {\n	text-transform:uppercase;\n}\n#DataList_172 div.paging a.prev {\n	float:left;\n}\n#DataList_172 div.paging a.next {\n	float:right;\n}\nTopHtml,0,BottomHtml,0,ParentModuleId,1,0CSSClass,15,gogPop lightBoxUseCache,7,DefaultCacheLifeTime,1,0ShowPaging,4,TrueCropPicture,4,True', null, null, '0', null, 'Default', null);
insert into [module] ([Id], [Template], [Region], [OrderNo], [Name], [CSS], [Details], [TopHtml], [BottomHtml], [ParentModuleId], [CSSClass], [UseCache], [CacheLifeTime]) values ('173', 'People.aspx', 'ContentLeft', '0', 'ContentListByFilter', '#ContentListByFilter_173 {\n	margin-top:30px;\n}\n', 'Cinar.CMS.Serialization\nFilter,18,Category=@CategoryHowManyItems,1,1SkipFirst,1,0Random,1,0OrderBy,19,Content.PublishDateAscending,5,FalseShowPictureLeftRight,5,FalseShowCurrentContent,4,TrueShowFirstItemWithPicture,5,FalseWhichPicture,15,Content.PicturePictureWidth,3,180PictureHeight,1,0BulletIcon,0,TitleLength,2,50DescriptionLength,3,150DateFormat,12,dd MMMM yyyyFieldOrder,14,image,categoryCreateLink,4,TrueLinkTarget,0,ShowDescriptionAsLink,5,FalseUseTemplate,0,ForceToUseTemplate,5,FalseMoreLink,0,DisplayAsTable,5,FalseCols,1,1EncloseWithDiv,5,FalseId,3,173Template,11,People.aspxRegion,11,ContentLeftOrderNo,1,0Name,19,ContentListByFilterCSS,47,#ContentListByFilter_173 {\n	margin-top:30px;\n}\nTopHtml,0,BottomHtml,0,ParentModuleId,1,0CSSClass,22,vitrin solda rotate-10UseCache,7,DefaultCacheLifeTime,1,0DivClassName,12,extraItemDiv', null, null, '0', null, 'Default', null);
insert into [module] ([Id], [Template], [Region], [OrderNo], [Name], [CSS], [Details], [TopHtml], [BottomHtml], [ParentModuleId], [CSSClass], [UseCache], [CacheLifeTime]) values ('174', 'People.aspx', 'Content', '0', 'ContentDisplay', '#ContentDisplay_174 div.title {\n	font-size:16px;\n	border-bottom:1px solid #CFCFCF;\n	padding-top:24px;\n}\n#ContentDisplay_174 div.text {\n	margin-top:20px;\n	background:white;	\n}\n#ContentDisplay_174 div.innerDiv {\n	padding:10px 100px;\n	background:white;	\n}\n#ContentDisplay_174 div.date {\n	margin-bottom:24px;\n	font-size:12px;\n}\n\n', 'Cinar.CMS.Serialization\nFieldOrder,22,title,date,region,textDateFormat,12,dd MMMM yyyyFilter,11,Id=@ContentTagTemplate,0,Id,3,174Template,11,People.aspxRegion,7,ContentOrderNo,1,0Name,14,ContentDisplayCSS,325,#ContentDisplay_174 div.title {\n	font-size:16px;\n	border-bottom:1px solid #CFCFCF;\n	padding-top:24px;\n}\n#ContentDisplay_174 div.text {\n	margin-top:20px;\n	background:white;	\n}\n#ContentDisplay_174 div.innerDiv {\n	padding:10px 100px;\n	background:white;	\n}\n#ContentDisplay_174 div.date {\n	margin-bottom:24px;\n	font-size:12px;\n}\n\nTopHtml,22,<div class="innerDiv">BottomHtml,1065,</div>\n\n<p style="text-align:right;padding:20px 100px;background:white">\n<a title="facebook" onclick="window.open(''http://www.facebook.com/sharer.php?u=''+encodeURIComponent(location.href), ''facebook'',''toolbar=yes,scrollbars=yes,resizable=yes,width=800,height=600''); return false;" href="javascript:;"><img src="/UserFiles/Images/design/facebook.png" border="0"/></a>\n<a title="twitter" onclick="window.open(''http://twitter.com/?status=''+encodeURIComponent(document.title)+'' ''+encodeURIComponent(location.href), ''twitter'',''toolbar=yes,scrollbars=yes,resizable=yes,width=800,height=600''); return false;" href="javascript:;"><img src="/UserFiles/Images/design/twitter.png" border="0"/></a>\n<a title="google" onclick="window.open(''http://www.google.com/bookmarks/mark?op=edit&amp;bkmk=''+encodeURIComponent(location.href)+''&amp;title=''+encodeURIComponent(document.title)+''&amp;source=Blank'', ''google'',''toolbar=yes,scrollbars=yes,resizable=yes,width=800,height=600''); return false;" href="javascript:;"><img src="/UserFiles/Images/design/google.png" border="0"/></a>\n</p>ParentModuleId,1,0CSSClass,0,UseCache,7,DefaultCacheLifeTime,1,0', null, null, '0', null, 'Default', null);
insert into [module] ([Id], [Template], [Region], [OrderNo], [Name], [CSS], [Details], [TopHtml], [BottomHtml], [ParentModuleId], [CSSClass], [UseCache], [CacheLifeTime]) values ('176', 'People.aspx', 'Header', '0', 'RegionRepeater', '', 'Cinar.CMS.Serialization\nId,3,176Template,11,People.aspxRegion,6,HeaderOrderNo,1,0Name,14,RegionRepeaterCSS,0,TopHtml,0,BottomHtml,0,ParentModuleId,1,0CSSClass,0,UseCache,7,DefaultCacheLifeTime,1,0RegionToCopy,6,HeaderPage,12,Default.aspx', null, null, '0', null, 'Default', null);
insert into [module] ([Id], [Template], [Region], [OrderNo], [Name], [CSS], [Details], [TopHtml], [BottomHtml], [ParentModuleId], [CSSClass], [UseCache], [CacheLifeTime]) values ('177', 'People.aspx', 'Header', '1', 'StaticHtml', '#StaticHtml_177 {\n}\n\n#StaticHtml_177 .headerMenu { border-bottom:1px solid black}\n#StaticHtml_177 .tab {\n	border:1px solid black; \n	border-bottom:none;\n	float:right; \n	padding:2px 40px;\n	cursor:pointer;\n	margin-left:10px;\n}\n#StaticHtml_177 .search {\n}\n#StaticHtml_177 .subscribe {\n	background:black;\n	color:white;\n}', 'Cinar.CMS.Serialization\nInnerHtml,244,<a href="/Default.aspx"><img src="/UserFiles/Images/design/logo.jpg" border="0"/></a>\n\n<div class="headerMenu">\n<div class="subscribe tab">Subscribe</div>\n<div class="search tab" id="searchTab">Search</div>\n<div style="clear:both"></div>\n</div>LangId1,1,0InnerHtml1,0,LangId2,1,0InnerHtml2,0,LangId3,1,0InnerHtml3,0,Id,3,177Template,11,People.aspxRegion,6,HeaderOrderNo,1,1Name,10,StaticHtmlCSS,315,#StaticHtml_177 {\n}\n\n#StaticHtml_177 .headerMenu { border-bottom:1px solid black}\n#StaticHtml_177 .tab {\n	border:1px solid black; \n	border-bottom:none;\n	float:right; \n	padding:2px 40px;\n	cursor:pointer;\n	margin-left:10px;\n}\n#StaticHtml_177 .search {\n}\n#StaticHtml_177 .subscribe {\n	background:black;\n	color:white;\n}TopHtml,0,BottomHtml,0,ParentModuleId,3,176CSSClass,0,UseCache,7,DefaultCacheLifeTime,1,0', null, null, '176', null, 'Default', null);
insert into [module] ([Id], [Template], [Region], [OrderNo], [Name], [CSS], [Details], [TopHtml], [BottomHtml], [ParentModuleId], [CSSClass], [UseCache], [CacheLifeTime]) values ('178', 'People.aspx', 'Header', '2', 'SearchForm', '#SearchForm_178 {\n	position:absolute;\n	right:147px;\n	top:156px;\n}\n#SearchForm_178 input.searchText {\n	border:none;\n	width:114px;\n}\n\n', 'Cinar.CMS.Serialization\nResultsPage,11,Search.aspxId,3,178Template,11,People.aspxRegion,6,HeaderOrderNo,1,2Name,10,SearchFormCSS,132,#SearchForm_178 {\n	position:absolute;\n	right:147px;\n	top:156px;\n}\n#SearchForm_178 input.searchText {\n	border:none;\n	width:114px;\n}\n\nTopHtml,273,<script>\nElement.observe(document, ''dom:loaded'', function(){\n	var sf = $(''SearchForm_82'');\n	sf.hide();\n	$(''searchTab'').on(''click'', function(){\n		sf.show();\n		sf.down(''.searchText'').focus();\n	});\n	sf.down(''.searchText'').on(''blur'', function(){\n		sf.hide();\n	});\n});\n</script>BottomHtml,0,ParentModuleId,3,176CSSClass,0,UseCache,7,DefaultCacheLifeTime,1,0', null, null, '176', null, 'Default', null);
insert into [module] ([Id], [Template], [Region], [OrderNo], [Name], [CSS], [Details], [TopHtml], [BottomHtml], [ParentModuleId], [CSSClass], [UseCache], [CacheLifeTime]) values ('179', 'People.aspx', 'Footer', '0', 'ContentListByTag', '#ContentListByTag_179 div.title {\n	border-bottom:1px solid black;\n	padding:50px 0px 5px 65px;\n	margin-bottom:30px;\n	font-family:spinnaker;\n}\n\n#ContentListByTag_179 div.paging {\n	float:left;\n	width:60px;\n	height:120px;\n	background-repeat:no-repeat;\n}\n\n#ContentListByTag_179 .cerceve {\n	float:left;\n	width:855px;\n	border: 1px solid #efefef;\n\n}\n\n#ContentListByTag_179 div.clItem {\n	float:left;\n	margin:0px 5px 5px 0px;\n}\n', 'Cinar.CMS.Serialization\nFilter,20,CategoryId=@CategoryHowManyItems,2,10SkipFirst,1,0Random,1,0OrderBy,19,Content.PublishDateAscending,5,FalseShowPictureLeftRight,5,FalseShowCurrentContent,4,TrueShowFirstItemWithPicture,5,FalseWhichPicture,15,Content.PicturePictureWidth,1,0PictureHeight,3,120BulletIcon,0,TitleLength,2,50DescriptionLength,3,150DateFormat,12,dd MMMM yyyyFieldOrder,5,imageCreateLink,4,TrueLinkTarget,0,ShowDescriptionAsLink,5,FalseUseTemplate,0,ForceToUseTemplate,5,FalseMoreLink,0,DisplayAsTable,5,FalseCols,1,1EncloseWithDiv,5,FalseId,3,179Template,11,People.aspxRegion,6,FooterOrderNo,1,0Name,16,ContentListByTagCSS,418,#ContentListByTag_179 div.title {\n	border-bottom:1px solid black;\n	padding:50px 0px 5px 65px;\n	margin-bottom:30px;\n	font-family:spinnaker;\n}\n\n#ContentListByTag_179 div.paging {\n	float:left;\n	width:60px;\n	height:120px;\n	background-repeat:no-repeat;\n}\n\n#ContentListByTag_179 .cerceve {\n	float:left;\n	width:855px;\n	border: 1px solid #efefef;\n\n}\n\n#ContentListByTag_179 div.clItem {\n	float:left;\n	margin:0px 5px 5px 0px;\n}\nTopHtml,182,<div class="title">ARCHIVE</div>\n\n<div class="paging" style="background-image:url(/UserFiles/Images/design/prev.png); background-position:right center;"></div>\n\n<div class="cerceve">BottomHtml,163,</div>\n<div class="paging"  style="background-image:url(/UserFiles/Images/design/next.png); background-position:left center;"></div>\n<div style="clear:both"></div>ParentModuleId,1,0CSSClass,0,UseCache,7,DefaultCacheLifeTime,1,0DivClassName,12,extraItemDivCropPicture,5,False', null, null, '0', null, 'Default', null);
insert into [module] ([Id], [Template], [Region], [OrderNo], [Name], [CSS], [Details], [TopHtml], [BottomHtml], [ParentModuleId], [CSSClass], [UseCache], [CacheLifeTime]) values ('180', 'People.aspx', 'ContentLeft', '1', 'SQLDataList', '#SQLDataList_180 {\n	margin-top:60px;\n	width:230px;\n}\n#SQLDataList_180 .tag {\n	border-bottom: 1px solid #8A8A8A;\n	padding:10px 0px 4px 4px;\n	text-transform:uppercase;\n}', 'Cinar.CMS.Serialization\nSQL,175,SELECT\n	t.Id,\n	t.Name\nFROM\n	Tag t\n	INNER JOIN ContentTag ct ON ct.TagId = t.Id\n	INNER JOIN Content c ON c.Id = ct.ContentId\nWHERE\n	c.CategoryId = $=Context.Content.CategoryId$DataTemplate,110,<div class="tag">\n<a href="/AuthorList.aspx?item=$=Context.Content.Id$&tagId=$=row.Id$">$=row.Name$</a>\n</div>PictureWidth,1,0PictureHeight,1,0DisplayAsTable,5,FalseCols,1,1EncloseWithDiv,5,FalseId,3,180Template,11,People.aspxRegion,11,ContentLeftOrderNo,1,1Name,11,SQLDataListCSS,167,#SQLDataList_180 {\n	margin-top:60px;\n	width:230px;\n}\n#SQLDataList_180 .tag {\n	border-bottom: 1px solid #8A8A8A;\n	padding:10px 0px 4px 4px;\n	text-transform:uppercase;\n}TopHtml,0,BottomHtml,0,ParentModuleId,1,0CSSClass,5,soldaUseCache,7,DefaultCacheLifeTime,1,0DivClassName,12,extraItemDiv', null, null, '0', null, 'Default', null);
insert into [module] ([Id], [Template], [Region], [OrderNo], [Name], [CSS], [Details], [TopHtml], [BottomHtml], [ParentModuleId], [CSSClass], [UseCache], [CacheLifeTime]) values ('181', 'People.aspx', 'Footer', '1', 'RegionRepeater', '', 'Cinar.CMS.Serialization\nId,3,181Template,11,People.aspxRegion,6,FooterOrderNo,1,1Name,14,RegionRepeaterCSS,0,TopHtml,0,BottomHtml,0,ParentModuleId,1,0CSSClass,0,UseCache,7,DefaultCacheLifeTime,1,0RegionToCopy,6,FooterPage,12,Default.aspx', null, null, '0', null, 'Default', null);
insert into [module] ([Id], [Template], [Region], [OrderNo], [Name], [CSS], [Details], [TopHtml], [BottomHtml], [ParentModuleId], [CSSClass], [UseCache], [CacheLifeTime]) values ('182', 'People.aspx', 'Footer', '2', 'StaticHtml', '#StaticHtml_182 {\n	border-top:1px solid black;\n	border-bottom:1px solid black;\n	text-align:center;\n	font-family: Spinnaker, tahoma;\n	padding:4px;\n	margin-top:10px;\n	clear:both;\n	margin-top:30px;\n}\n', 'Cinar.CMS.Serialization\nInnerHtml,1332,<a href="/Love.aspx?item=5">LOVE</a> &nbsp; &nbsp; &nbsp;\n<a href="/Hate.aspx?item=4">HATE</a> &nbsp; &nbsp; &nbsp;\n| &nbsp; &nbsp; &nbsp;\n<a href="/Other.aspx?item=33">ABOUT US</a> &nbsp; &nbsp; &nbsp;\n<a href="/Other.aspx?item=34">CONTACT US</a> &nbsp; &nbsp; &nbsp;\n<a href="/">© 2011 BLANK-MAGAZINE.COM</a>\n\n<div style="float:right">\n<a title="facebook" onclick="window.open(''http://www.facebook.com/sharer.php?u=''+encodeURIComponent(location.href), ''facebook'',''toolbar=yes,scrollbars=yes,resizable=yes,width=800,height=600''); return false;" href="javascript:;"><img src="/UserFiles/Images/design/facebook.png" border="0"/></a>\n<a title="twitter" onclick="window.open(''http://twitter.com/?status=''+encodeURIComponent(document.title)+'' ''+encodeURIComponent(location.href), ''twitter'',''toolbar=yes,scrollbars=yes,resizable=yes,width=800,height=600''); return false;" href="javascript:;"><img src="/UserFiles/Images/design/twitter.png" border="0"/></a>\n<a title="google" onclick="window.open(''http://www.google.com/bookmarks/mark?op=edit&amp;bkmk=''+encodeURIComponent(location.href)+''&amp;title=''+encodeURIComponent(document.title)+''&amp;source=Blank'', ''google'',''toolbar=yes,scrollbars=yes,resizable=yes,width=800,height=600''); return false;" href="javascript:;"><img src="/UserFiles/Images/design/google.png" border="0"/></a>\n</div>LangId1,1,0InnerHtml1,0,LangId2,1,0InnerHtml2,0,LangId3,1,0InnerHtml3,0,Id,3,182Template,11,People.aspxRegion,6,FooterOrderNo,1,2Name,10,StaticHtmlCSS,197,#StaticHtml_182 {\n	border-top:1px solid black;\n	border-bottom:1px solid black;\n	text-align:center;\n	font-family: Spinnaker, tahoma;\n	padding:4px;\n	margin-top:10px;\n	clear:both;\n	margin-top:30px;\n}\nTopHtml,0,BottomHtml,0,ParentModuleId,3,181CSSClass,0,UseCache,7,DefaultCacheLifeTime,1,0', null, null, '181', null, 'Default', null);
insert into [module] ([Id], [Template], [Region], [OrderNo], [Name], [CSS], [Details], [TopHtml], [BottomHtml], [ParentModuleId], [CSSClass], [UseCache], [CacheLifeTime]) values ('183', 'People.aspx', 'conRegion174', '0', 'ContentPicture', '', 'Cinar.CMS.Serialization\nWidth,3,718Height,1,0Id,3,183Template,11,People.aspxRegion,12,conRegion174OrderNo,1,0Name,14,ContentPictureCSS,0,TopHtml,0,BottomHtml,0,ParentModuleId,3,174CSSClass,0,UseCache,7,DefaultCacheLifeTime,1,0', null, null, '174', null, 'Default', null);
insert into [module] ([Id], [Template], [Region], [OrderNo], [Name], [CSS], [Details], [TopHtml], [BottomHtml], [ParentModuleId], [CSSClass], [UseCache], [CacheLifeTime]) values ('184', 'People.aspx', 'Content', '2', 'DataList', '#DataList_184 div.paging {\n	font-weight:bold;\n	padding:4px;\n	text-align:center;\n	margin-top:50px;\n}\n#DataList_184 div.paging a {\n	text-transform:uppercase;\n}\n#DataList_184 div.paging a.prev {\n	float:left;\n}\n#DataList_184 div.paging a.next {\n	float:right;\n}\n#DataList_184 div.innerDiv {\n	padding:10px 100px;\n	background:white;\n	min-height:400px;\n}\n#DataList_184 div.innerDiv img {\n\n}', 'Cinar.CMS.Serialization\nEntityName,14,ContentPictureFilter,18,ContentId=@ContentHowManyItems,2,20OrderBy,2,IdAscending,5,FalseDataTemplate,310,<img \n	src="$=this.ThumbPicture$"\n	path="$=entity.FileName$" \n	like=''$=entity.LikeIt$'' \n	title=''$=Context.Server.HtmlEncode(entity.Title)$'' \n	tagData=''$=Context.Server.HtmlEncode(entity.TagData)$'' \n	entityId=''$=entity.Id$''\n	likeSrc=''/external/icons/love.png''/>\n<div class="clDesc">\n$=entity.Description$\n</div>PictureWidth,3,220PictureHeight,1,0DisplayAsTable,5,FalseCols,1,1EncloseWithDiv,5,FalseDivClassName,6,clItemId,3,184Template,11,People.aspxRegion,7,ContentOrderNo,1,1Name,8,DataListCSS,382,#DataList_184 div.paging {\n	font-weight:bold;\n	padding:4px;\n	text-align:center;\n	margin-top:50px;\n}\n#DataList_184 div.paging a {\n	text-transform:uppercase;\n}\n#DataList_184 div.paging a.prev {\n	float:left;\n}\n#DataList_184 div.paging a.next {\n	float:right;\n}\n#DataList_184 div.innerDiv {\n	padding:10px 100px;\n	background:white;\n	min-height:400px;\n}\n#DataList_184 div.innerDiv img {\n\n}TopHtml,44,<div class="innerDiv">\n<div class="masonry">BottomHtml,12,</div></div>ParentModuleId,1,0CSSClass,22,showDescOnImg lightBoxUseCache,7,DefaultCacheLifeTime,1,0ShowPaging,4,TrueCropPicture,5,False', null, null, '0', null, 'Default', null);
insert into [module] ([Id], [Template], [Region], [OrderNo], [Name], [CSS], [Details], [TopHtml], [BottomHtml], [ParentModuleId], [CSSClass], [UseCache], [CacheLifeTime]) values ('192', 'Admin.aspx', 'Content', '12', 'DataList', '', 'Cinar.CMS.Serialization\nEntityName,7,ContentFilter,12,CategoryId=6HowManyItems,1,8OrderBy,2,IdAscending,5,FalseDataTemplate,531,$=entity.Title$<br/>\n<img src="$=this.ThumbPicture$" width="100" height="100" title="Çekimleri Göster"\n	onclick="openEntityListForm(''ContentPicture'', ''Moda Çekimleri'', ''ContentId=$=entity.Id$'', false, null, true)"/><br/>\n<img src="/external/icons/edit.png" title="Düzenle"\n	onclick="editData(''Content'', $=entity.Id$, ''İçerik'', function(){location.reload();}, ''CategoryId=6 AND ClassName=Content'')"/>\n<img src="/external/icons/delete.png" title="Sil"\n	onclick="deleteData(''Content'', $=entity.Id$, function(){location.reload();})"/>\nPictureWidth,3,100PictureHeight,3,100DisplayAsTable,4,TrueCols,4,1000EncloseWithDiv,5,FalseDivClassName,12,extraItemDivId,3,192Template,10,Admin.aspxRegion,7,ContentOrderNo,2,12Name,8,DataListCSS,0,TopHtml,276,<h2>\n<span class="title" onclick="toggleDataList(this)">i am FASHION SHOOT</span>\n<span \n	class="add" \n	onclick="editData(''Content'', 0, ''İçerik'', function(){location.reload();}, ''CategoryId=6 AND ClassName=Content'')">\nAdd New Fashion Shoot\n</span>\n</h2>\n<div class="innerDiv">BottomHtml,135,</div>\nDikkat: En ideal görünüm için kapak resimleri 490×368 px, çekimler ise sırasıyla 526x360 px ve 277x360 px ebatlarında olmalıdır.ParentModuleId,1,0CSSClass,13,adminDataListUseCache,7,DefaultCacheLifeTime,1,0ShowPaging,4,TrueCropPicture,5,FalseSQL,0,AjaxPaging,4,TrueLabelPrevPage,13,Previous PageLabelNextPage,9,Next Page', null, null, '0', null, 'Default', null);
insert into [module] ([Id], [Template], [Region], [OrderNo], [Name], [CSS], [Details], [TopHtml], [BottomHtml], [ParentModuleId], [CSSClass], [UseCache], [CacheLifeTime]) values ('193', 'Admin.aspx', 'Content', '13', 'DataList', '', 'Cinar.CMS.Serialization\nEntityName,6,AuthorFilter,5,Id<>1HowManyItems,4,1000OrderBy,2,IdAscending,5,FalseDataTemplate,552,$=entity.Name$<br/>\n<img src="$=this.ThumbPicture$" width="100" height="100" title="Yazıları Göster"\n	onclick="openEntityListForm(''Content'', ''Yazar Yazıları'', ''AuthorId=$=entity.Id$ AND ClassName=Content AND CategoryId=8'', false, null, true, ''İçerik'')"/><br/>\n<img src="/external/icons/edit.png" title="Düzenle"\n	onclick="editData(''Author'', $=entity.Id$, ''İçerik'', function(){location.reload();},''DisableAutoContent=1'')"/>\n<img src="/external/icons/delete.png" title="Sil"\n	onclick="deleteData(''Author'', $=entity.Id$, function(){location.reload();})"/>PictureWidth,3,100PictureHeight,3,100DisplayAsTable,4,TrueCols,4,1000EncloseWithDiv,5,FalseDivClassName,12,extraItemDivId,3,193Template,10,Admin.aspxRegion,7,ContentOrderNo,1,2Name,8,DataListCSS,0,TopHtml,247,<h2>\n<span class="title" onclick="toggleDataList(this)">i am AUTHORS</span>\n<span \n	class="add" \n	onclick="editData(''Author'', 0, ''İçerik'', function(){location.reload();},''DisableAutoContent=1'')">\nAdd New Author\n</span>\n</h2>\n<div class="innerDiv">BottomHtml,6,</div>ParentModuleId,1,0CSSClass,13,adminDataListUseCache,7,DefaultCacheLifeTime,1,0ShowPaging,4,TrueCropPicture,5,False', null, null, '0', null, 'Default', null);
insert into [module] ([Id], [Template], [Region], [OrderNo], [Name], [CSS], [Details], [TopHtml], [BottomHtml], [ParentModuleId], [CSSClass], [UseCache], [CacheLifeTime]) values ('194', 'Admin.aspx', 'Header', '0', 'StaticHtml', '#StaticHtml_194 {\n	margin-bottom:20px;\n}\n\n#StaticHtml_194 .headerMenu { border-bottom:1px solid black}\n#StaticHtml_194 .tab {\n	border:1px solid black; \n	border-bottom:none;\n	float:right; \n	padding:2px 40px;\n	cursor:pointer;\n	margin-left:10px;\n}\n#StaticHtml_194 .search {\n}\n#StaticHtml_194 .subscribe {\n	background:black;\n	color:white;\n}', 'Cinar.CMS.Serialization\nInnerHtml,91,<a href="/Admin.aspx"><img src="/UserFiles/Images/design/blank_admin.jpg" border="0"/></a>\nLangId1,1,0InnerHtml1,0,LangId2,1,0InnerHtml2,0,LangId3,1,0InnerHtml3,0,Id,3,194Template,10,Admin.aspxRegion,6,HeaderOrderNo,1,0Name,10,StaticHtmlCSS,336,#StaticHtml_194 {\n	margin-bottom:20px;\n}\n\n#StaticHtml_194 .headerMenu { border-bottom:1px solid black}\n#StaticHtml_194 .tab {\n	border:1px solid black; \n	border-bottom:none;\n	float:right; \n	padding:2px 40px;\n	cursor:pointer;\n	margin-left:10px;\n}\n#StaticHtml_194 .search {\n}\n#StaticHtml_194 .subscribe {\n	background:black;\n	color:white;\n}TopHtml,0,BottomHtml,0,ParentModuleId,1,0CSSClass,0,UseCache,7,DefaultCacheLifeTime,1,0', null, null, '0', null, 'Default', null);
insert into [module] ([Id], [Template], [Region], [OrderNo], [Name], [CSS], [Details], [TopHtml], [BottomHtml], [ParentModuleId], [CSSClass], [UseCache], [CacheLifeTime]) values ('195', 'Admin.aspx', 'Footer', '1', 'StaticHtml', '#StaticHtml_195 {\n	border-top:1px solid black;\n	border-bottom:1px solid black;\n	text-align:center;\n	font-family: Spinnaker, tahoma;\n	padding:4px;\n	margin-top:10px;\n	clear:both;\n	margin-top:30px;\n}\n', 'Cinar.CMS.Serialization\nInnerHtml,130,<a href="http://www.artechin.com">designed by ARTECHIN</a>\n&amp;\n<a href="http://www.cinarteknoloji.com">powered by ÇINAR CMS</a>\nLangId1,1,0InnerHtml1,0,LangId2,1,0InnerHtml2,0,LangId3,1,0InnerHtml3,0,Id,3,195Template,10,Admin.aspxRegion,6,FooterOrderNo,1,1Name,10,StaticHtmlCSS,197,#StaticHtml_195 {\n	border-top:1px solid black;\n	border-bottom:1px solid black;\n	text-align:center;\n	font-family: Spinnaker, tahoma;\n	padding:4px;\n	margin-top:10px;\n	clear:both;\n	margin-top:30px;\n}\nTopHtml,0,BottomHtml,0,ParentModuleId,1,0CSSClass,0,UseCache,7,DefaultCacheLifeTime,1,0', null, null, '0', null, 'Default', null);
insert into [module] ([Id], [Template], [Region], [OrderNo], [Name], [CSS], [Details], [TopHtml], [BottomHtml], [ParentModuleId], [CSSClass], [UseCache], [CacheLifeTime]) values ('196', 'Admin.aspx', 'Content', '0', 'PageSecurity', '', 'Cinar.CMS.Serialization\nRoleToRead,6,EditorRoleToChange,8,DesignerRedirectPage,10,Login.aspxId,3,196Template,10,Admin.aspxRegion,7,ContentOrderNo,1,2Name,12,PageSecurityCSS,0,TopHtml,0,BottomHtml,0,ParentModuleId,1,0CSSClass,0,UseCache,7,DefaultCacheLifeTime,1,0', null, null, '0', null, 'Default', null);
insert into [module] ([Id], [Template], [Region], [OrderNo], [Name], [CSS], [Details], [TopHtml], [BottomHtml], [ParentModuleId], [CSSClass], [UseCache], [CacheLifeTime]) values ('198', 'Admin.aspx', 'Content', '14', 'DataList', '', 'Cinar.CMS.Serialization\nEntityName,7,ContentFilter,13,CategoryId=48HowManyItems,2,30OrderBy,2,IdAscending,5,FalseDataTemplate,515,$=entity.Title$<br/>\n<img src="$=this.ThumbPicture$" width="100" height="100" title="Çekimleri Göster"\n	onclick="openEntityListForm(''ContentPicture'', ''Çekimler'', ''ContentId=$=entity.Id$'')"/><br/>\n<img src="/external/icons/edit.png" title="Düzenle"\n	onclick="editData(''Content'', $=entity.Id$, ''İçerik'', function(){location.reload();}, ''CategoryId=48 AND ClassName=Content'')"/>\n<!--\n<img src="/external/icons/delete.png" title="Sil"\n	onclick="deleteData(''Content'', $=entity.Id$, function(){location.reload();})"/>\n-->PictureWidth,3,100PictureHeight,3,100DisplayAsTable,4,TrueCols,4,1000EncloseWithDiv,5,FalseDivClassName,12,extraItemDivId,3,198Template,10,Admin.aspxRegion,7,ContentOrderNo,1,4Name,8,DataListCSS,0,TopHtml,134,<h2>\n<span class="title" onclick="toggleDataList(this)">i am LOVE & HATE</span>\n<span class="add"></span>\n</h2>\n<div class="innerDiv">BottomHtml,6,</div>ParentModuleId,1,0CSSClass,13,adminDataListUseCache,7,DefaultCacheLifeTime,1,0ShowPaging,5,FalseCropPicture,5,False', null, null, '0', null, 'Default', null);
insert into [module] ([Id], [Template], [Region], [OrderNo], [Name], [CSS], [Details], [TopHtml], [BottomHtml], [ParentModuleId], [CSSClass], [UseCache], [CacheLifeTime]) values ('206', 'Admin.aspx', 'Content', '15', 'DataList', '', 'Cinar.CMS.Serialization\nEntityName,7,ContentFilter,13,CategoryId=68HowManyItems,1,8OrderBy,5,TitleAscending,4,TrueDataTemplate,641,$=entity.Title$<br/>\n<img src="$=this.ThumbPicture$" width="100" height="100" title="$=entity.Title.Replace("\"","\\\"")$ kategorisine yazı eklemek için tıklayınız"\n	onclick="openEntityListForm(''Content'', ''$=entity.Title.Replace("''","\\''")$'', ''CategoryId=$=entity.Id$ AND ClassName=Content'', false, null, true, ''İçerik'')"/><br/>\n<img src="/external/icons/edit.png" title="Düzenle"\n	onclick="editData(''Content'', $=entity.Id$, ''İçerik'', function(){location.reload();}, ''CategoryId=68 AND ClassName=Category'')"/>\n<img src="/external/icons/delete.png" title="Sil"\n	onclick="deleteData(''Content'', $=entity.Id$, function(){location.reload();})"/>\nPictureWidth,3,100PictureHeight,3,100DisplayAsTable,4,TrueCols,4,1000EncloseWithDiv,5,FalseDivClassName,12,extraItemDivId,3,206Template,10,Admin.aspxRegion,7,ContentOrderNo,2,15Name,8,DataListCSS,0,TopHtml,263,<h2>\n<span class="title" onclick="toggleDataList(this)">i am .....</span>\n<span class="add" \n	onclick="editData(''Content'', 0, ''İçerik'', function(){location.reload();}, ''CategoryId=68 AND ClassName=Category'')">\nAdd New Category\n</span>\n</h2>\n<div class="innerDiv">BottomHtml,6,</div>ParentModuleId,1,0CSSClass,13,adminDataListUseCache,7,DefaultCacheLifeTime,1,0ShowPaging,4,TrueCropPicture,5,FalseSQL,0,AjaxPaging,4,TrueLabelPrevPage,13,Previous PageLabelNextPage,9,Next Page', null, null, '0', null, 'Default', null);
insert into [module] ([Id], [Template], [Region], [OrderNo], [Name], [CSS], [Details], [TopHtml], [BottomHtml], [ParentModuleId], [CSSClass], [UseCache], [CacheLifeTime]) values ('207', 'Admin.aspx', 'Content', '16', 'DataList', '', 'Cinar.CMS.Serialization\nEntityName,7,ContentFilter,13,CategoryId=32HowManyItems,4,1000OrderBy,2,IdAscending,5,FalseDataTemplate,332,$=entity.Title$<br/>\n<img src="/external/icons/edit.png" title="Düzenle"\n	onclick="editData(''Content'', $=entity.Id$, ''İçerik'', function(){location.reload();}, ''CategoryId=32 AND ClassName=Content'')"/>\n<img src="/external/icons/delete.png" title="Sil"\n	onclick="deleteData(''Content'', $=entity.Id$, function(){location.reload();})"/>\nPictureWidth,3,100PictureHeight,3,100DisplayAsTable,4,TrueCols,4,1000EncloseWithDiv,5,FalseDivClassName,12,extraItemDivId,3,207Template,10,Admin.aspxRegion,7,ContentOrderNo,2,13Name,8,DataListCSS,0,TopHtml,260,<h2>\n<span class="title" onclick="toggleDataList(this)">FOOTER LINKS</span>\n<span class="add" \n	onclick="editData(''Content'', 0, ''İçerik'', function(){location.reload();}, ''CategoryId=32 AND ClassName=Content'')">\nAdd New Cook\n</span>\n</h2>\n<div class="innerDiv">BottomHtml,6,</div>ParentModuleId,1,0CSSClass,13,adminDataListUseCache,7,DefaultCacheLifeTime,1,0ShowPaging,5,FalseCropPicture,5,False', null, null, '0', null, 'Default', null);
insert into [module] ([Id], [Template], [Region], [OrderNo], [Name], [CSS], [Details], [TopHtml], [BottomHtml], [ParentModuleId], [CSSClass], [UseCache], [CacheLifeTime]) values ('209', 'Admin.aspx', 'Content', '17', 'StaticHtml', '#StaticHtml_209 .innerDiv {\n	padding:10px;\n	border:1px solid black;\n}\n', 'Cinar.CMS.Serialization\nInnerHtml,916,<a href="Admin.aspx?subFilter=day">Today</a> &nbsp;&nbsp;|&nbsp;&nbsp;\n<a href="Admin.aspx?subFilter=week">Last Week</a> &nbsp;&nbsp;|&nbsp;&nbsp;\n<a href="Admin.aspx?subFilter=month">Last Month</a> &nbsp;&nbsp;|&nbsp;&nbsp;\n<a href="Admin.aspx?subFilter=all">All Time</a> <br/>\n<textarea cols="50" rows="10" wrap="off">\n$\nvar subFilter = Context.Request[''subFilter''];\nif(subFilter==''day'')\n	subFilter=DateTime.Now.AddDays(-1);\nif(subFilter==''week'')\n	subFilter=DateTime.Now.AddDays(-7);\nif(subFilter==''month'')\n	subFilter=DateTime.Now.AddDays(-30);\nif(subFilter==''all'')\n	subFilter=DateTime.Now.AddDays(-10000);\nif(subFilter)\n{\n	var sql = "\n		SELECT \n			Description \n		FROM \n			Log \n		WHERE \n			Category=''Subscribe'' AND \n			InsertDate > ''"+subFilter.ToString(''yyyy-MM-dd'')+"''\n		ORDER BY Id DESC";\n\n	var dt = Context.Database.GetDataTable(sql);\n	foreach(var dr in dt.Rows)\n		echo(dr.Description+"\r\n");\n}\n$\n</textarea>\nLangId1,1,0InnerHtml1,0,LangId2,1,0InnerHtml2,0,LangId3,1,0InnerHtml3,0,Id,3,209Template,10,Admin.aspxRegion,7,ContentOrderNo,2,14Name,10,StaticHtmlCSS,70,#StaticHtml_209 .innerDiv {\n	padding:10px;\n	border:1px solid black;\n}\nTopHtml,132,<h2>\n<span class="title" onclick="toggleDataList(this)">SUBSCRIPTIONS</span>\n<span class="add" ></span>\n</h2>\n<div class="innerDiv">BottomHtml,6,</div>ParentModuleId,1,0CSSClass,13,adminDataListUseCache,7,DefaultCacheLifeTime,1,0', null, null, '0', null, 'Default', null);
insert into [module] ([Id], [Template], [Region], [OrderNo], [Name], [CSS], [Details], [TopHtml], [BottomHtml], [ParentModuleId], [CSSClass], [UseCache], [CacheLifeTime]) values ('210', 'Moda.aspx', 'Content', '1', 'DataList', '', 'Cinar.CMS.Serialization\nEntityName,14,ContentPictureFilter,26,ContentId=@PreviousContentHowManyItems,2,30OrderBy,7,OrderNoAscending,4,TrueDataTemplate,333,<img \n	src="$=this.ThumbPicture$"\n	path="$=entity.FileName$" \n	like=''$=entity.LikeIt$'' \n	title=''$=Context.Server.HtmlEncode(entity.Title)$'' \n	desc=''$=Context.Server.HtmlEncode(entity.Description)$'' \n	tagData=''$=Context.Server.HtmlEncode(entity.TagData)$'' \n	entityId=''$=entity.Id$''\n	likeSrc=''/external/icons/love.png''\n	height="360"/> PictureWidth,1,0PictureHeight,3,360DisplayAsTable,5,FalseCols,1,1EncloseWithDiv,5,FalseDivClassName,12,extraItemDivId,3,210Template,9,Moda.aspxRegion,7,ContentOrderNo,1,1Name,8,DataListCSS,0,TopHtml,0,BottomHtml,1,\nParentModuleId,1,0CSSClass,18,slideShow lightBoxUseCache,7,DefaultCacheLifeTime,1,0ShowPaging,5,False', null, null, '0', null, 'Default', null);
insert into [module] ([Id], [Template], [Region], [OrderNo], [Name], [CSS], [Details], [TopHtml], [BottomHtml], [ParentModuleId], [CSSClass], [UseCache], [CacheLifeTime]) values ('211', 'Author.aspx', 'Content', '2', 'StaticHtml', '#StaticHtml_211 {\n	font-family: spinnaker;\n	margin-top:10px;\n}\n', 'Cinar.CMS.Serialization\nInnerHtml,899,$\nvar tagSQL = '''';\nif (Provider.Request["tagId"])\n   tagSQL = " AND Id in (SELECT ContentId FROM ContentTag WHERE TagId = "+Provider.Tag.Id+")";\nvar prevSQL = "select Id from Content where Id<"+Provider.Content.Id+" AND CategoryId="+Provider.Content.CategoryId+" AND AuthorId="+Provider.Content.AuthorId+" " + tagSQL + " order by Id desc limit 1";\nvar prevDr = Provider.Database.GetDataRow(prevSQL);\nvar nextSQL = "select Id from Content where Id>"+Provider.Content.Id+" AND CategoryId="+Provider.Content.CategoryId+" AND AuthorId="+Provider.Content.AuthorId+" " + tagSQL + " order by Id limit 1";\nvar nextDr = Provider.Database.GetDataRow(nextSQL);\n\n$\n\n<div>\n$if(prevDr){$\n<div style="float:left"><a href="Author.aspx?item=$=prevDr.Id$">PREVIOUS</a></div>\n$}$\n\n$if(nextDr){$\n<div style="float:right"><a href="Author.aspx?item=$=nextDr.Id$">NEXT</a></div>\n$}$\n\n<div style="clear:both"></div>\n</div>\nLangId1,1,0InnerHtml1,0,LangId2,1,0InnerHtml2,0,LangId3,1,0InnerHtml3,0,CSS,63,#StaticHtml_211 {\n	font-family: spinnaker;\n	margin-top:10px;\n}\nTopHtml,0,BottomHtml,0,CSSClass,0,UseCache,7,DefaultCacheLifeTime,1,0Id,3,211Template,11,Author.aspxRegion,7,ContentOrderNo,1,1Name,10,StaticHtmlParentModuleId,1,0', null, null, '0', null, 'Default', null);
insert into [module] ([Id], [Template], [Region], [OrderNo], [Name], [CSS], [Details], [TopHtml], [BottomHtml], [ParentModuleId], [CSSClass], [UseCache], [CacheLifeTime]) values ('212', 'Moda.aspx', 'Content', '2', 'StaticHtml', '#StaticHtml_212 {\n	font-family: spinnaker;\n	margin:10px 40px;\n}\n', 'Cinar.CMS.Serialization\nInnerHtml,803,$\nvar tagSQL = '''';\nif (Provider.Request["tagId"])\n   tagSQL = " AND Id in (SELECT ContentId FROM ContentTag WHERE TagId = "+Provider.Tag.Id+")";\nvar prevSQL = "select Id from Content where Id<"+Provider.Content.Id+" AND CategoryId="+Provider.Content.CategoryId + tagSQL + " order by Id desc limit 1";\nvar prevDr = Provider.Database.GetDataRow(prevSQL);\nvar nextSQL = "select Id from Content where Id>"+Provider.Content.Id+" AND CategoryId="+Provider.Content.CategoryId + tagSQL + " order by Id limit 1";\nvar nextDr = Provider.Database.GetDataRow(nextSQL);\n\n$\n\n<div>\n$if(prevDr){$\n<div style="float:left"><a href="/Moda.aspx?item=$=prevDr.Id$">PREVIOUS</a></div>\n$}$\n\n$if(nextDr){$\n<div style="float:right"><a href="/Moda.aspx?item=$=nextDr.Id$">NEXT</a></div>\n$}$\n\n<div style="clear:both"></div>\n</div>\nLangId1,1,0InnerHtml1,0,LangId2,1,0InnerHtml2,0,LangId3,1,0InnerHtml3,0,CSS,64,#StaticHtml_212 {\n	font-family: spinnaker;\n	margin:10px 40px;\n}\nTopHtml,0,BottomHtml,0,CSSClass,0,UseCache,7,DefaultCacheLifeTime,1,0Id,3,212Template,9,Moda.aspxRegion,7,ContentOrderNo,1,2Name,10,StaticHtmlParentModuleId,1,0', null, null, '0', null, 'Default', null);
insert into [module] ([Id], [Template], [Region], [OrderNo], [Name], [CSS], [Details], [TopHtml], [BottomHtml], [ParentModuleId], [CSSClass], [UseCache], [CacheLifeTime]) values ('215', 'Default.aspx', 'ContentLeft', '3', 'ContentListByFilter', '', 'Cinar.CMS.Serialization\nFilter,4,Id=5HowManyItems,1,1SkipFirst,1,0Random,1,0OrderBy,19,Content.PublishDateAscending,5,FalseShowPictureLeftRight,5,FalseShowCurrentContent,5,FalseShowFirstItemWithPicture,5,FalseWhichPicture,15,Content.PicturePictureWidth,3,218PictureHeight,1,0BulletIcon,0,TitleLength,2,50DescriptionLength,3,150DateFormat,3,agoFieldOrder,23,image,title,descriptionCreateLink,4,TrueLinkTarget,0,ShowDescriptionAsLink,5,FalseUseTemplate,0,ForceToUseTemplate,5,FalseMoreLink,0,DisplayAsTable,5,FalseCols,1,1EncloseWithDiv,5,FalseId,3,215Template,12,Default.aspxRegion,11,ContentLeftOrderNo,1,3Name,19,ContentListByFilterCSS,0,TopHtml,0,BottomHtml,0,ParentModuleId,1,0CSSClass,24,vitrin shadow toogleDescUseCache,7,DefaultCacheLifeTime,1,0DivClassName,12,extraItemDiv', null, null, '0', null, 'Default', null);
insert into [module] ([Id], [Template], [Region], [OrderNo], [Name], [CSS], [Details], [TopHtml], [BottomHtml], [ParentModuleId], [CSSClass], [UseCache], [CacheLifeTime]) values ('216', 'Default.aspx', 'ContentRight', '4', 'ContentListByFilter', '', 'Cinar.CMS.Serialization\nFilter,4,Id=4HowManyItems,1,1SkipFirst,1,0Random,1,0OrderBy,19,Content.PublishDateAscending,5,FalseShowPictureLeftRight,5,FalseShowCurrentContent,5,FalseShowFirstItemWithPicture,5,FalseWhichPicture,15,Content.PicturePictureWidth,3,218PictureHeight,1,0BulletIcon,0,TitleLength,2,50DescriptionLength,3,150DateFormat,3,agoFieldOrder,23,image,title,descriptionCreateLink,4,TrueLinkTarget,0,ShowDescriptionAsLink,5,FalseUseTemplate,0,ForceToUseTemplate,5,FalseMoreLink,0,DisplayAsTable,5,FalseCols,1,1EncloseWithDiv,5,FalseId,3,216Template,12,Default.aspxRegion,12,ContentRightOrderNo,1,3Name,19,ContentListByFilterCSS,0,TopHtml,0,BottomHtml,0,ParentModuleId,1,0CSSClass,24,vitrin shadow toogleDescUseCache,7,DefaultCacheLifeTime,1,0DivClassName,12,extraItemDiv', null, null, '0', null, 'Default', null);
insert into [module] ([Id], [Template], [Region], [OrderNo], [Name], [CSS], [Details], [TopHtml], [BottomHtml], [ParentModuleId], [CSSClass], [UseCache], [CacheLifeTime]) values ('218', 'Admin.aspx', 'Footer', '0', 'StaticHtml', '#StaticHtml_218 {\n	text-align:right;\n	margin-top:20px;\n}\n', 'Cinar.CMS.Serialization\nInnerHtml,272,<span class="btn OK"\nonclick="location.href=''/Default.aspx?DesignMode=On'';"\n>Ana Sayfadaki Kutular</span>\n\n<span class="btn OK"\nonclick="location.href=''/'';"\n>Ana Sayfa</span>\n\n<span class="btn cancel"\nonclick="location.href=''/DoLogin.ashx?logout=1'';"\n>Oturumu Kapat</span>LangId1,1,0InnerHtml1,0,LangId2,1,0InnerHtml2,0,LangId3,1,0InnerHtml3,0,Id,3,218Template,10,Admin.aspxRegion,6,FooterOrderNo,1,0Name,10,StaticHtmlCSS,57,#StaticHtml_218 {\n	text-align:right;\n	margin-top:20px;\n}\nTopHtml,0,BottomHtml,0,ParentModuleId,1,0CSSClass,0,UseCache,7,DefaultCacheLifeTime,1,0', null, null, '0', null, 'Default', null);
insert into [module] ([Id], [Template], [Region], [OrderNo], [Name], [CSS], [Details], [TopHtml], [BottomHtml], [ParentModuleId], [CSSClass], [UseCache], [CacheLifeTime]) values ('220', 'Author.aspx', 'ContentLeft', '0', 'StaticHtml', '#StaticHtml_220 {\n	float:left;\n	margin-top:10px;\n}\n', 'Cinar.CMS.Serialization\nInnerHtml,160,$if(Provider.Content.Author.Picture2) {$\n<a href="/AboutMe.aspx?item=$=Provider.Content.Id$"><img src="$=Provider.Content.Author.Picture2$" border="0"/></a>\n$}$LangId1,1,0InnerHtml1,0,LangId2,1,0InnerHtml2,0,LangId3,1,0InnerHtml3,0,CSS,51,#StaticHtml_220 {\n	float:left;\n	margin-top:10px;\n}\nTopHtml,0,BottomHtml,0,CSSClass,0,UseCache,7,DefaultCacheLifeTime,1,0Id,3,220Template,11,Author.aspxRegion,11,ContentLeftOrderNo,1,0Name,10,StaticHtmlParentModuleId,1,0', null, null, '0', null, 'Default', null);
insert into [module] ([Id], [Template], [Region], [OrderNo], [Name], [CSS], [Details], [TopHtml], [BottomHtml], [ParentModuleId], [CSSClass], [UseCache], [CacheLifeTime]) values ('221', 'Admin.aspx', 'Content', '1', 'StaticHtml', '#StaticHtml_221 .innerDiv {\n	padding:10px;\n	border:1px solid black;\n}\n', 'Cinar.CMS.Serialization\nInnerHtml,2664,$\nusing System.IO;\n\nvar introType = Provider.Request[''introType''];\nvar logoPos = Provider.Request[''logoPos''];\nif(introType ){\n\n	Context.ExecuteNonQuery("update Content set Tags = ''"+introType+"'', SpotTitle=''"+logoPos+"'' where Id=65");\n	var files = Context.GetDataTable("select * from ContentPicture where ContentId=65").Rows;\n\n	var xml = ''<?xml version="1.0" encoding="utf-8" ?>\n		<settings welcomeMediaType="''+introType+''" mediaInterval="5" logoUrl="logos/BlankLogo.png" homepageFileName="/Default.aspx" iaminUrl="logos/iamin1.png" iaminOverColor="0xFFFFFF">\n			<positions playerBottomPadding="98" playerRightPadding="6" logoPos="''+logoPos+''" iaminPos="BC"/> \n		\n			<video>'';\n	foreach(var flv in files)\n		if(flv.FileName.EndsWith(''.flv''))\n			xml += ''<location>''+flv.FileName+''</location>'';\n	xml += ''	</video>\n		<photos>'';\n	foreach(var jpg in files)\n		if(jpg.FileName.EndsWith(''.jpg''))\n			xml += ''<photo><location>''+jpg.FileName+''</location></photo>'';\n	xml += ''	</photos>\n		<trackList>'';\n	foreach(var mp3 in files)\n		if(mp3.FileName.EndsWith(''.mp3''))\n			xml += ''<track><creator>01</creator><title>''+mp3.Title+''</title><location>''+mp3.FileName+''</location></track>'';\n	xml += ''	</trackList>\n		</settings>'';\n\n	File.WriteAllText(Provider.Server.MapPath(''/UserFiles/intro/settings.xml''), xml);	\n\n	Provider.Response.Redirect(''Admin.aspx'', true);\n}\n\nvar intro = Context.GetDataRow("select * from Content where Id=65");\n$\n<span class="btn" onclick="openEntityListForm(''ContentPicture'', ''Intro Files'', ''ContentId=65'', false, null, true)">Intro FLV, JPG ve MP3 dosyalarını düzenle</span>\n\nIntro Type: \n<select id="introType">\n<option $=(intro.Tags==''video'' ? ''selected'':'''')$>video</option>\n<option $=(intro.Tags==''photo'' ? ''selected'':'''')$>photo</option>\n</select>\nLogo Position:\n<select id="logoPos">\n<option value="TL" $=(intro.SpotTitle==''TL'' ? ''selected'':'''')$>Top Left</option>\n<option value="TC" $=(intro.SpotTitle==''TC'' ? ''selected'':'''')$>Top Center</option>\n<option value="TR" $=(intro.SpotTitle==''TR'' ? ''selected'':'''')$>Top Right</option>\n<option value="ML" $=(intro.SpotTitle==''ML'' ? ''selected'':'''')$>Middle Left</option>\n<option value="MC" $=(intro.SpotTitle==''MC'' ? ''selected'':'''')$>Middle Center</option>\n<option value="MR" $=(intro.SpotTitle==''MR'' ? ''selected'':'''')$>Middle Right</option>\n<option value="BL" $=(intro.SpotTitle==''BL'' ? ''selected'':'''')$>Bottom Left</option>\n<option value="BC" $=(intro.SpotTitle==''BC'' ? ''selected'':'''')$>Bottom Center</option>\n<option value="BR" $=(intro.SpotTitle==''BR'' ? ''selected'':'''')$>Bottom Right</option>\n</select>\n\n<button onclick="location.href=''Admin.aspx?introType=''+\$F(''introType'')+''&logoPos=''+\$F(''logoPos'')">SAVE</button>\n\nLangId1,1,0InnerHtml1,0,LangId2,1,0InnerHtml2,0,LangId3,1,0InnerHtml3,0,Id,3,221Template,10,Admin.aspxRegion,7,ContentOrderNo,2,15Name,10,StaticHtmlCSS,70,#StaticHtml_221 .innerDiv {\n	padding:10px;\n	border:1px solid black;\n}\nTopHtml,130,<h2>\n<span class="title" onclick="toggleDataList(this)">INTRO FILES</span>\n<span class="add" ></span>\n</h2>\n<div class="innerDiv">BottomHtml,6,</div>ParentModuleId,1,0CSSClass,13,adminDataListUseCache,7,DefaultCacheLifeTime,1,0', null, null, '0', null, 'Default', null);
insert into [module] ([Id], [Template], [Region], [OrderNo], [Name], [CSS], [Details], [TopHtml], [BottomHtml], [ParentModuleId], [CSSClass], [UseCache], [CacheLifeTime]) values ('222', 'People.aspx', 'Content', '1', 'StaticHtml', '#StaticHtml_222 {\n	background:white;\n	padding:0px 50px;\n}\n', 'Cinar.CMS.Serialization\nInnerHtml,52,<div style="border-top:1px solid #CCC;">&nbsp;</div>LangId1,1,0InnerHtml1,0,LangId2,1,0InnerHtml2,0,LangId3,1,0InnerHtml3,0,Id,3,222Template,11,People.aspxRegion,7,ContentOrderNo,1,1Name,10,StaticHtmlCSS,58,#StaticHtml_222 {\n	background:white;\n	padding:0px 50px;\n}\nTopHtml,0,BottomHtml,0,ParentModuleId,1,0CSSClass,0,UseCache,7,DefaultCacheLifeTime,1,0', null, null, '0', null, 'Default', null);
insert into [module] ([Id], [Template], [Region], [OrderNo], [Name], [CSS], [Details], [TopHtml], [BottomHtml], [ParentModuleId], [CSSClass], [UseCache], [CacheLifeTime]) values ('224', 'Admin.aspx', 'Content', '18', 'StaticHtml', '#StaticHtml_224  .innerDiv {\n	padding:10px;\n	border:1px solid black;\n}\n', 'Cinar.CMS.Serialization\nInnerHtml,2297,<h2>\n<span class="title" onclick="toggleDataList(this)">YARDIM</span>\n<span class="add"></span>\n</h2>\n<div class="innerDiv">\nINTRO FILES:\n<ul>\n<li>Bu bölümde giriş sayfasındaki müzik dosyalarını, zemin resimlerini ve videosunu belirleyebilirsiniz.\n<li>Bunun için dosyaları, animasyon tipini ve logo konumunu seçip kaydet butonuna basınız.\n</ul>\nANA SAYFADAKİ KUTULAR:\n<ul>\n<li>Ana sayfanıza kutu ekleyebilir, çıkartabilir, yerini değiştirebilirsiniz.\n<li>Bunun için aşağıdaki "Ana Sayfadaki Kutular" butonuna tıklamalısınız.\n<li>Burada kutuların üzerine tıklayarak seçebildiğiniz göreceksiniz. (Yalnız resmin üzerine tıklarsanız ilgili sayfa açılır, kutunun resim dışında bir yerine tıklayınız)\n<li>Yeni bir kutu oluşturmak için, \n	<ul>\n	<li>benzer bir kutunun üzerine sağ tıklayıp "Modülü Kopyala" menüsünü seçiniz.\n	<li>Sonra modülü ekleyeceğiniz sütunun üzerine sağ tıklayıp "Modülü YApıştır" menüsünü seçiniz.\n	<li>O sütunun en altına modülün eklendiğini göreceksiniz. Modülü yukarı-aşağı taşımak için ok işaretlerine tıklayınız.\n	</ul>\n</ul>\nISSUES (TAGS)\n<ul>\n<li>Moda çekimlerinizi dergi sayısına (issue) göre etketleyebilirsiniz.\n<li>Bu bölümde moda çekimi eklerken tanımladığınız etiketler listeleniyor.\n<li>Bu etiketlere (sayılara) ilişkin resimleri <img src="/external/icons/edit.png"/> butonuna tıklayarak açılan pencereden belirleyebilirsiniz.\n</ul>\ni am FASHION SHOOT\n<ul>\n<li>Bu bölümde moda çekimleri için yeni galeriler oluşturabilir ve bu galerilere çekimlerinizi yükleyebilirsiniz.\n<li>Resmin üzerine tıklarsanız galeri içindeki resimler (çekimler) listelenir.\n<li>Bir resim seçiliyken "Etiketle" butonuna tıklayarak o resmi Facebook''taki gibi etiketleyebilirsiniz.\n<li>Galeriye hızlıca resim yüklemek için "Hızlı Tükle"" butonunu kullanınız. (Ctrl veya Shift tuşunu basılı tutarak birden fazla resim seçebilirsiniz.)\n<li>Bir galerinin adını, etiketini düzenlemek için <img src="/external/icons/edit.png"/> butonuna, galeriyi silmek için <img src="/external/icons/delete.png"/> butonuna basınız.\n</ul>\ni am LOVE & HATE\n<ul>\n<li>Bu bölümde love ve hate sayfalarına resim yükleyebilirsiniz.\n<li>Resim yükleme ve etiketleme işlemi FASHION SHOOT bölümüyle aynıdır.\n</ul>\ni am ...\n<ul>\n<li>Bu bölümde Bird View, Cook, Think ve benzeri kategorilere yazı ekleyebilirsiniz.\n</ul>\n</div>LangId1,1,0InnerHtml1,0,LangId2,1,0InnerHtml2,0,LangId3,1,0InnerHtml3,0,Id,3,224Template,10,Admin.aspxRegion,7,ContentOrderNo,2,17Name,10,StaticHtmlCSS,71,#StaticHtml_224  .innerDiv {\n	padding:10px;\n	border:1px solid black;\n}\nTopHtml,0,BottomHtml,0,ParentModuleId,1,0CSSClass,13,adminDataListUseCache,7,DefaultCacheLifeTime,1,0', null, null, '0', null, 'Default', null);
insert into [module] ([Id], [Template], [Region], [OrderNo], [Name], [CSS], [Details], [TopHtml], [BottomHtml], [ParentModuleId], [CSSClass], [UseCache], [CacheLifeTime]) values ('225', 'Admin.aspx', 'Content', '4', 'SQLDataList', '', 'Cinar.CMS.Serialization\nSQL,184,select \n	* \nfrom \n	Tag \nwhere \n	Id in (\n		select \n			TagId \n		from \n			ContentTag\n		where\n			ContentId in (\n				select Id from Content\n				where CategoryId = 6\n			)\n	)\norder by Id descDataTemplate,341,$=row.Name$<br/>\n<img src="$=this.ThumbPicture$" width="100" height="100"/><br/>\n<img src="/external/icons/edit.png" title="Düzenle"\n	onclick="editData(''Tag'', $=row.Id$, ''Ekstra'', function(){location.reload();},'''')"/>\n<img src="/external/icons/delete.png" title="Sil"\n	onclick="deleteData(''Tag'', $=row.Id$, function(){location.reload();})"/>PictureWidth,3,100PictureHeight,3,100CropPicture,5,FalseDisplayAsTable,4,TrueCols,4,1000EncloseWithDiv,5,FalseDivClassName,12,extraItemDivId,3,225Template,10,Admin.aspxRegion,7,ContentOrderNo,1,4Name,11,SQLDataListCSS,0,TopHtml,224,<h2>\n<span class="title" onclick="toggleDataList(this)">ISSUES (TAGS)</span>\n<span \n	class="add" \n	onclick="editData(''Tag'', 0, ''Ekstra'', function(){location.reload();},'''')">\nAdd New Issue\n</span>\n</h2>\n<div class="innerDiv">BottomHtml,6,</div>ParentModuleId,1,0CSSClass,13,adminDataListUseCache,7,DefaultCacheLifeTime,1,0', null, null, '0', null, 'Default', null);
insert into [module] ([Id], [Template], [Region], [OrderNo], [Name], [CSS], [Details], [TopHtml], [BottomHtml], [ParentModuleId], [CSSClass], [UseCache], [CacheLifeTime]) values ('227', 'Moda.aspx', 'Footer', '1', 'DataList', '#DataList_227 div.title {\n	border-bottom:1px solid black;\n	padding:50px 0px 5px 5px;\n	margin-bottom:30px;\n	font-family:spinnaker;\n}\n\n#DataList_227 div.paging {\n	float:left;\n	width:60px;\n	height:120px;\n	background-repeat:no-repeat;\n}\n#DataList_227 .cerceve {\n	float:left;\n	width:855px;\n	border: 1px solid #efefef;\n\n}\n\n#DataList_227 div.clItem {\n	float:left;\n	margin:0px 5px 5px 0px;\n}', 'Cinar.CMS.Serialization\nEntityName,7,ContentFilter,0,SQL,191,select \n	t.Id,\n	t.Picture,\n	max(c.Id) as ContentId\nfrom \n	Tag t, ContentTag ct, Content c\nwhere \n	t.Id = ct.TagId AND\n	ct.ContentId = c.Id AND\n	c.CategoryId = 6\ngroup by 1,2\norder by Id desc\nHowManyItems,1,5OrderBy,2,IdAscending,5,FalseShowPaging,4,TrueAjaxPaging,4,TrueLabelPrevPage,13,Previous PageLabelNextPage,9,Next PageDataTemplate,155,<div class="clItem">\n<a href="Moda.aspx?item=$=entity.ContentId$&tagId=$=entity.Id$">\n<img border="0" src="$=this.ThumbPicture$" height="120"/>\n</a>\n</div>PictureWidth,1,0PictureHeight,3,120CropPicture,5,FalseDisplayAsTable,5,FalseCols,1,1EncloseWithDiv,5,FalseDivClassName,12,extraItemDivId,3,227Template,9,Moda.aspxRegion,6,FooterOrderNo,1,1Name,8,DataListCSS,383,#DataList_227 div.title {\n	border-bottom:1px solid black;\n	padding:50px 0px 5px 5px;\n	margin-bottom:30px;\n	font-family:spinnaker;\n}\n\n#DataList_227 div.paging {\n	float:left;\n	width:60px;\n	height:120px;\n	background-repeat:no-repeat;\n}\n#DataList_227 .cerceve {\n	float:left;\n	width:855px;\n	border: 1px solid #efefef;\n\n}\n\n#DataList_227 div.clItem {\n	float:left;\n	margin:0px 5px 5px 0px;\n}TopHtml,181,<div class="title">ISSUES</div>\n\n<div class="paging" style="background-image:url(/UserFiles/Images/design/prev.png); background-position:right center;"></div>\n\n<div class="cerceve">BottomHtml,163,</div>\n<div class="paging"  style="background-image:url(/UserFiles/Images/design/next.png); background-position:left center;"></div>\n<div style="clear:both"></div>ParentModuleId,1,0CSSClass,0,UseCache,7,DefaultCacheLifeTime,1,0', null, null, '0', null, 'Default', null);
insert into [module] ([Id], [Template], [Region], [OrderNo], [Name], [CSS], [Details], [TopHtml], [BottomHtml], [ParentModuleId], [CSSClass], [UseCache], [CacheLifeTime]) values ('229', 'Other.aspx', 'Content', '1', 'DataList', '#DataList_229 {\n	margin-top:10px;\n	height:367px;\n}\n', 'Cinar.CMS.Serialization\nEntityName,7,ContentFilter,12,CategoryId=6HowManyItems,1,5OrderBy,10,Content.IdAscending,5,FalseShowPaging,5,FalseAjaxPaging,5,FalseLabelPrevPage,13,Previous PageLabelNextPage,9,Next PageDataTemplate,266,<div class="clItem">\n	<a href="/Moda.aspx?item=$=entity.Id$">\n		<img \n			width="$=this.PictureWidth$" \n			border="0" \n			height="$=this.PictureHeight$" \n			class="pic" \n			alt="$=Provider.Server.HtmlEncode(entity.Title)$" \n			src="$=this.ThumbPicture$">\n	</a>\n</div>PictureWidth,3,490PictureHeight,3,368CropPicture,4,TrueDisplayAsTable,5,FalseCols,1,1EncloseWithDiv,5,FalseDivClassName,12,extraItemDivId,3,229Template,10,Other.aspxRegion,7,ContentOrderNo,1,1Name,8,DataListCSS,51,#DataList_229 {\n	margin-top:10px;\n	height:367px;\n}\nTopHtml,0,BottomHtml,0,ParentModuleId,1,0CSSClass,8,fadeShowUseCache,7,DefaultCacheLifeTime,1,0SQL,0,', null, null, '0', null, 'Default', null);
insert into [module] ([Id], [Template], [Region], [OrderNo], [Name], [CSS], [Details], [TopHtml], [BottomHtml], [ParentModuleId], [CSSClass], [UseCache], [CacheLifeTime]) values ('230', 'Default.aspx', 'Content', '0', 'DataList', '#DataList_230 {\n	margin-top:10px;\n	height:367px;\n}\n', 'Cinar.CMS.Serialization\nEntityName,7,ContentFilter,0,SQL,132,select \n	c.* ,\n	ct.TagId\nfrom \n	Content c\n	LEFT JOIN ContentTag ct ON ct.ContentId = c.Id\nwhere\n	c.CategoryId = 6\norder by c.Id descHowManyItems,1,5OrderBy,10,Content.IdAscending,5,FalseShowPaging,5,FalseAjaxPaging,5,FalseLabelPrevPage,13,Previous PageLabelNextPage,9,Next PageDataTemplate,288,<div class="clItem">\n	<a href="/Moda.aspx?item=$=entity.Id$&tagId=$=entity.TagId$">\n		<img \n			width="$=this.PictureWidth$" \n			border="0" \n			height="$=this.PictureHeight$" \n			class="pic" \n			alt="$=Provider.Server.HtmlEncode(entity.Title)$" \n			src="$=this.ThumbPicture$">\n	</a>\n</div>PictureWidth,3,490PictureHeight,3,368CropPicture,4,TrueDisplayAsTable,5,FalseCols,1,1EncloseWithDiv,5,FalseDivClassName,12,extraItemDivId,3,230Template,12,Default.aspxRegion,7,ContentOrderNo,1,0Name,8,DataListCSS,51,#DataList_230 {\n	margin-top:10px;\n	height:367px;\n}\nTopHtml,0,BottomHtml,0,ParentModuleId,1,0CSSClass,8,fadeShowUseCache,7,DefaultCacheLifeTime,1,0', null, null, '0', null, 'Default', null);
insert into [module] ([Id], [Template], [Region], [OrderNo], [Name], [CSS], [Details], [TopHtml], [BottomHtml], [ParentModuleId], [CSSClass], [UseCache], [CacheLifeTime]) values ('231', 'Content.aspx', 'ContentLeft', '1', 'StaticHtml', '#StaticHtml_231 {\n	float:left;\n	margin-top:10px;\n}\n', 'Cinar.CMS.Serialization\nInnerHtml,108,$if(Provider.Content.Category.Picture2) {$\n<img src="$=Provider.Content.Category.Picture2$" border="0"/>\n$}$LangId1,1,0InnerHtml1,0,LangId2,1,0InnerHtml2,0,LangId3,1,0InnerHtml3,0,CSS,51,#StaticHtml_231 {\n	float:left;\n	margin-top:10px;\n}\nTopHtml,0,BottomHtml,0,CSSClass,0,UseCache,7,DefaultCacheLifeTime,1,0Id,3,231Template,12,Content.aspxRegion,11,ContentLeftOrderNo,1,1Name,10,StaticHtmlParentModuleId,1,0', null, null, '0', null, 'Default', null);
CREATE TABLE [pollanswer](
	[Answer] varchar(100) NOT NULL COLLATE NOCASE,
	[Hit] integer NOT NULL DEFAULT 0,
	[PollQuestionId] integer NOT NULL,
	[Id] integer NOT NULL PRIMARY KEY AUTOINCREMENT,
	[InsertDate] datetime NOT NULL DEFAULT '1990-01-01 00:00:00',
	[InsertUserId] integer,
	[UpdateDate] datetime,
	[UpdateUserId] integer,
	[Visible] boolean NOT NULL DEFAULT '1',
	[OrderNo] integer);

CREATE TABLE [pollquestion](
	[Question] varchar(100) NOT NULL COLLATE NOCASE,
	[Id] integer NOT NULL PRIMARY KEY AUTOINCREMENT,
	[InsertDate] datetime NOT NULL DEFAULT '1990-01-01 00:00:00',
	[InsertUserId] integer,
	[UpdateDate] datetime,
	[UpdateUserId] integer,
	[Visible] boolean NOT NULL DEFAULT '1',
	[OrderNo] integer);

insert into [pollquestion] ([Question], [Id], [InsertDate], [InsertUserId], [UpdateDate], [UpdateUserId], [Visible], [OrderNo]) values ('En çok hangi moda dergisini takip ediyorsunuz?', '1', '2011-11-04 23:52', '1', '2011-11-04 23:52', '1', '1', '0');
CREATE TABLE [pollquestionlang](
	[PollQuestionId] integer NOT NULL,
	[LangId] integer NOT NULL,
	[Question] varchar(100) NOT NULL COLLATE NOCASE,
	[Id] integer NOT NULL PRIMARY KEY AUTOINCREMENT,
	[InsertDate] datetime NOT NULL DEFAULT '1990-01-01 00:00:00',
	[InsertUserId] integer,
	[UpdateDate] datetime,
	[UpdateUserId] integer,
	[Visible] boolean NOT NULL DEFAULT '1',
	[OrderNo] integer);

CREATE TABLE [product](
	[ContentId] integer NOT NULL,
	[ListPrice] decimal,
	[DiscountRate] decimal,
	[VATRate] decimal,
	[OtherTaxRate] decimal,
	[Point] integer,
	[Width] decimal,
	[Height] decimal,
	[Depth] decimal,
	[Weight] decimal,
	[Id] integer NOT NULL PRIMARY KEY AUTOINCREMENT,
	[InsertDate] datetime NOT NULL DEFAULT '1990-01-01 00:00:00',
	[InsertUserId] integer,
	[UpdateDate] datetime,
	[UpdateUserId] integer,
	[Visible] boolean NOT NULL DEFAULT '1',
	[OrderNo] integer);

CREATE TABLE [recommendation](
	[ContentId] integer NOT NULL,
	[NameFrom] varchar(100) NOT NULL COLLATE NOCASE,
	[EmailFrom] varchar(100) NOT NULL COLLATE NOCASE,
	[NameTo] varchar(100) NOT NULL COLLATE NOCASE,
	[EmailTo] varchar(100) NOT NULL COLLATE NOCASE,
	[Id] integer NOT NULL PRIMARY KEY AUTOINCREMENT,
	[InsertDate] datetime NOT NULL DEFAULT '1990-01-01 00:00:00',
	[InsertUserId] integer,
	[UpdateDate] datetime,
	[UpdateUserId] integer,
	[Visible] boolean NOT NULL DEFAULT '1',
	[OrderNo] integer);

CREATE TABLE [source](
	[UserId] integer,
	[Name] varchar(100) NOT NULL COLLATE NOCASE,
	[Description] text COLLATE NOCASE,
	[Picture] varchar(100) COLLATE NOCASE,
	[Picture2] varchar(100) COLLATE NOCASE,
	[Id] integer NOT NULL PRIMARY KEY AUTOINCREMENT,
	[InsertDate] datetime NOT NULL DEFAULT '1990-01-01 00:00:00',
	[InsertUserId] integer,
	[UpdateDate] datetime,
	[UpdateUserId] integer,
	[Visible] boolean NOT NULL DEFAULT '1',
	[OrderNo] integer);

insert into [source] ([UserId], [Name], [Description], [Picture], [Picture2], [Id], [InsertDate], [InsertUserId], [UpdateDate], [UpdateUserId], [Visible], [OrderNo]) values (null, 'Editorial', null, null, null, '1', '1990-01-01 00:00', null, null, null, '1', null);
CREATE TABLE [tag](
	[DisplayName] varchar(100) COLLATE NOCASE,
	[Headline] boolean DEFAULT '0',
	[ContentCount] integer,
	[Noise] boolean DEFAULT '0',
	[Name] varchar(100) NOT NULL COLLATE NOCASE,
	[Description] text COLLATE NOCASE,
	[Picture] varchar(100) COLLATE NOCASE,
	[Picture2] varchar(100) COLLATE NOCASE,
	[Id] integer NOT NULL PRIMARY KEY AUTOINCREMENT,
	[InsertDate] datetime NOT NULL DEFAULT '1990-01-01 00:00:00',
	[InsertUserId] integer,
	[UpdateDate] datetime,
	[UpdateUserId] integer,
	[Visible] boolean NOT NULL DEFAULT '1',
	[OrderNo] integer);

insert into [tag] ([DisplayName], [Headline], [ContentCount], [Noise], [Name], [Description], [Picture], [Picture2], [Id], [InsertDate], [InsertUserId], [UpdateDate], [UpdateUserId], [Visible], [OrderNo]) values (null, '0', '3', '0', 'röportaj', null, null, null, '1', '2011-10-28 20:22', '1', '2011-11-21 17:23', '1', '1', '0');
insert into [tag] ([DisplayName], [Headline], [ContentCount], [Noise], [Name], [Description], [Picture], [Picture2], [Id], [InsertDate], [InsertUserId], [UpdateDate], [UpdateUserId], [Visible], [OrderNo]) values (null, '0', '1', '0', 'fotoğraf çekimi', null, null, null, '2', '2011-10-30 16:35', '1', '2011-10-30 16:35', '1', '1', '0');
insert into [tag] ([DisplayName], [Headline], [ContentCount], [Noise], [Name], [Description], [Picture], [Picture2], [Id], [InsertDate], [InsertUserId], [UpdateDate], [UpdateUserId], [Visible], [OrderNo]) values (null, '0', '1', '0', 'ordan burdan', null, null, null, '3', '2011-10-30 16:36', '1', '2011-10-30 16:36', '1', '1', '0');
insert into [tag] ([DisplayName], [Headline], [ContentCount], [Noise], [Name], [Description], [Picture], [Picture2], [Id], [InsertDate], [InsertUserId], [UpdateDate], [UpdateUserId], [Visible], [OrderNo]) values (null, '0', '1', '0', 'selection', null, null, null, '5', '2011-11-02 17:15', '1', '2011-11-02 17:15', '1', '1', '0');
insert into [tag] ([DisplayName], [Headline], [ContentCount], [Noise], [Name], [Description], [Picture], [Picture2], [Id], [InsertDate], [InsertUserId], [UpdateDate], [UpdateUserId], [Visible], [OrderNo]) values (null, '0', '1', '0', 'fameous', null, null, null, '6', '2011-11-02 17:21', '1', '2011-11-02 17:21', '1', '1', '0');
insert into [tag] ([DisplayName], [Headline], [ContentCount], [Noise], [Name], [Description], [Picture], [Picture2], [Id], [InsertDate], [InsertUserId], [UpdateDate], [UpdateUserId], [Visible], [OrderNo]) values (null, '0', '1', '0', 'doğu', null, null, null, '7', '2011-11-02 18:37', '1', '2011-11-02 18:37', '1', '1', '0');
insert into [tag] ([DisplayName], [Headline], [ContentCount], [Noise], [Name], [Description], [Picture], [Picture2], [Id], [InsertDate], [InsertUserId], [UpdateDate], [UpdateUserId], [Visible], [OrderNo]) values (null, '0', '1', '0', 'batı', null, null, null, '8', '2011-11-02 18:38', '1', '2011-11-02 18:38', '1', '1', '0');
insert into [tag] ([DisplayName], [Headline], [ContentCount], [Noise], [Name], [Description], [Picture], [Picture2], [Id], [InsertDate], [InsertUserId], [UpdateDate], [UpdateUserId], [Visible], [OrderNo]) values ('', '0', '2', '0', 'Blank Blue', '', '/UserFiles/Images/moda/blank_blue.png', '', '9', '2011-11-29 00:41', '1', '2011-12-01 15:34', '1', '1', '99');
insert into [tag] ([DisplayName], [Headline], [ContentCount], [Noise], [Name], [Description], [Picture], [Picture2], [Id], [InsertDate], [InsertUserId], [UpdateDate], [UpdateUserId], [Visible], [OrderNo]) values ('', '0', '2', '0', 'blank red', '', '/UserFiles/Images/moda/blank_red.png', '', '10', '2011-12-01 15:25', '1', '2011-12-01 15:34', '1', '1', '0');
CREATE TABLE [taglang](
	[TagId] integer NOT NULL,
	[LangId] integer NOT NULL,
	[Name] varchar(200) NOT NULL COLLATE NOCASE,
	[Description] varchar(300) COLLATE NOCASE,
	[Picture] varchar(100) COLLATE NOCASE,
	[Picture2] varchar(100) COLLATE NOCASE,
	[Id] integer NOT NULL PRIMARY KEY AUTOINCREMENT,
	[InsertDate] datetime NOT NULL DEFAULT '1990-01-01 00:00:00',
	[InsertUserId] integer,
	[UpdateDate] datetime,
	[UpdateUserId] integer,
	[Visible] boolean NOT NULL DEFAULT '1',
	[OrderNo] integer);

CREATE TABLE [template](
	[FileName] varchar(50) COLLATE NOCASE,
	[HTMLCode] text COLLATE NOCASE,
	[Id] integer NOT NULL PRIMARY KEY AUTOINCREMENT,
	[InsertDate] datetime NOT NULL DEFAULT '1990-01-01 00:00:00',
	[InsertUserId] integer,
	[UpdateDate] datetime,
	[UpdateUserId] integer,
	[Visible] boolean NOT NULL DEFAULT '1',
	[OrderNo] integer);

insert into [template] ([FileName], [HTMLCode], [Id], [InsertDate], [InsertUserId], [UpdateDate], [UpdateUserId], [Visible], [OrderNo]) values ('Author.aspx', '<html>\n<head>\n$=this.HeadSection$\n<style>\n#ContentLeft {text-align:left; float:left; width:240px; margin-right:10px;}\n</style>\n</head>\n<body>\n    <div id="page">\n        <div id="Header" class="Region Header">$=this.Header$</div>\n\n		<div id="ContentLeft" class="Region ContentLeft">$=this.ContentLeft$</div>\n		<div id="Content" class="Region Content" style="width:734px;float:right">$=this.Content$</div>\n		<div style="clear:both"></div>\n\n        <div id="Footer" class="Region Footer">$=this.Footer$</div>\n    </div>\n\n</body>\n</html>', '1', '1990-01-01 00:00', '0', '2011-11-08 21:34', '1', '1', '0');
insert into [template] ([FileName], [HTMLCode], [Id], [InsertDate], [InsertUserId], [UpdateDate], [UpdateUserId], [Visible], [OrderNo]) values ('Default.aspx', '<html>\n<head>\n$=this.HeadSection$\n<script>\ndocument.observe(''dom:loaded'', function(){\n	\$\$(''.vitrin .clPubDate'').each(function(elm){\n		elm.previous().innerHTML = ''<div>''+elm.previous().innerHTML+''</div>'';\n		elm.previous().down().insert(elm.remove());\n	});\n});\n</script>\n<style>\n#ContentLeft {text-align:left; float:left; width:240px; margin-right:10px;}\n#orta {text-align:left; float:left; width:490px; min-height:500px;}\n#OrtaLeft {text-align:left; float:left; width:240px;}\n#OrtaRight {text-align:left; float:right; width:240px;}\n#Content2 {text-align:left; float:left; width:250px;}\n#ContentRight {text-align:left; float:right; width:240px;}\n</style>\n</head>\n<body>\n    <div id="page">\n        <div id="Header" class="Region Header">$=this.Header$</div>\n\n		<div id="ContentLeft" class="Region ContentLeft">$=this.ContentLeft$</div>\n		<div id="orta">\n		<div id="Content" class="Region Content">$=this.Content$</div>\n		<div id="OrtaLeft" class="Region OrtaLeft">$=this.OrtaLeft$</div>\n		<div id="OrtaRight" class="Region OrtaRight">$=this.OrtaRight$</div>\n		</div>\n		<div id="ContentRight" class="Region ContentRight">$=this.ContentRight$</div>\n		<div style="clear:both"></div>\n\n        <div id="Footer" class="Region Footer">$=this.Footer$</div>\n    </div>\n</body>\n</html>', '2', '2011-10-28 00:19', '1', '2011-11-08 21:33', '1', '1', '0');
insert into [template] ([FileName], [HTMLCode], [Id], [InsertDate], [InsertUserId], [UpdateDate], [UpdateUserId], [Visible], [OrderNo]) values ('AuthorList.aspx', '<html>\n<head>\n$=this.HeadSection$\n<style>\n#ContentLeft {text-align:left; float:left; width:240px; margin-right:10px;}\n</style>\n</head>\n<body>\n    <div id="page">\n        <div id="Header" class="Region Header">$=this.Header$</div>\n\n		<div id="ContentLeft" class="Region ContentLeft">$=this.ContentLeft$</div>\n		<div id="Content" class="Region Content" style="width:734px;float:right">$=this.Content$</div>\n		<div style="clear:both"></div>\n\n        <div id="Footer" class="Region Footer">$=this.Footer$</div>\n    </div>\n</body>\n</html>', '3', '2011-10-30 15:57', '1', '2011-11-09 04:01', '1', '1', '0');
insert into [template] ([FileName], [HTMLCode], [Id], [InsertDate], [InsertUserId], [UpdateDate], [UpdateUserId], [Visible], [OrderNo]) values ('Other.aspx', '<html>\n<head>\n$=this.HeadSection$\n</head>\n<body>\n    <div id="page">\n        <div id="Header" class="Region Header">$=this.Header$</div>\n\n		<div id="Content" class="Region Content" style="width:100%">$=this.Content$</div>\n		<div style="clear:both"></div>\n\n        <div id="Footer" class="Region Footer">$=this.Footer$</div>\n    </div>\n</body>\n</html>', '4', '2011-10-30 17:54', '1', '2011-10-30 17:56', '1', '1', '0');
insert into [template] ([FileName], [HTMLCode], [Id], [InsertDate], [InsertUserId], [UpdateDate], [UpdateUserId], [Visible], [OrderNo]) values ('Search.aspx', '<html>\n<head>\n$=this.HeadSection$\n</head>\n<body>\n    <div id="page">\n        <div id="Header" class="Region Header">$=this.Header$</div>\n\n		<div id="Content" class="Region Content" style="width:100%">$=this.Content$</div>\n		<div style="clear:both"></div>\n\n        <div id="Footer" class="Region Footer">$=this.Footer$</div>\n    </div>\n</body>\n</html>', '5', '2011-11-01 15:23', '1', '2011-11-01 15:23', '1', '1', '0');
insert into [template] ([FileName], [HTMLCode], [Id], [InsertDate], [InsertUserId], [UpdateDate], [UpdateUserId], [Visible], [OrderNo]) values ('City.aspx', '<html>\n<head>\n$=this.HeadSection$\n<script>\ndocument.observe(''dom:loaded'', function(){\n	\$\$(''.vitrin .clPubDate'').each(function(elm){\n		elm.previous().innerHTML = ''<div>''+elm.previous().innerHTML+''</div>'';\n		elm.previous().down().insert(elm.remove());\n	});\n});\n</script>\n</head>\n<body>\n    <div id="page">\n        <div id="Header" class="Region Header">$=this.Header$</div>\n\n		<div id="ContentLeft" class="Region ContentLeft" style="width:237px;margin-left:10px;float:left;min-height:600px;">$=this.ContentLeft$</div>\n		<div id="Content" class="Region Content" style="width:237px;margin-left:10px;float:left">$=this.Content$</div>\n		<div id="Content2" class="Region Content2" style="width:237px;margin-left:10px;float:left">$=this.Content2$</div>\n		<div id="ContentRight" class="Region ContentRight" style="width:237px;margin-left:10px;float:right">$=this.ContentRight$</div>\n		<div style="clear:both"></div>\n\n        <div id="Footer" class="Region Footer">$=this.Footer$</div>\n    </div>\n</body>\n</html>', '7', '2011-11-02 15:11', '1', '2011-11-22 21:21', '1', '1', '0');
insert into [template] ([FileName], [HTMLCode], [Id], [InsertDate], [InsertUserId], [UpdateDate], [UpdateUserId], [Visible], [OrderNo]) values ('Category.aspx', '<html>\n<head>\n$=this.HeadSection$\n<style>\n#ContentLeft {text-align:left; float:left; width:240px; margin-right:10px;}\n</style>\n</head>\n<body>\n    <div id="page">\n        <div id="Header" class="Region Header">$=this.Header$</div>\n\n		<div id="ContentLeft" class="Region ContentLeft">$=this.ContentLeft$</div>\n		<div id="Content" class="Region Content" style="width:734px;float:right">$=this.Content$</div>\n		<div style="clear:both"></div>\n\n        <div id="Footer" class="Region Footer">$=this.Footer$</div>\n    </div>\n</body>\n</html>', '8', '2011-11-02 17:12', '1', '2011-12-01 16:51', '1', '1', '0');
insert into [template] ([FileName], [HTMLCode], [Id], [InsertDate], [InsertUserId], [UpdateDate], [UpdateUserId], [Visible], [OrderNo]) values ('Content.aspx', '<html>\n<head>\n$=this.HeadSection$\n<style>\n#ContentLeft {text-align:left; float:left; width:240px; margin-right:10px;}\n</style>\n</head>\n<body>\n    <div id="page">\n        <div id="Header" class="Region Header">$=this.Header$</div>\n\n		<div id="ContentLeft" class="Region ContentLeft">$=this.ContentLeft$</div>\n		<div id="Content" class="Region Content" style="width:734px;float:right">$=this.Content$</div>\n		<div style="clear:both"></div>\n\n        <div id="Footer" class="Region Footer">$=this.Footer$</div>\n    </div>\n</body>\n</html>', '9', '2011-11-02 17:13', '1', '2011-11-08 21:34', '1', '1', '0');
insert into [template] ([FileName], [HTMLCode], [Id], [InsertDate], [InsertUserId], [UpdateDate], [UpdateUserId], [Visible], [OrderNo]) values ('AboutMe.aspx', '<html>\n<head>\n$=this.HeadSection$\n<style>\n#ContentLeft {text-align:left; float:left; width:240px; margin-right:10px;}\n</style>\n</head>\n<body>\n    <div id="page">\n        <div id="Header" class="Region Header">$=this.Header$</div>\n\n		<div id="ContentLeft" class="Region ContentLeft">$=this.ContentLeft$</div>\n		<div id="Content" class="Region Content" style="width:734px;float:right">$=this.Content$</div>\n		<div style="clear:both"></div>\n\n        <div id="Footer" class="Region Footer">$=this.Footer$</div>\n    </div>\n\n</body>\n</html>', '10', '2011-11-09 04:02', '1', '2011-11-09 04:02', '1', '1', '0');
insert into [template] ([FileName], [HTMLCode], [Id], [InsertDate], [InsertUserId], [UpdateDate], [UpdateUserId], [Visible], [OrderNo]) values ('Login.aspx', '<html>\n<head>\n$=this.HeadSection$\n</head>\n<body>\n    <div id="page">\n        <div id="Header" class="Region Header">$=this.Header$</div>\n\n		<div id="Content" class="Region Content" style="width:100%">$=this.Content$</div>\n		<div style="clear:both"></div>\n\n        <div id="Footer" class="Region Footer">$=this.Footer$</div>\n    </div>\n</body>\n</html>', '11', '2011-11-09 04:39', '1', '2011-11-09 04:39', '1', '1', '0');
insert into [template] ([FileName], [HTMLCode], [Id], [InsertDate], [InsertUserId], [UpdateDate], [UpdateUserId], [Visible], [OrderNo]) values ('Moda.aspx', '<html>\n<head>\n$=this.HeadSection$\n</head>\n<body>\n    <div id="page">\n        <div id="Header" class="Region Header">$=this.Header$</div>\n\n		<div id="Content" class="Region Content" style="width:100%">$=this.Content$</div>\n		<div style="clear:both"></div>\n\n        <div id="Footer" class="Region Footer">$=this.Footer$</div>\n    </div>\n</body>\n</html>', '12', '2011-11-09 05:14', '1', '2011-11-09 05:14', '1', '1', '0');
insert into [template] ([FileName], [HTMLCode], [Id], [InsertDate], [InsertUserId], [UpdateDate], [UpdateUserId], [Visible], [OrderNo]) values ('LoveHate.aspx', '<!DOCTYPE html>\n<html>\n<head>\n$=this.HeadSection$\n</head>\n<body>\n    <div id="page">\n        <div id="Header" class="Region Header">$=this.Header$</div>\n\n		<div id="Content" class="Region Content" style="width:100%">$=this.Content$</div>\n		<div style="clear:both"></div>\n\n        <div id="Footer" class="Region Footer">$=this.Footer$</div>\n    </div>\n</body>\n</html>', '13', '2011-11-11 17:42', '1', '2011-11-19 20:46', '1', '1', '0');
insert into [template] ([FileName], [HTMLCode], [Id], [InsertDate], [InsertUserId], [UpdateDate], [UpdateUserId], [Visible], [OrderNo]) values ('People.aspx', '<html>\n<head>\n$=this.HeadSection$\n<style>\n#ContentLeft {text-align:left; float:left; width:240px; margin-right:10px;}\n.kalin {\n	margin-top:10px;\n	background:#E1E3E2;\n	padding: 35px 35px 35px 35px;\n}\n#mostLikedIcon {display:none}\n</style>\n</head>\n<body>\n    <div id="page">\n        <div id="Header" class="Region Header">$=this.Header$</div>\n\n		<div id="Content" class="Region Content" style="width:990px">\n			<div class="kalin shadow">\n			$=this.Content$\n			</div>\n		</div>\n		<div style="clear:both"></div>\n\n        <div id="Footer" class="Region Footer">$=this.Footer$</div>\n    </div>\n</body>\n</html>', '14', '2011-11-12 11:47', '1', '2011-12-01 17:39', '1', '1', '0');
insert into [template] ([FileName], [HTMLCode], [Id], [InsertDate], [InsertUserId], [UpdateDate], [UpdateUserId], [Visible], [OrderNo]) values ('Admin.aspx', '<html>\n<head>\n$=this.HeadSection$\n<script>\ndocument.observe(''dom:loaded'', function(){\n	\$\$(''.adminDataList .innerDiv'').each(function(elm){\n		elm.hide();\n		elm.previous().setStyle({background:''#606060''});\n		elm.previous().down(''.add'').hide();\n	});\n	var lastOpenedInnerDiv = getCookie(''lastOpenedInnerDiv'');\n	if(!lastOpenedInnerDiv) lastOpenedInnerDiv = 0;\n	toggleDataList(\$\$(''.adminDataList .innerDiv'')[lastOpenedInnerDiv]);\n});\nfunction toggleDataList(elm){\n	if(!elm.hasClassName(''innerDiv''))\n		elm = elm.up(''.adminDataList'').down(''.innerDiv'');\n	\$\$(''.adminDataList .innerDiv'').without(elm).each(function(d){\n		d.hide();\n		d.previous().setStyle({background:''#606060''});\n		d.previous().down(''.add'').hide();\n	});\n	if(elm.visible()){\n		elm.hide();\n		elm.previous().setStyle({background:''#606060''});\n		elm.previous().down(''.add'').hide();\n	} else {\n		elm.show();\n		elm.previous().setStyle({background:''#FFA826''});\n		elm.previous().down(''.add'').show();\n		setCookie(''lastOpenedInnerDiv'', \$\$(''.adminDataList .innerDiv'').indexOf(elm));\n	}\n}\n</script>\n</head>\n<body>\n    <div id="page">\n        <div id="Header" class="Region Header">$=this.Header$</div>\n\n		<div id="Content" class="Region Content" style="width:100%">$=this.Content$</div>\n		<div style="clear:both"></div>\n\n        <div id="Footer" class="Region Footer">$=this.Footer$</div>\n    </div>\n</body>\n</html>', '15', '2011-11-12 20:58', '1', '2011-11-14 15:08', '1', '1', '0');
CREATE TABLE [user](
	[Email] varchar(100) NOT NULL COLLATE NOCASE,
	[Password] varchar(16) NOT NULL COLLATE NOCASE,
	[Keyword] varchar(16) COLLATE NOCASE,
	[Nick] varchar(100) NOT NULL COLLATE NOCASE,
	[Roles] varchar(100) NOT NULL COLLATE NOCASE,
	[Name] varchar(50) COLLATE NOCASE,
	[Surname] varchar(50) COLLATE NOCASE,
	[Gender] varchar(50) COLLATE NOCASE,
	[Occupation] varchar(50) COLLATE NOCASE,
	[Company] varchar(100) COLLATE NOCASE,
	[Department] varchar(50) COLLATE NOCASE,
	[PhoneCell] varchar(50) COLLATE NOCASE,
	[PhoneWork] varchar(50) COLLATE NOCASE,
	[PhoneHome] varchar(50) COLLATE NOCASE,
	[AddressLine1] varchar(200) COLLATE NOCASE,
	[AddressLine2] varchar(200) COLLATE NOCASE,
	[City] varchar(50) COLLATE NOCASE,
	[Country] varchar(50) COLLATE NOCASE,
	[ZipCode] varchar(5) COLLATE NOCASE,
	[Web] varchar(150) COLLATE NOCASE,
	[Education] varchar(50) COLLATE NOCASE,
	[Certificates] varchar(200) COLLATE NOCASE,
	[About] varchar(200) COLLATE NOCASE,
	[Avatar] varchar(100) COLLATE NOCASE,
	[RedirectCount] integer,
	[Id] integer NOT NULL PRIMARY KEY AUTOINCREMENT,
	[InsertDate] datetime NOT NULL DEFAULT '1990-01-01 00:00:00',
	[InsertUserId] integer,
	[UpdateDate] datetime,
	[UpdateUserId] integer,
	[Visible] boolean NOT NULL DEFAULT '1',
	[OrderNo] integer);

insert into [user] ([Email], [Password], [Keyword], [Nick], [Roles], [Name], [Surname], [Gender], [Occupation], [Company], [Department], [PhoneCell], [PhoneWork], [PhoneHome], [AddressLine1], [AddressLine2], [City], [Country], [ZipCode], [Web], [Education], [Certificates], [About], [Avatar], [RedirectCount], [Id], [InsertDate], [InsertUserId], [UpdateDate], [UpdateUserId], [Visible], [OrderNo]) values ('root@local', '63A9F0EA7BB98050', 'jhrd74ghe63', 'Admin', 'User,Editor,Designer', null, null, null, null, null, null, null, null, null, null, null, null, null, null, null, null, null, null, null, null, '1', '1990-01-01 00:00', null, null, null, '1', null);
insert into [user] ([Email], [Password], [Keyword], [Nick], [Roles], [Name], [Surname], [Gender], [Occupation], [Company], [Department], [PhoneCell], [PhoneWork], [PhoneHome], [AddressLine1], [AddressLine2], [City], [Country], [ZipCode], [Web], [Education], [Certificates], [About], [Avatar], [RedirectCount], [Id], [InsertDate], [InsertUserId], [UpdateDate], [UpdateUserId], [Visible], [OrderNo]) values ('editor', '63A9F0EA7BB98050', 'ge548rhe46e', 'Editör', 'User,Editor', null, null, null, null, null, null, null, null, null, null, null, null, null, null, null, null, null, null, null, null, '2', '1990-01-01 00:00', null, null, null, '1', null);
insert into [user] ([Email], [Password], [Keyword], [Nick], [Roles], [Name], [Surname], [Gender], [Occupation], [Company], [Department], [PhoneCell], [PhoneWork], [PhoneHome], [AddressLine1], [AddressLine2], [City], [Country], [ZipCode], [Web], [Education], [Certificates], [About], [Avatar], [RedirectCount], [Id], [InsertDate], [InsertUserId], [UpdateDate], [UpdateUserId], [Visible], [OrderNo]) values ('anonim', '', '63beyte674hge', 'Anonim', '', null, null, null, null, null, null, null, null, null, null, null, null, null, null, null, null, null, null, null, null, '3', '1990-01-01 00:00', null, null, null, '1', null);
insert into [user] ([Email], [Password], [Keyword], [Nick], [Roles], [Name], [Surname], [Gender], [Occupation], [Company], [Department], [PhoneCell], [PhoneWork], [PhoneHome], [AddressLine1], [AddressLine2], [City], [Country], [ZipCode], [Web], [Education], [Certificates], [About], [Avatar], [RedirectCount], [Id], [InsertDate], [InsertUserId], [UpdateDate], [UpdateUserId], [Visible], [OrderNo]) values ('tanla@blank-magazine.com', '', 'EA43183197BD2AE5', 'tanla', 'User', 'Tanla', '', '', '', '', '', '', '', '', '', '', '', '', '', '', '', '', '', '', '0', '4', '2011-10-26 20:10', '1', '2011-10-26 22:51', '1', '1', '0');
insert into [user] ([Email], [Password], [Keyword], [Nick], [Roles], [Name], [Surname], [Gender], [Occupation], [Company], [Department], [PhoneCell], [PhoneWork], [PhoneHome], [AddressLine1], [AddressLine2], [City], [Country], [ZipCode], [Web], [Education], [Certificates], [About], [Avatar], [RedirectCount], [Id], [InsertDate], [InsertUserId], [UpdateDate], [UpdateUserId], [Visible], [OrderNo]) values ('bahar@blank-magazine.com', '', '1224702C19A12CD7', 'bahar', 'User', 'Bahar', '', '', '', '', '', '', '', '', '', '', '', '', '', '', '', '', '', '', '0', '7', '2011-10-26 21:27', '1', '2011-10-26 22:51', '1', '1', '0');
insert into [user] ([Email], [Password], [Keyword], [Nick], [Roles], [Name], [Surname], [Gender], [Occupation], [Company], [Department], [PhoneCell], [PhoneWork], [PhoneHome], [AddressLine1], [AddressLine2], [City], [Country], [ZipCode], [Web], [Education], [Certificates], [About], [Avatar], [RedirectCount], [Id], [InsertDate], [InsertUserId], [UpdateDate], [UpdateUserId], [Visible], [OrderNo]) values ('deniz@blank-magazine.com', '', '2C27E24C0E9FC51C', 'deniz', 'User', 'Deniz', '', '', '', '', '', '', '', '', '', '', '', '', '', '', '', '', '', '', '0', '8', '2011-10-26 22:49', '1', '2011-10-26 22:51', '1', '1', '0');
CREATE TABLE [usercomment](
	[ContentId] integer NOT NULL,
	[Nick] varchar(100) NOT NULL COLLATE NOCASE,
	[Web] varchar(100) COLLATE NOCASE,
	[Email] varchar(100) COLLATE NOCASE,
	[IP] varchar(50) NOT NULL COLLATE NOCASE,
	[Title] varchar(200) NOT NULL COLLATE NOCASE,
	[CommentText] text NOT NULL COLLATE NOCASE,
	[ParentId] integer DEFAULT 0,
	[ResponseCount] integer NOT NULL DEFAULT 0,
	[Id] integer NOT NULL PRIMARY KEY AUTOINCREMENT,
	[InsertDate] datetime NOT NULL DEFAULT '1990-01-01 00:00:00',
	[InsertUserId] integer,
	[UpdateDate] datetime,
	[UpdateUserId] integer,
	[Visible] boolean NOT NULL DEFAULT '1',
	[OrderNo] integer);

