SET SQL_MODE="NO_AUTO_VALUE_ON_ZERO";

/*!40101 SET @OLD_CHARACTER_SET_CLIENT=@@CHARACTER_SET_CLIENT */;
/*!40101 SET @OLD_CHARACTER_SET_RESULTS=@@CHARACTER_SET_RESULTS */;
/*!40101 SET @OLD_COLLATION_CONNECTION=@@COLLATION_CONNECTION */;
/*!40101 SET NAMES utf8 */;


DROP TABLE IF EXISTS `author`;
CREATE TABLE IF NOT EXISTS `author` (
  `DisableAutoContent` tinyint(1) NOT NULL DEFAULT '0',
  `UserId` int(11) DEFAULT NULL,
  `Name` varchar(100) COLLATE utf8_turkish_ci NOT NULL,
  `Description` text COLLATE utf8_turkish_ci,
  `Picture` varchar(100) COLLATE utf8_turkish_ci DEFAULT NULL,
  `Id` int(11) NOT NULL AUTO_INCREMENT,
  `InsertDate` datetime NOT NULL DEFAULT '1990-01-01 00:00:00',
  `InsertUserId` int(11) DEFAULT NULL,
  `UpdateDate` datetime DEFAULT NULL,
  `UpdateUserId` int(11) DEFAULT NULL,
  `Visible` tinyint(1) NOT NULL DEFAULT '1',
  `OrderNo` int(11) DEFAULT NULL,
  PRIMARY KEY (`Id`)
) ENGINE=InnoDB  DEFAULT CHARSET=utf8 COLLATE=utf8_turkish_ci AUTO_INCREMENT=5 ;

INSERT INTO `author` (`DisableAutoContent`, `UserId`, `Name`, `Description`, `Picture`, `Id`, `InsertDate`, `InsertUserId`, `UpdateDate`, `UpdateUserId`, `Visible`, `OrderNo`) VALUES
(0, NULL, 'Editorial', NULL, NULL, 1, '1990-01-01 00:00:00', NULL, NULL, NULL, 1, NULL),
(1, 4, 'Tanla', '', '/UserFiles/Images/_author/tanla.jpg', 2, '2011-10-26 20:18:54', 1, '2011-10-26 20:28:57', 1, 1, 0),
(1, 7, 'Bahar', '', '/UserFiles/Images/_author/bahar.jpg', 3, '2011-10-26 21:30:11', 1, '2011-10-26 21:30:11', 1, 1, 0),
(1, 8, 'Deniz', '', '/UserFiles/Images/_author/deniz.jpg', 4, '2011-10-26 22:52:10', 1, '2011-10-26 23:03:21', 1, 1, 0);

DROP TABLE IF EXISTS `configuration`;
CREATE TABLE IF NOT EXISTS `configuration` (
  `SiteName` varchar(100) COLLATE utf8_turkish_ci DEFAULT NULL,
  `SiteAddress` varchar(100) COLLATE utf8_turkish_ci DEFAULT NULL,
  `SiteDescription` text COLLATE utf8_turkish_ci,
  `SiteKeywords` text COLLATE utf8_turkish_ci,
  `SiteLogo` varchar(100) COLLATE utf8_turkish_ci DEFAULT NULL,
  `SiteIcon` varchar(100) COLLATE utf8_turkish_ci DEFAULT NULL,
  `SessionTimeout` int(11) DEFAULT NULL,
  `BufferOutput` tinyint(1) DEFAULT NULL,
  `MultiLang` tinyint(1) DEFAULT NULL,
  `DefaultLang` int(11) NOT NULL,
  `DefaultStyleSheet` text COLLATE utf8_turkish_ci,
  `CountTags` tinyint(1) DEFAULT NULL,
  `UseHTMLEditor` tinyint(1) DEFAULT NULL,
  `DefaultDateFormat` varchar(100) COLLATE utf8_turkish_ci DEFAULT NULL,
  `NoPicture` varchar(100) COLLATE utf8_turkish_ci DEFAULT NULL,
  `ThumbQuality` int(11) DEFAULT NULL,
  `ImageUploadMaxWidth` int(11) DEFAULT NULL,
  `AuthEmail` varchar(100) COLLATE utf8_turkish_ci DEFAULT NULL,
  `MailHost` varchar(100) COLLATE utf8_turkish_ci DEFAULT NULL,
  `MailUsername` varchar(100) COLLATE utf8_turkish_ci DEFAULT NULL,
  `MailPassword` varchar(100) COLLATE utf8_turkish_ci DEFAULT NULL,
  `UseCache` varchar(30) COLLATE utf8_turkish_ci NOT NULL DEFAULT 'False',
  `CacheLifeTime` int(11) DEFAULT NULL,
  `MainPage` varchar(100) COLLATE utf8_turkish_ci DEFAULT NULL,
  `CategoryPage` varchar(100) COLLATE utf8_turkish_ci DEFAULT NULL,
  `ContentPage` varchar(100) COLLATE utf8_turkish_ci DEFAULT NULL,
  `LoginPage` varchar(100) COLLATE utf8_turkish_ci DEFAULT NULL,
  `MembershipFormPage` varchar(100) COLLATE utf8_turkish_ci DEFAULT NULL,
  `MembershipProfilePage` varchar(100) COLLATE utf8_turkish_ci DEFAULT NULL,
  `RememberPasswordFormPage` varchar(100) COLLATE utf8_turkish_ci DEFAULT NULL,
  `UserActivationPage` varchar(100) COLLATE utf8_turkish_ci DEFAULT NULL,
  `AdminPage` varchar(100) COLLATE utf8_turkish_ci DEFAULT NULL,
  `Id` int(11) NOT NULL AUTO_INCREMENT,
  `InsertDate` datetime NOT NULL DEFAULT '1990-01-01 00:00:00',
  `InsertUserId` int(11) DEFAULT NULL,
  `UpdateDate` datetime DEFAULT NULL,
  `UpdateUserId` int(11) DEFAULT NULL,
  `Visible` int(11) NOT NULL DEFAULT '1',
  `OrderNo` int(11) DEFAULT NULL,
  PRIMARY KEY (`Id`)
) ENGINE=InnoDB  DEFAULT CHARSET=utf8 COLLATE=utf8_turkish_ci AUTO_INCREMENT=2 ;

INSERT INTO `configuration` (`SiteName`, `SiteAddress`, `SiteDescription`, `SiteKeywords`, `SiteLogo`, `SiteIcon`, `SessionTimeout`, `BufferOutput`, `MultiLang`, `DefaultLang`, `DefaultStyleSheet`, `CountTags`, `UseHTMLEditor`, `DefaultDateFormat`, `NoPicture`, `ThumbQuality`, `ImageUploadMaxWidth`, `AuthEmail`, `MailHost`, `MailUsername`, `MailPassword`, `UseCache`, `CacheLifeTime`, `MainPage`, `CategoryPage`, `ContentPage`, `LoginPage`, `MembershipFormPage`, `MembershipProfilePage`, `RememberPasswordFormPage`, `UserActivationPage`, `AdminPage`, `Id`, `InsertDate`, `InsertUserId`, `UpdateDate`, `UpdateUserId`, `Visible`, `OrderNo`) VALUES
('isimsiz.com', 'www.isimsiz.com', 'Sitenin tanımı, bu site ne hakkındadır?', 'sitenizle,ilgili,anahtar,kelimleri,böyle,yazınız', '', '', 120, 1, 0, 1, 'body {\n	font-family:Times New Roman;\n	font-size:14px;\n	text-align:center;\n	color: #404040;\n}\ntd {\n	font-size:14px;\n}\na {\n	color: #404040;\n	text-decoration:none\n}\na:hover {\n	color: #d58706;\n}\n\nDIV {\n	-moz-box-sizing:border-box;\n	box-sizing:border-box;\n	margin:0;\n	padding:0;\n}\n\n#page {\n	width: 984px; \n	height: 100%; \n	margin-top:10px; \n	margin-right:auto;\n	margin-left:auto;\n	background: white;\n	position:relative;\n}\n#Header {text-align:center}\n#ContentLeft {text-align:left; float:left; width:250px}\n#Content {text-align:left; float:left; width:484px; min-height:500px;}\n#Content2 {text-align:left; float:left; width:250px;}\n#ContentRight {text-align:left; float:right; width:250px;}\n#Footer {text-align:left; clear:both;}\n\n\n\n.vitrin div.clItem {\n	background: #ECE8DC;\n	padding: 13px;\n	margin-top: 10px;\n}\n.vitrin div.clAuthor, .vitrin div.clCategory, .vitrin div.clTitle {\n	height: 25px;\n	padding-top: 5px;\n	background: url(/UserFiles/Images/design/iam_bg.png);\n	padding-left: 40px;\n	width:160px;\n	font-family: Buxton Sketch, script, Arial;\n	font-size: 18px;\n}\n.vitrin div.clDesc {width:210px;}\n.sagda {float:right}\n.solda {float:left}\n\n.rotate-10{ \n    -moz-transform: rotate(-10deg);  /* FF3.5+ */\n    -o-transform: rotate(-10deg);  /* Opera 10.5 */\n    -webkit-transform: rotate(-10deg);  /* Saf3.1+, Chrome */\n	-ms-transform: rotate(-10deg);  /* IE9 */\n    transform: rotate(-10deg);\n 	filter: progid:DXImageTransform.Microsoft.Matrix(sizingMethod=''clip to original'', /* IE6-IE9 */\n	M11=0.984807753012208, M12=0.17364817766693033, M21=-0.17364817766693033, M22=0.984807753012208);\n 	zoom: 1;\n}', 1, 0, 'dd MMMM yyyy', '/UserFiles/Images/design/blank.png', 90, 640, 'info@isimsiz.com', 'mail.isimsiz.com', '', '', 'False', 15, 'Main.aspx', 'Category.aspx', 'Content.aspx', 'Login.aspx', 'Membership.aspx', 'Profile.aspx', 'RememberPassword.aspx', 'Activation.aspx', 'Admin.aspx', 1, '2011-10-26 11:00:00', 3, '2011-11-02 15:35:29', 1, 1, 0);

DROP TABLE IF EXISTS `content`;
CREATE TABLE IF NOT EXISTS `content` (
  `ClassName` varchar(100) COLLATE utf8_turkish_ci NOT NULL DEFAULT 'Content',
  `Title` varchar(200) COLLATE utf8_turkish_ci NOT NULL,
  `Description` text COLLATE utf8_turkish_ci,
  `Keywords` text COLLATE utf8_turkish_ci,
  `Metin` text COLLATE utf8_turkish_ci,
  `Hierarchy` varchar(100) COLLATE utf8_turkish_ci NOT NULL,
  `AuthorId` int(11) DEFAULT NULL,
  `SourceId` int(11) DEFAULT NULL,
  `PublishDate` datetime NOT NULL DEFAULT '1990-01-01 00:00:00',
  `Picture` varchar(100) COLLATE utf8_turkish_ci DEFAULT NULL,
  `Tags` varchar(300) COLLATE utf8_turkish_ci DEFAULT NULL,
  `TagRanks` varchar(300) COLLATE utf8_turkish_ci DEFAULT NULL,
  `CategoryId` int(11) NOT NULL DEFAULT '1',
  `ShowInPage` varchar(100) COLLATE utf8_turkish_ci DEFAULT NULL,
  `ShowContentsInPage` varchar(100) COLLATE utf8_turkish_ci DEFAULT NULL,
  `ShowCategoriesInPage` varchar(100) COLLATE utf8_turkish_ci DEFAULT NULL,
  `IsManset` tinyint(1) NOT NULL DEFAULT '0',
  `SpotTitle` varchar(200) COLLATE utf8_turkish_ci DEFAULT NULL,
  `ContentSourceId` int(11) DEFAULT NULL,
  `SourceLink` varchar(200) COLLATE utf8_turkish_ci DEFAULT NULL,
  `ViewCount` int(11) NOT NULL DEFAULT '0',
  `CommentCount` int(11) NOT NULL DEFAULT '0',
  `RecommendCount` int(11) NOT NULL DEFAULT '0',
  `Id` int(11) NOT NULL AUTO_INCREMENT,
  `InsertDate` datetime NOT NULL DEFAULT '1990-01-01 00:00:00',
  `InsertUserId` int(11) DEFAULT NULL,
  `UpdateDate` datetime DEFAULT NULL,
  `UpdateUserId` int(11) DEFAULT NULL,
  `Visible` tinyint(1) NOT NULL DEFAULT '1',
  `OrderNo` int(11) DEFAULT NULL,
  PRIMARY KEY (`Id`)
) ENGINE=InnoDB  DEFAULT CHARSET=utf8 COLLATE=utf8_turkish_ci AUTO_INCREMENT=44 ;

INSERT INTO `content` (`ClassName`, `Title`, `Description`, `Keywords`, `Metin`, `Hierarchy`, `AuthorId`, `SourceId`, `PublishDate`, `Picture`, `Tags`, `TagRanks`, `CategoryId`, `ShowInPage`, `ShowContentsInPage`, `ShowCategoriesInPage`, `IsManset`, `SpotTitle`, `ContentSourceId`, `SourceLink`, `ViewCount`, `CommentCount`, `RecommendCount`, `Id`, `InsertDate`, `InsertUserId`, `UpdateDate`, `UpdateUserId`, `Visible`, `OrderNo`) VALUES
('Category', 'Kök', NULL, NULL, NULL, '', NULL, NULL, '1980-01-01 00:00:00', NULL, NULL, NULL, 0, NULL, NULL, NULL, 0, NULL, NULL, NULL, 0, 0, 0, 1, '2011-10-26 11:00:00', NULL, '2011-10-26 17:18:00', NULL, 1, NULL),
('Category', 'Foto', '', '', '', '00001', 1, 1, '2011-10-17 09:00:00', '', '', '', 1, '', '', '', 0, '', 0, '', 0, 0, 0, 2, '2011-10-26 17:18:00', 1, '2011-10-26 17:18:00', 1, 1, 0),
('Category', 'City', '', '', '', '00001', 1, 1, '2011-10-26 17:18:17', '', '', '', 1, 'City.aspx', 'City.aspx', 'City.aspx', 0, '', 0, '', 0, 0, 0, 3, '2011-10-26 17:18:00', 1, '2011-11-02 15:21:25', 1, 1, 0),
('Category', 'Hate', '', '', '', '00001', 1, 1, '2011-10-26 17:18:00', '', '', '', 1, '', '', '', 0, '', 0, '', 0, 0, 0, 4, '2011-10-26 17:18:00', 1, '2011-10-26 17:18:00', 1, 1, 0),
('Category', 'Love', '', '', '', '00001', 1, 1, '2011-10-26 17:18:00', '', '', '', 1, '', '', '', 0, '', 0, '', 0, 0, 0, 5, '2011-10-26 17:18:00', 1, '2011-10-26 17:18:00', 1, 1, 0),
('Category', 'Moda', '', '', '', '00001', 1, 1, '2011-10-26 17:18:00', '', '', '', 1, '', '', '', 0, '', 0, '', 0, 0, 0, 6, '2011-10-26 17:19:00', 1, '2011-10-26 17:19:00', 1, 1, 0),
('Category', 'People', '', '', '', '00001', 1, 1, '2011-10-26 17:19:00', '', '', '', 1, '', '', '', 0, '', 0, '', 0, 0, 0, 7, '2011-10-26 17:19:00', 1, '2011-10-26 17:19:00', 1, 1, 0),
('Category', 'Author', '', '', '', '00001', 1, 1, '2011-10-26 17:19:17', '', '', '', 1, '', 'Author.aspx', '', 0, '', 0, '', 0, 0, 0, 8, '2011-10-26 17:19:00', 1, '2011-10-28 16:29:33', 1, 1, 0),
('Category', 'Bird View', '', '', '', '00001', 1, 1, '2011-10-26 17:19:00', '', '', '', 1, '', '', '', 0, '', 0, '', 0, 0, 0, 9, '2011-10-26 17:19:00', 1, '2011-10-26 17:19:00', 1, 1, 0),
('Category', 'Cook', '', '', '', '00001', 1, 1, '2011-10-26 17:19:00', '', '', '', 1, '', '', '', 0, '', 0, '', 0, 0, 0, 10, '2011-10-26 17:20:00', 1, '2011-10-26 17:20:00', 1, 1, 0),
('Content', 'Tanla''nın ilk yazısı', 'Colorfull shoes from benetton. Benetton? Believe me!', '', '', '00001,00008', 2, 1, '2011-10-26 20:19:49', '', 'RÖPORTAJ', '', 8, '', '', '', 0, '', 0, '', 0, 0, 0, 11, '2011-10-26 20:20:16', 1, '2011-10-30 22:17:29', 1, 1, 0),
('Content', 'İstanbul', 'İstanbul is one of the most beautiful cities in the planet.', '', '', '00001,00003', 1, 1, '2011-10-26 21:16:58', '/UserFiles/Images/city/city.jpg', '', '', 3, '', '', '', 0, '', 0, '', 0, 0, 0, 12, '2011-10-26 21:17:26', 1, '2011-10-30 21:54:56', 1, 1, 0),
('Content', 'a bird view', '', '', '', '00001,00009', 1, 1, '2011-10-26 21:23:23', '/UserFiles/Images/birdview/birdview.jpg', 'Selection', '', 9, '', '', '', 0, '', 0, '', 0, 0, 0, 13, '2011-10-26 21:24:16', 1, '2011-11-02 17:15:27', 1, 1, 0),
('Content', 'Bahar''ın ilk yazısı', '', '', 'Lorem ipsum dolor sit amet, consectetur adipisicing elit, sed do eiusmod tempor incididunt ut labore et dolore magna aliqua. Ut enim ad minim veniam, quis nostrud exercitation ullamco laboris nisi ut aliquip ex ea commodo consequat. Duis aute irure dolor in reprehenderit in voluptate velit esse cillum dolore eu fugiat nulla pariatur. Excepteur sint occaecat cupidatat non proident, sunt in culpa qui officia deserunt mollit anim id est laborum.<br/>\n<br/>\nLorem ipsum dolor sit amet, consectetur adipisicing elit, sed do eiusmod tempor incididunt ut labore et dolore magna aliqua. Ut enim ad minim veniam, quis nostrud exercitation ullamco laboris nisi ut aliquip ex ea commodo consequat. Duis aute irure dolor in reprehenderit in voluptate velit esse cillum dolore eu fugiat nulla pariatur. Excepteur sint occaecat cupidatat non proident, sunt in culpa qui officia deserunt mollit anim id est laborum.<br/>\n<br/>\nLorem ipsum dolor sit amet, consectetur adipisicing elit, sed do eiusmod tempor incididunt ut labore et dolore magna aliqua. Ut enim ad minim veniam, quis nostrud exercitation ullamco laboris nisi ut aliquip ex ea commodo consequat. Duis aute irure dolor in reprehenderit in voluptate velit esse cillum dolore eu fugiat nulla pariatur. Excepteur sint occaecat cupidatat non proident, sunt in culpa qui officia deserunt mollit anim id est laborum.<br/>\n<br/>\nLorem ipsum dolor sit amet, consectetur adipisicing elit, sed do eiusmod tempor incididunt ut labore et dolore magna aliqua. Ut enim ad minim veniam, quis nostrud exercitation ullamco laboris nisi ut aliquip ex ea commodo consequat. Duis aute irure dolor in reprehenderit in voluptate velit esse cillum dolore eu fugiat nulla pariatur. Excepteur sint occaecat cupidatat non proident, sunt in culpa qui officia deserunt mollit anim id est laborum.<br/>\n<br/>\n', '00001,00008', 3, 1, '2011-10-26 21:30:07', '/UserFiles/Images/_upload/2011/11/2/Bahar''in_ilk_yazisi_547.jpg', 'RÖPORTAJ', '', 8, '', '', '', 0, '', 0, '', 0, 0, 0, 14, '2011-10-26 21:31:16', 1, '2011-11-02 17:10:50', 1, 1, 0),
('Category', 'Room', '', '', '', '00001', 1, 1, '2011-10-26 21:55:36', '', '', '', 1, '', '', '', 0, '', 0, '', 0, 0, 0, 15, '2011-10-26 21:55:33', 1, '2011-10-26 21:56:42', 1, 1, 0),
('Content', 'a room', '', '', '', '00001,00015', 1, 1, '2011-10-26 21:56:26', '/UserFiles/Images/room/room.jpg', '', '', 15, '', '', '', 0, '', 0, '', 0, 0, 0, 16, '2011-10-26 21:56:32', 1, '2011-10-26 22:09:53', 1, 1, 0),
('Content', 'a cook', '', '', '', '00001,00010', 1, 1, '2011-10-26 22:12:36', '/UserFiles/Images/cook/cook.jpg', '', '', 10, '', '', '', 0, '', 0, '', 0, 0, 0, 17, '2011-10-26 22:12:28', 1, '2011-10-26 22:12:54', 1, 1, 0),
('Content', 'Deniz''in ilk yazısı', 'Hi, I will share my design with you on these pages.', '', '', '00001,00008', 4, 1, '2011-10-26 23:04:07', '', 'RÖPORTAJ', '', 8, '', '', '', 0, '', 0, '', 0, 0, 0, 18, '2011-10-26 23:05:20', 1, '2011-10-30 22:02:50', 1, 1, 0),
('Content', 'a people', 'The most exiting people of the sector to meet with you, their works and their feelings. All is gonna be on this section. Start browsing by giving a pressure with your point finger onto the left button of mouse.', '', '', '00001,00007', 1, 1, '2011-10-26 23:09:41', '/UserFiles/Images/people/people_orj.jpg', 'FAMEOUS', '', 7, '', '', '', 0, '', 0, '', 0, 0, 0, 19, '2011-10-26 23:10:23', 1, '2011-11-02 17:21:33', 1, 1, 0),
('Category', 'Music', '', '', '', '00001', 1, 1, '2011-10-26 23:12:25', '', '', '', 1, '', '', '', 0, '', 0, '', 0, 0, 0, 20, '2011-10-26 23:12:42', 1, '2011-10-26 23:12:42', 1, 1, 0),
('Content', 'a music', '', '', '', '00001,00020', 1, 1, '2011-10-26 23:12:42', '/UserFiles/Images/music/music.jpg', '', '', 20, '', '', '', 0, '', 0, '', 0, 0, 0, 21, '2011-10-26 23:13:38', 1, '2011-10-26 23:13:38', 1, 1, 0),
('Category', 'Words', '', '', '', '00001', 1, 1, '2011-10-26 23:17:30', '', '', '', 1, '', '', '', 0, '', 0, '', 0, 0, 0, 22, '2011-10-26 23:17:44', 1, '2011-10-26 23:17:44', 1, 1, 0),
('Content', 'a words', '', '', '', '00001,00022', 1, 1, '2011-10-26 23:17:45', '/UserFiles/Images/words/words.jpg', '', '', 22, '', '', '', 0, '', 0, '', 0, 0, 0, 23, '2011-10-26 23:18:23', 1, '2011-10-26 23:18:23', 1, 1, 0),
('Category', 'Beauty', '', '', '', '00001', 1, 1, '2011-10-26 23:21:01', '', '', '', 1, '', '', '', 0, '', 0, '', 0, 0, 0, 24, '2011-10-26 23:21:14', 1, '2011-10-26 23:21:14', 1, 1, 0),
('Content', 'a beauty', '', '', '', '00001,00024', 1, 1, '2011-10-26 23:21:15', '/UserFiles/Images/beauty/beauty.jpg', '', '', 24, '', '', '', 0, '', 0, '', 0, 0, 0, 25, '2011-10-26 23:22:19', 1, '2011-10-26 23:22:19', 1, 1, 0),
('Category', 'Think', '', '', '', '00001', 1, 1, '2011-10-26 23:34:29', '', '', '', 1, '', '', '', 0, '', 0, '', 0, 0, 0, 26, '2011-10-26 23:34:47', 1, '2011-10-26 23:34:47', 1, 1, 0),
('Content', 'a think', '', '', '', '00001,00026', 1, 1, '2011-10-26 23:34:20', '/UserFiles/Images/think/think.jpg', '', '', 26, '', '', '', 0, '', 0, '', 0, 0, 0, 27, '2011-10-26 23:35:01', 1, '2011-10-26 23:36:46', 1, 1, 0),
('Content', 'a moda', '', '', '', '00001,00006', 1, 1, '2011-10-26 23:51:26', '/UserFiles/Images/moda/moda_orj.jpg', '', '', 6, '', '', '', 0, '', 0, '', 0, 0, 0, 28, '2011-10-26 23:51:54', 1, '2011-11-02 16:58:12', 1, 1, 0),
('Content', 'Kuş Cenneti', '', '', '', '00001,00008', 3, 1, '2011-10-30 16:34:02', '/UserFiles/Images/_upload/2011/11/2/Kus_Cenneti_917.jpg', 'FOTOĞRAF ÇEKİMİ', '', 8, '', '', '', 0, '', 0, '', 0, 0, 0, 29, '2011-10-30 16:35:35', 1, '2011-11-02 17:09:41', 1, 1, 0),
('Content', 'Şurdan burdan', '', '', '', '00001,00008', 3, 1, '2011-10-30 16:36:00', '/UserFiles/Images/_upload/2011/11/2/Surdan_burdan_444.jpg', 'ORDAN BURDAN', '', 8, '', '', '', 0, '', 0, '', 0, 0, 0, 30, '2011-10-30 16:36:42', 1, '2011-11-02 17:08:35', 1, 1, 0),
('Content', 'Van Depremi', '', '', '', '00001,00008', 3, 1, '2011-10-30 16:36:40', '/UserFiles/Images/_upload/2011/11/2/Van_Depremi_238.jpg', 'MAKALELER', '', 8, '', '', '', 0, '', 0, '', 0, 0, 0, 31, '2011-10-30 16:37:47', 1, '2011-11-02 17:05:22', 1, 1, 0),
('Category', 'Other', '', '', '', '00001', 1, 1, '2011-10-30 17:48:26', '', '', '', 1, '', '', '', 0, '', 0, '', 0, 0, 0, 32, '2011-10-30 17:49:18', 1, '2011-10-30 17:49:18', 1, 1, 0),
('Content', 'ABOUT US', '', '', 'The Coveteur, founded by designer Erin Kleinberg and stylist Stephanie Mark, is a new way of looking at the creative process and influences of some of today''s most recognized global tastemakers.<br/>\n<br/>\nThe Coveteur takes you inside the closets of internationally influential cultural forecasters, showing us what culminates in their personal style - one item at a time.<br/>\n<br/>\nThe site focuses on curations, styling, and new ways of showcasing the personalization behind fashion''s elite. Kleinberg and Mark, in collaboration with the talent themselves, show and describe, in their own words, the significance each item plays in their lives - from personal accomplishments to the way these meaningful belongings have influenced their unique sense of style.<br/>\n<br/>\nCaptured through the lens of photographer Jake Rosenberg, The Coveteur explores what you''ve always wanted to see - the behind the scenes and intimate surveillance of today''s modern trendsetters.<br/>\n<br/>\nThis is... The Coveteur\n', '00001,00032', 1, 1, '2011-10-30 17:49:21', '', '', '', 32, '', '', '', 0, '', 0, '', 0, 0, 0, 33, '2011-10-30 17:51:47', 1, '2011-10-30 17:51:47', 1, 1, 0),
('Content', 'CONTACT US', '', '', '<h2>Contact Us</h2>\n\nCant get enough of The Coveteur? We''d love to hear from you. Hit us up anytime kids!\n\n<h2>By Email:</h2>\n\ninfo@thecoveteur.com\n\n<h2>By Post:</h2>\n\n50 Spadina Road Apt. 712 | Toronto, ON | M5R 2P1 | Canada\n', '00001,00032', 1, 1, '2011-10-30 17:51:51', '', '', '', 32, '', '', '', 0, '', 0, '', 0, 0, 0, 34, '2011-10-30 17:53:27', 1, '2011-10-30 17:53:27', 1, 1, 0),
('Content', 'Milano', '', '', '', '00001,00003', 1, 1, '2011-11-02 15:37:28', '/UserFiles/Images/_upload/2011/11/2/Milano_260.jpg', '', '', 3, '', '', '', 0, '', 0, '', 0, 0, 0, 35, '2011-11-02 15:38:29', 1, '2011-11-02 15:44:40', 1, 1, 0),
('Content', 'Amsterdam', '', '', '', '00001,00003', 1, 1, '2011-11-02 16:17:17', '/UserFiles/Images/_upload/2011/11/2/Amsterdam_398.jpg', '', '', 3, '', '', '', 0, '', 0, '', 0, 0, 0, 36, '2011-11-02 16:18:09', 1, '2011-11-02 16:18:09', 1, 1, 0),
('Content', 'Madrid', '', '', '', '00001,00003', 1, 1, '2011-11-02 16:19:19', '/UserFiles/Images/_upload/2011/11/2/Madrid_589.jpg', '', '', 3, '', '', '', 0, '', 0, '', 0, 0, 0, 37, '2011-11-02 16:19:36', 1, '2011-11-02 16:19:36', 1, 1, 0),
('Content', 'Barcelona', '', '', '', '00001,00003', 1, 1, '2011-11-02 16:20:11', '/UserFiles/Images/_upload/2011/11/2/Barcelona_294.jpg', '', '', 3, '', '', '', 0, '', 0, '', 0, 0, 0, 38, '2011-11-02 16:21:16', 1, '2011-11-02 16:21:16', 1, 1, 0),
('Content', 'Paris', '', '', '', '00001,00003', 1, 1, '2011-11-02 16:21:20', '/UserFiles/Images/_upload/2011/11/2/Paris_62.jpg', '', '', 3, '', '', '', 0, '', 0, '', 0, 0, 0, 39, '2011-11-02 16:22:30', 1, '2011-11-02 16:22:30', 1, 1, 0),
('Content', 'New York', '', '', '', '00001,00003', 1, 1, '2011-11-02 16:22:33', '/UserFiles/Images/_upload/2011/11/2/New_York_150.jpg', '', '', 3, '', '', '', 0, '', 0, '', 0, 0, 0, 40, '2011-11-02 16:23:14', 1, '2011-11-02 16:23:14', 1, 1, 0),
('Content', 'Hakkari', '', '', '', '00001,00003', 1, 1, '2011-11-02 16:25:24', '/UserFiles/Images/_upload/2011/11/2/Hakkari_950.jpg', '', '', 3, '', '', '', 0, '', 0, '', 0, 0, 0, 41, '2011-11-02 16:26:34', 1, '2011-11-02 16:26:34', 1, 1, 0),
('Content', 'Yeni Türkü', '', '', '', '00001,00020', 1, 1, '2011-11-02 17:17:50', '/UserFiles/Images/_upload/2011/11/2/Yeni_Turku_137.jpg', '', '', 20, '', '', '', 0, '', 0, '', 0, 0, 0, 42, '2011-11-02 17:18:37', 1, '2011-11-02 17:18:37', 1, 1, 0),
('Content', 'Ezginin Günlüğü', 'Ezginin Günlüğü konser verecek. Rizede.', '', '', '00001,00020', 1, 1, '2011-11-02 17:18:03', '/UserFiles/Images/_upload/2011/11/2/Ezginin_Gunlugu_442.jpg', '', '', 20, '', '', '', 0, '', 0, '', 0, 0, 0, 43, '2011-11-02 17:19:51', 1, '2011-11-02 17:19:51', 1, 1, 0);

DROP TABLE IF EXISTS `contentpicture`;
CREATE TABLE IF NOT EXISTS `contentpicture` (
  `ContentId` int(11) DEFAULT NULL,
  `Title` varchar(200) COLLATE utf8_turkish_ci NOT NULL,
  `Description` varchar(300) COLLATE utf8_turkish_ci DEFAULT NULL,
  `FileName` varchar(100) COLLATE utf8_turkish_ci NOT NULL,
  `Id` int(11) NOT NULL AUTO_INCREMENT,
  `InsertDate` datetime NOT NULL DEFAULT '1990-01-01 00:00:00',
  `InsertUserId` int(11) DEFAULT NULL,
  `UpdateDate` datetime DEFAULT NULL,
  `UpdateUserId` int(11) DEFAULT NULL,
  `Visible` tinyint(1) NOT NULL DEFAULT '1',
  `OrderNo` int(11) DEFAULT NULL,
  PRIMARY KEY (`Id`)
) ENGINE=InnoDB  DEFAULT CHARSET=utf8 COLLATE=utf8_turkish_ci AUTO_INCREMENT=5 ;

INSERT INTO `contentpicture` (`ContentId`, `Title`, `Description`, `FileName`, `Id`, `InsertDate`, `InsertUserId`, `UpdateDate`, `UpdateUserId`, `Visible`, `OrderNo`) VALUES
(28, 'deneme resmi', '', '/deneme', 1, '2011-10-27 17:07:46', 1, '2011-10-27 17:07:46', 1, 1, 0),
(0, 'a think resim 1', '', '/resim1', 2, '2011-10-27 17:08:48', 1, '2011-10-27 17:08:48', 1, 1, 0),
(0, 'a think resim 1', '', 'fdg', 3, '2011-10-27 17:15:40', 1, '2011-10-27 17:15:40', 1, 1, 0),
(27, 'a think resim 2', '', 'dfsdf', 4, '2011-10-27 17:16:26', 1, '2011-10-27 17:16:26', 1, 1, 0);

DROP TABLE IF EXISTS `contentsource`;
CREATE TABLE IF NOT EXISTS `contentsource` (
  `Name` varchar(50) COLLATE utf8_turkish_ci NOT NULL,
  `SourceId` int(11) NOT NULL,
  `CategoryId` int(11) DEFAULT NULL,
  `AuthorId` int(11) DEFAULT NULL,
  `ClassName` varchar(100) COLLATE utf8_turkish_ci NOT NULL,
  `ListPageAddress` varchar(200) COLLATE utf8_turkish_ci NOT NULL,
  `ListRegExp` text COLLATE utf8_turkish_ci,
  `ContentRegExp` text COLLATE utf8_turkish_ci,
  `Encoding` varchar(100) COLLATE utf8_turkish_ci DEFAULT NULL,
  `FetchFrequency` int(11) NOT NULL DEFAULT '180',
  `LastFetched` datetime DEFAULT NULL,
  `LastFetchTrial` datetime DEFAULT NULL,
  `Id` int(11) NOT NULL AUTO_INCREMENT,
  `InsertDate` datetime NOT NULL DEFAULT '1990-01-01 00:00:00',
  `InsertUserId` int(11) DEFAULT NULL,
  `UpdateDate` datetime DEFAULT NULL,
  `UpdateUserId` int(11) DEFAULT NULL,
  `Visible` tinyint(1) NOT NULL DEFAULT '1',
  `OrderNo` int(11) DEFAULT NULL,
  PRIMARY KEY (`Id`)
) ENGINE=InnoDB DEFAULT CHARSET=utf8 COLLATE=utf8_turkish_ci AUTO_INCREMENT=1 ;


DROP TABLE IF EXISTS `contenttag`;
CREATE TABLE IF NOT EXISTS `contenttag` (
  `ContentId` int(11) NOT NULL,
  `TagId` int(11) NOT NULL,
  `Rank` int(11) NOT NULL DEFAULT '0',
  `Id` int(11) NOT NULL AUTO_INCREMENT,
  `InsertDate` datetime NOT NULL DEFAULT '1990-01-01 00:00:00',
  `InsertUserId` int(11) DEFAULT NULL,
  `UpdateDate` datetime DEFAULT NULL,
  `UpdateUserId` int(11) DEFAULT NULL,
  `Visible` tinyint(1) NOT NULL DEFAULT '1',
  `OrderNo` int(11) DEFAULT NULL,
  PRIMARY KEY (`Id`)
) ENGINE=InnoDB  DEFAULT CHARSET=utf8 COLLATE=utf8_turkish_ci AUTO_INCREMENT=9 ;

INSERT INTO `contenttag` (`ContentId`, `TagId`, `Rank`, `Id`, `InsertDate`, `InsertUserId`, `UpdateDate`, `UpdateUserId`, `Visible`, `OrderNo`) VALUES
(14, 1, 0, 1, '2011-10-28 20:22:17', 1, '2011-10-28 20:22:17', 1, 1, 0),
(29, 2, 0, 2, '2011-10-30 16:35:35', 1, '2011-10-30 16:35:35', 1, 1, 0),
(30, 3, 0, 3, '2011-10-30 16:36:42', 1, '2011-10-30 16:36:42', 1, 1, 0),
(31, 4, 0, 4, '2011-10-30 16:39:02', 1, '2011-10-30 16:39:02', 1, 1, 0),
(11, 1, 0, 5, '2011-10-30 16:40:38', 1, '2011-10-30 16:40:38', 1, 1, 0),
(18, 1, 0, 6, '2011-10-30 16:41:01', 1, '2011-10-30 16:41:01', 1, 1, 0),
(13, 5, 0, 7, '2011-11-02 17:15:27', 1, '2011-11-02 17:15:27', 1, 1, 0),
(19, 6, 0, 8, '2011-11-02 17:21:33', 1, '2011-11-02 17:21:33', 1, 1, 0);

DROP TABLE IF EXISTS `lang`;
CREATE TABLE IF NOT EXISTS `lang` (
  `Code` varchar(100) COLLATE utf8_turkish_ci NOT NULL,
  `Name` varchar(100) COLLATE utf8_turkish_ci NOT NULL,
  `Id` int(11) NOT NULL AUTO_INCREMENT,
  `InsertDate` datetime NOT NULL DEFAULT '1990-01-01 00:00:00',
  `InsertUserId` int(11) DEFAULT NULL,
  `UpdateDate` datetime DEFAULT NULL,
  `UpdateUserId` int(11) DEFAULT NULL,
  `Visible` tinyint(1) NOT NULL DEFAULT '1',
  `OrderNo` int(11) DEFAULT NULL,
  PRIMARY KEY (`Id`)
) ENGINE=InnoDB  DEFAULT CHARSET=utf8 COLLATE=utf8_turkish_ci AUTO_INCREMENT=2 ;

INSERT INTO `lang` (`Code`, `Name`, `Id`, `InsertDate`, `InsertUserId`, `UpdateDate`, `UpdateUserId`, `Visible`, `OrderNo`) VALUES
('tr-TR', 'Türkçe', 1, '1990-01-01 00:00:00', NULL, NULL, NULL, 1, NULL);

DROP TABLE IF EXISTS `log`;
CREATE TABLE IF NOT EXISTS `log` (
  `LogType` varchar(100) COLLATE utf8_turkish_ci NOT NULL,
  `Category` varchar(100) COLLATE utf8_turkish_ci NOT NULL,
  `Description` text COLLATE utf8_turkish_ci NOT NULL,
  `Id` int(11) NOT NULL AUTO_INCREMENT,
  `InsertDate` datetime NOT NULL DEFAULT '1990-01-01 00:00:00',
  `InsertUserId` int(11) DEFAULT NULL,
  `UpdateDate` datetime DEFAULT NULL,
  `UpdateUserId` int(11) DEFAULT NULL,
  `Visible` tinyint(1) NOT NULL DEFAULT '1',
  `OrderNo` int(11) DEFAULT NULL,
  PRIMARY KEY (`Id`)
) ENGINE=InnoDB  DEFAULT CHARSET=utf8 COLLATE=utf8_turkish_ci AUTO_INCREMENT=3 ;

INSERT INTO `log` (`LogType`, `Category`, `Description`, `Id`, `InsertDate`, `InsertUserId`, `UpdateDate`, `UpdateUserId`, `Visible`, `OrderNo`) VALUES
('Notice', 'DownloadPicture', 'The remote name could not be resolved: ''http''\n (Picture: http://http://myvanitypress.files.wordpress.com/2010/03/milan2.jpg)', 1, '2011-11-02 15:38:29', 1, '2011-11-02 15:38:29', 1, 1, 0),
('Notice', 'DownloadPicture', 'The remote name could not be resolved: ''http''\n (Picture: http://http://myvanitypress.files.wordpress.com/2010/03/milan2.jpg)', 2, '2011-11-02 15:44:24', 1, '2011-11-02 15:44:24', 1, 1, 0);

DROP TABLE IF EXISTS `module`;
CREATE TABLE IF NOT EXISTS `module` (
  `Id` int(11) NOT NULL AUTO_INCREMENT,
  `Template` varchar(20) COLLATE utf8_turkish_ci NOT NULL,
  `Region` varchar(20) COLLATE utf8_turkish_ci NOT NULL,
  `OrderNo` int(11) NOT NULL DEFAULT '0',
  `Name` varchar(30) COLLATE utf8_turkish_ci NOT NULL,
  `CSS` text COLLATE utf8_turkish_ci,
  `Details` text COLLATE utf8_turkish_ci,
  `TopHtml` text COLLATE utf8_turkish_ci,
  `BottomHtml` text COLLATE utf8_turkish_ci,
  `ParentModuleId` int(11) NOT NULL DEFAULT '0',
  `CSSClass` varchar(100) COLLATE utf8_turkish_ci DEFAULT NULL,
  `UseCache` varchar(30) COLLATE utf8_turkish_ci NOT NULL DEFAULT 'Default',
  `CacheLifeTime` int(11) DEFAULT NULL,
  PRIMARY KEY (`Id`)
) ENGINE=InnoDB  DEFAULT CHARSET=utf8 COLLATE=utf8_turkish_ci AUTO_INCREMENT=132 ;

INSERT INTO `module` (`Id`, `Template`, `Region`, `OrderNo`, `Name`, `CSS`, `Details`, `TopHtml`, `BottomHtml`, `ParentModuleId`, `CSSClass`, `UseCache`, `CacheLifeTime`) VALUES
(23, 'Default.aspx', 'Header', 0, 'StaticHtml', '#StaticHtml_23 {\n}\n\n#StaticHtml_23 .headerMenu { border-bottom:1px solid black}\n#StaticHtml_23 .tab {\n	border:1px solid black; \n	border-bottom:none;\n	float:right; \n	padding:2px 40px;\n	cursor:pointer;\n	margin-left:10px;\n}\n#StaticHtml_23 .search {\n}\n#StaticHtml_23 .subscribe {\n	background:black;\n	color:white;\n}', 'Cinar.CMS.Serialization\nInnerHtml,244,<a href="/Default.aspx"><img src="/UserFiles/Images/design/logo.jpg" border="0"/></a>\n\n<div class="headerMenu">\n<div class="subscribe tab">Subscribe</div>\n<div class="search tab" id="searchTab">Search</div>\n<div style="clear:both"></div>\n</div>LangId1,1,0InnerHtml1,0,LangId2,1,0InnerHtml2,0,LangId3,1,0InnerHtml3,0,Id,2,23Template,12,Default.aspxRegion,6,HeaderOrderNo,1,0Name,10,StaticHtmlCSS,310,#StaticHtml_23 {\n}\n\n#StaticHtml_23 .headerMenu { border-bottom:1px solid black}\n#StaticHtml_23 .tab {\n	border:1px solid black; \n	border-bottom:none;\n	float:right; \n	padding:2px 40px;\n	cursor:pointer;\n	margin-left:10px;\n}\n#StaticHtml_23 .search {\n}\n#StaticHtml_23 .subscribe {\n	background:black;\n	color:white;\n}TopHtml,0,BottomHtml,0,ParentModuleId,1,0CSSClass,0,UseCache,7,DefaultCacheLifeTime,1,0', NULL, NULL, 0, NULL, 'Default', NULL),
(24, 'Default.aspx', 'Footer', 0, 'StaticHtml', '#StaticHtml_24 {\n	border-top:1px solid black;\n	text-align:center;\n	font-weight:bold;\n	padding:4px;\n	margin-top:10px;\n	clear:both;\n	margin-top:30px;\n}\n', 'Cinar.CMS.Serialization\nInnerHtml,173,<a href="/Other.aspx?item=33">ABOUT US</a> &nbsp; &nbsp; &nbsp;\n<a href="/Other.aspx?item=34">CONTACT US</a> &nbsp; &nbsp; &nbsp;\n<a href="/">(C) 2011 BLANK-MAGAZINE.COM</a>LangId1,1,0InnerHtml1,0,LangId2,1,0InnerHtml2,0,LangId3,1,0InnerHtml3,0,Id,2,24Template,12,Default.aspxRegion,6,FooterOrderNo,1,0Name,10,StaticHtmlCSS,150,#StaticHtml_24 {\n	border-top:1px solid black;\n	text-align:center;\n	font-weight:bold;\n	padding:4px;\n	margin-top:10px;\n	clear:both;\n	margin-top:30px;\n}\nTopHtml,0,BottomHtml,0,ParentModuleId,1,0CSSClass,0,UseCache,7,DefaultCacheLifeTime,1,0', NULL, NULL, 0, NULL, 'Default', NULL),
(25, 'Default.aspx', 'ContentLeft', 0, 'ContentListByFilter', '', 'Cinar.CMS.Serialization\nFilter,10,AuthorId=2HowManyItems,1,1SkipFirst,1,0Random,1,0OrderBy,19,Content.PublishDateAscending,5,FalseShowPictureLeftRight,5,FalseShowCurrentContent,5,FalseShowFirstItemWithPicture,5,FalseWhichPicture,17,TAuthorId.PicturePictureWidth,3,214PictureHeight,1,0BulletIcon,0,TitleLength,2,50DescriptionLength,3,150DateFormat,12,dd MMMM yyyyFieldOrder,24,image,author,descriptionCreateLink,4,TrueLinkTarget,0,ShowDescriptionAsLink,5,FalseUseTemplate,0,ForceToUseTemplate,5,FalseMoreLink,0,DisplayAsTable,5,FalseCols,1,1EncloseWithDiv,5,FalseId,2,25Template,12,Default.aspxRegion,11,ContentLeftOrderNo,1,0Name,19,ContentListByFilterCSS,0,TopHtml,0,BottomHtml,0,ParentModuleId,1,0CSSClass,23,vitrin solda toogleDescUseCache,7,DefaultCacheLifeTime,1,0', NULL, NULL, 0, NULL, 'Default', NULL),
(26, 'Default.aspx', 'ContentRight', 0, 'ContentListByFilter', '', 'Cinar.CMS.Serialization\nFilter,10,AuthorId=3HowManyItems,1,1SkipFirst,1,0Random,1,0OrderBy,19,Content.PublishDateAscending,5,FalseShowPictureLeftRight,5,FalseShowCurrentContent,5,FalseShowFirstItemWithPicture,5,FalseWhichPicture,17,TAuthorId.PicturePictureWidth,3,214PictureHeight,1,0BulletIcon,0,TitleLength,2,50DescriptionLength,3,150DateFormat,12,dd MMMM yyyyFieldOrder,24,image,author,descriptionCreateLink,4,TrueLinkTarget,0,ShowDescriptionAsLink,5,FalseUseTemplate,0,ForceToUseTemplate,5,FalseMoreLink,0,DisplayAsTable,5,FalseCols,1,1EncloseWithDiv,5,FalseId,2,26Template,12,Default.aspxRegion,12,ContentRightOrderNo,1,0Name,19,ContentListByFilterCSS,0,TopHtml,0,BottomHtml,0,ParentModuleId,1,0CSSClass,23,vitrin sagda toogleDescUseCache,7,DefaultCacheLifeTime,1,0', NULL, NULL, 0, NULL, 'Default', NULL),
(27, 'Default.aspx', 'ContentLeft', 1, 'ContentListByFilter', '', 'Cinar.CMS.Serialization\nFilter,12,CategoryId=3HowManyItems,1,1SkipFirst,1,0Random,1,0OrderBy,19,Content.PublishDateAscending,5,FalseShowPictureLeftRight,5,FalseShowCurrentContent,5,FalseShowFirstItemWithPicture,5,FalseWhichPicture,15,Content.PicturePictureWidth,3,212PictureHeight,1,0BulletIcon,0,TitleLength,2,50DescriptionLength,3,150DateFormat,12,dd MMMM yyyyFieldOrder,26,image,category,descriptionCreateLink,4,TrueLinkTarget,0,ShowDescriptionAsLink,5,FalseUseTemplate,0,ForceToUseTemplate,5,FalseMoreLink,0,DisplayAsTable,5,FalseCols,1,1EncloseWithDiv,5,FalseId,2,27Template,12,Default.aspxRegion,11,ContentLeftOrderNo,1,1Name,19,ContentListByFilterCSS,0,TopHtml,0,BottomHtml,0,ParentModuleId,1,0CSSClass,23,vitrin solda toogleDescUseCache,7,DefaultCacheLifeTime,1,0', NULL, NULL, 0, NULL, 'Default', NULL),
(28, 'Default.aspx', 'ContentRight', 1, 'ContentListByFilter', '', 'Cinar.CMS.Serialization\nFilter,13,CategoryId=15HowManyItems,1,1SkipFirst,1,0Random,1,0OrderBy,19,Content.PublishDateAscending,5,FalseShowPictureLeftRight,5,FalseShowCurrentContent,5,FalseShowFirstItemWithPicture,5,FalseWhichPicture,15,Content.PicturePictureWidth,3,212PictureHeight,1,0BulletIcon,0,TitleLength,2,50DescriptionLength,3,150DateFormat,12,dd MMMM yyyyFieldOrder,26,image,category,descriptionCreateLink,4,TrueLinkTarget,0,ShowDescriptionAsLink,5,FalseUseTemplate,0,ForceToUseTemplate,5,FalseMoreLink,0,DisplayAsTable,5,FalseCols,1,1EncloseWithDiv,5,FalseId,2,28Template,12,Default.aspxRegion,12,ContentRightOrderNo,1,1Name,19,ContentListByFilterCSS,0,TopHtml,0,BottomHtml,0,ParentModuleId,1,0CSSClass,23,vitrin sagda toogleDescUseCache,7,DefaultCacheLifeTime,1,0', NULL, NULL, 0, NULL, 'Default', NULL),
(29, 'Default.aspx', 'Content', 0, 'ContentListByFilter', '#ContentListByFilter_29 {\n	margin-top:10px;\n}\n', 'Cinar.CMS.Serialization\nFilter,12,CategoryId=6HowManyItems,1,1SkipFirst,1,0Random,1,0OrderBy,19,Content.PublishDateAscending,5,FalseShowPictureLeftRight,5,FalseShowCurrentContent,5,FalseShowFirstItemWithPicture,5,FalseWhichPicture,15,Content.PicturePictureWidth,3,480PictureHeight,1,0BulletIcon,0,TitleLength,2,50DescriptionLength,3,150DateFormat,12,dd MMMM yyyyFieldOrder,5,imageCreateLink,4,TrueLinkTarget,0,ShowDescriptionAsLink,5,FalseUseTemplate,0,ForceToUseTemplate,5,FalseMoreLink,0,DisplayAsTable,5,FalseCols,1,1EncloseWithDiv,5,FalseId,2,29Template,11,Author.aspxRegion,7,ContentOrderNo,1,0Name,19,ContentListByFilterCSS,46,#ContentListByFilter_29 {\n	margin-top:10px;\n}\nTopHtml,0,BottomHtml,0,ParentModuleId,1,0CSSClass,0,UseCache,7,DefaultCacheLifeTime,1,0', NULL, NULL, 0, NULL, 'Default', NULL),
(30, 'Default.aspx', 'ContentLeft', 2, 'ContentListByFilter', '', 'Cinar.CMS.Serialization\nFilter,12,CategoryId=9HowManyItems,1,1SkipFirst,1,0Random,1,0OrderBy,19,Content.PublishDateAscending,5,FalseShowPictureLeftRight,5,FalseShowCurrentContent,5,FalseShowFirstItemWithPicture,5,FalseWhichPicture,15,Content.PicturePictureWidth,3,214PictureHeight,1,0BulletIcon,0,TitleLength,2,50DescriptionLength,3,150DateFormat,12,dd MMMM yyyyFieldOrder,26,image,category,descriptionCreateLink,4,TrueLinkTarget,0,ShowDescriptionAsLink,5,FalseUseTemplate,0,ForceToUseTemplate,5,FalseMoreLink,0,DisplayAsTable,5,FalseCols,1,1EncloseWithDiv,5,FalseId,2,30Template,12,Default.aspxRegion,11,ContentLeftOrderNo,1,2Name,19,ContentListByFilterCSS,0,TopHtml,0,BottomHtml,0,ParentModuleId,1,0CSSClass,23,vitrin solda toogleDescUseCache,7,DefaultCacheLifeTime,1,0', NULL, NULL, 0, NULL, 'Default', NULL),
(31, 'Default.aspx', 'ContentRight', 2, 'ContentListByFilter', '', 'Cinar.CMS.Serialization\nFilter,13,CategoryId=10HowManyItems,1,1SkipFirst,1,0Random,1,0OrderBy,19,Content.PublishDateAscending,5,FalseShowPictureLeftRight,5,FalseShowCurrentContent,5,FalseShowFirstItemWithPicture,5,FalseWhichPicture,15,Content.PicturePictureWidth,3,212PictureHeight,1,0BulletIcon,0,TitleLength,2,50DescriptionLength,3,150DateFormat,12,dd MMMM yyyyFieldOrder,26,image,category,descriptionCreateLink,4,TrueLinkTarget,0,ShowDescriptionAsLink,5,FalseUseTemplate,0,ForceToUseTemplate,5,FalseMoreLink,0,DisplayAsTable,5,FalseCols,1,1EncloseWithDiv,5,FalseId,2,31Template,12,Default.aspxRegion,12,ContentRightOrderNo,1,2Name,19,ContentListByFilterCSS,0,TopHtml,0,BottomHtml,0,ParentModuleId,1,0CSSClass,23,vitrin sagda toogleDescUseCache,7,DefaultCacheLifeTime,1,0', NULL, NULL, 0, NULL, 'Default', NULL),
(32, 'Default.aspx', 'Content', 1, 'ContentListByFilter', '', 'Cinar.CMS.Serialization\nFilter,10,AuthorId=4HowManyItems,1,1SkipFirst,1,0Random,1,0OrderBy,19,Content.PublishDateAscending,5,FalseShowPictureLeftRight,5,FalseShowCurrentContent,5,FalseShowFirstItemWithPicture,5,FalseWhichPicture,17,TAuthorId.PicturePictureWidth,3,211PictureHeight,1,0BulletIcon,0,TitleLength,2,50DescriptionLength,3,150DateFormat,12,dd MMMM yyyyFieldOrder,24,image,author,descriptionCreateLink,4,TrueLinkTarget,0,ShowDescriptionAsLink,5,FalseUseTemplate,0,ForceToUseTemplate,5,FalseMoreLink,0,DisplayAsTable,5,FalseCols,1,1EncloseWithDiv,5,FalseId,2,32Template,12,Default.aspxRegion,7,ContentOrderNo,1,1Name,19,ContentListByFilterCSS,0,TopHtml,0,BottomHtml,0,ParentModuleId,1,0CSSClass,23,vitrin solda toogleDescUseCache,7,DefaultCacheLifeTime,1,0', NULL, NULL, 0, NULL, 'Default', NULL),
(33, 'Default.aspx', 'Content', 2, 'ContentListByFilter', '', 'Cinar.CMS.Serialization\nFilter,12,CategoryId=7HowManyItems,1,1SkipFirst,1,0Random,1,0OrderBy,19,Content.PublishDateAscending,5,FalseShowPictureLeftRight,5,FalseShowCurrentContent,5,FalseShowFirstItemWithPicture,5,FalseWhichPicture,15,Content.PicturePictureWidth,3,211PictureHeight,1,0BulletIcon,0,TitleLength,2,50DescriptionLength,3,100DateFormat,12,dd MMMM yyyyFieldOrder,26,image,category,descriptionCreateLink,4,TrueLinkTarget,0,ShowDescriptionAsLink,5,FalseUseTemplate,0,ForceToUseTemplate,5,FalseMoreLink,0,DisplayAsTable,5,FalseCols,1,1EncloseWithDiv,5,FalseId,2,33Template,12,Default.aspxRegion,7,ContentOrderNo,1,2Name,19,ContentListByFilterCSS,0,TopHtml,0,BottomHtml,0,ParentModuleId,1,0CSSClass,23,vitrin sagda toogleDescUseCache,7,DefaultCacheLifeTime,1,0', NULL, NULL, 0, NULL, 'Default', NULL),
(34, 'Default.aspx', 'Content', 3, 'ContentListByFilter', '', 'Cinar.CMS.Serialization\nFilter,13,CategoryId=22HowManyItems,1,1SkipFirst,1,0Random,1,0OrderBy,19,Content.PublishDateAscending,5,FalseShowPictureLeftRight,5,FalseShowCurrentContent,5,FalseShowFirstItemWithPicture,5,FalseWhichPicture,15,Content.PicturePictureWidth,3,211PictureHeight,1,0BulletIcon,0,TitleLength,2,50DescriptionLength,3,150DateFormat,12,dd MMMM yyyyFieldOrder,26,image,category,descriptionCreateLink,4,TrueLinkTarget,0,ShowDescriptionAsLink,5,FalseUseTemplate,0,ForceToUseTemplate,5,FalseMoreLink,0,DisplayAsTable,5,FalseCols,1,1EncloseWithDiv,5,FalseId,2,34Template,12,Default.aspxRegion,7,ContentOrderNo,1,3Name,19,ContentListByFilterCSS,0,TopHtml,0,BottomHtml,0,ParentModuleId,1,0CSSClass,23,vitrin sagda toogleDescUseCache,7,DefaultCacheLifeTime,1,0', NULL, NULL, 0, NULL, 'Default', NULL),
(35, 'Default.aspx', 'Content', 4, 'ContentListByFilter', '', 'Cinar.CMS.Serialization\nFilter,13,CategoryId=20HowManyItems,1,1SkipFirst,1,0Random,1,0OrderBy,19,Content.PublishDateAscending,5,FalseShowPictureLeftRight,5,FalseShowCurrentContent,5,FalseShowFirstItemWithPicture,5,FalseWhichPicture,15,Content.PicturePictureWidth,3,211PictureHeight,1,0BulletIcon,0,TitleLength,2,50DescriptionLength,3,150DateFormat,12,dd MMMM yyyyFieldOrder,26,image,category,descriptionCreateLink,4,TrueLinkTarget,0,ShowDescriptionAsLink,5,FalseUseTemplate,0,ForceToUseTemplate,5,FalseMoreLink,0,DisplayAsTable,5,FalseCols,1,1EncloseWithDiv,5,FalseId,2,35Template,12,Default.aspxRegion,7,ContentOrderNo,1,4Name,19,ContentListByFilterCSS,0,TopHtml,0,BottomHtml,0,ParentModuleId,1,0CSSClass,23,vitrin solda toogleDescUseCache,7,DefaultCacheLifeTime,1,0', NULL, NULL, 0, NULL, 'Default', NULL),
(36, 'Default.aspx', 'Content', 5, 'ContentListByFilter', '', 'Cinar.CMS.Serialization\nFilter,13,CategoryId=24HowManyItems,1,1SkipFirst,1,0Random,1,0OrderBy,19,Content.PublishDateAscending,5,FalseShowPictureLeftRight,5,FalseShowCurrentContent,5,FalseShowFirstItemWithPicture,5,FalseWhichPicture,15,Content.PicturePictureWidth,3,211PictureHeight,1,0BulletIcon,0,TitleLength,2,50DescriptionLength,3,150DateFormat,12,dd MMMM yyyyFieldOrder,26,image,category,descriptionCreateLink,4,TrueLinkTarget,0,ShowDescriptionAsLink,5,FalseUseTemplate,0,ForceToUseTemplate,5,FalseMoreLink,0,DisplayAsTable,5,FalseCols,1,1EncloseWithDiv,5,FalseId,2,36Template,12,Default.aspxRegion,7,ContentOrderNo,1,5Name,19,ContentListByFilterCSS,0,TopHtml,0,BottomHtml,0,ParentModuleId,1,0CSSClass,23,vitrin sagda toogleDescUseCache,7,DefaultCacheLifeTime,1,0', NULL, NULL, 0, NULL, 'Default', NULL),
(37, 'Default.aspx', 'Content', 6, 'ContentListByFilter', '', 'Cinar.CMS.Serialization\nFilter,13,CategoryId=26HowManyItems,1,1SkipFirst,1,0Random,1,0OrderBy,19,Content.PublishDateAscending,5,FalseShowPictureLeftRight,5,FalseShowCurrentContent,5,FalseShowFirstItemWithPicture,5,FalseWhichPicture,15,Content.PicturePictureWidth,3,211PictureHeight,1,0BulletIcon,0,TitleLength,2,50DescriptionLength,3,150DateFormat,12,dd MMMM yyyyFieldOrder,26,image,category,descriptionCreateLink,4,TrueLinkTarget,0,ShowDescriptionAsLink,5,FalseUseTemplate,0,ForceToUseTemplate,5,FalseMoreLink,0,DisplayAsTable,5,FalseCols,1,1EncloseWithDiv,5,FalseId,2,37Template,12,Default.aspxRegion,7,ContentOrderNo,1,6Name,19,ContentListByFilterCSS,0,TopHtml,0,BottomHtml,0,ParentModuleId,1,0CSSClass,23,vitrin solda toogleDescUseCache,7,DefaultCacheLifeTime,1,0', NULL, NULL, 0, NULL, 'Default', NULL),
(38, 'Default.aspx', 'Content', 7, 'LoginForm', '#LoginForm_38 {\n	clear:both;\n}\n#LoginForm_38 div.loginEmailLabel {\n}\n#LoginForm_38 input.loginEmailInput {\n}\n#LoginForm_38 div.loginPassLabel {\n}\n#LoginForm_38 input.loginPassInput {\n}\n#LoginForm_38 div.loginRememberMeLabel {\n}\n#LoginForm_38 div.loginError {\n	color:red}\n#LoginForm_38 input.loginSubmitButton {\n	display:block}\n#LoginForm_38 a {\n	display:block;\n	padding-left:10px}\n', 'Cinar.CMS.Serialization\nRedirect,0,ShowMembershipLink,4,TrueShowMembershipInfoLink,4,TrueShowPasswordForgetLink,4,TrueShowRememberMe,4,TrueShowActivationLink,4,TrueId,2,38Template,11,Author.aspxRegion,7,ContentOrderNo,1,7Name,9,LoginFormCSS,381,#LoginForm_38 {\n	clear:both;\n}\n#LoginForm_38 div.loginEmailLabel {\n}\n#LoginForm_38 input.loginEmailInput {\n}\n#LoginForm_38 div.loginPassLabel {\n}\n#LoginForm_38 input.loginPassInput {\n}\n#LoginForm_38 div.loginRememberMeLabel {\n}\n#LoginForm_38 div.loginError {\n	color:red}\n#LoginForm_38 input.loginSubmitButton {\n	display:block}\n#LoginForm_38 a {\n	display:block;\n	padding-left:10px}\nTopHtml,0,BottomHtml,0,ParentModuleId,1,0CSSClass,0,UseCache,7,DefaultCacheLifeTime,1,0', NULL, NULL, 0, NULL, 'Default', NULL),
(41, 'Author.aspx', 'ContentLeft', 0, 'ContentListByFilter', '#ContentListByFilter_41 {\n	margin-top:30px;\n}\n', 'Cinar.CMS.Serialization\nFilter,16,AuthorId=@AuthorHowManyItems,1,1SkipFirst,1,0Random,1,0OrderBy,19,Content.PublishDateAscending,5,FalseShowPictureLeftRight,5,FalseShowCurrentContent,4,TrueShowFirstItemWithPicture,5,FalseWhichPicture,17,TAuthorId.PicturePictureWidth,3,180PictureHeight,1,0BulletIcon,0,TitleLength,2,50DescriptionLength,3,150DateFormat,12,dd MMMM yyyyFieldOrder,12,image,authorCreateLink,4,TrueLinkTarget,0,ShowDescriptionAsLink,5,FalseUseTemplate,0,ForceToUseTemplate,5,FalseMoreLink,0,DisplayAsTable,5,FalseCols,1,1EncloseWithDiv,5,FalseId,2,41Template,11,Author.aspxRegion,11,ContentLeftOrderNo,1,0Name,19,ContentListByFilterCSS,46,#ContentListByFilter_41 {\n	margin-top:30px;\n}\nTopHtml,0,BottomHtml,0,ParentModuleId,1,0CSSClass,22,vitrin solda rotate-10UseCache,7,DefaultCacheLifeTime,1,0', NULL, NULL, 0, NULL, 'Default', NULL),
(43, 'Author.aspx', 'Footer', 2, 'RegionRepeater', '', 'Cinar.CMS.Serialization\nId,2,43Template,11,Author.aspxRegion,6,FooterOrderNo,1,0Name,14,RegionRepeaterCSS,0,TopHtml,0,BottomHtml,0,ParentModuleId,1,0CSSClass,0,UseCache,7,DefaultCacheLifeTime,1,0RegionToCopy,6,FooterPage,12,Default.aspx', NULL, NULL, 0, NULL, 'Default', NULL),
(44, 'Author.aspx', 'Content', 0, 'ContentDisplay', '#ContentDisplay_44 {\n	border:1px solid #E5E5E5;\n	margin-top:10px;\n	background:#F4F1E8;\n	padding: 12px 24px 24px 24px;\n\n	-moz-box-shadow: 3px 3px 4px #E5E5E5;\n	-webkit-box-shadow: 3px 3px 4px #E5E5E5;\n	box-shadow: 3px 3px 4px #E5E5E5;\n	/* For IE 8 */\n	-ms-filter: "progid:DXImageTransform.Microsoft.Shadow(Strength=4, Direction=135, Color=''#E5E5E5'')";\n	/* For IE 5.5 - 7 */\n	filter: progid:DXImageTransform.Microsoft.Shadow(Strength=4, Direction=135, Color=''#E5E5E5'');\n}\n#ContentDisplay_44 div.title {\n	font-weight:bold;\n	font-size:16px;\n	border-bottom:1px solid #CFCFCF;\n	padding-bottom:8px;\n}\n#ContentDisplay_44 div.text {\n	background:white;	\n}\n#ContentDisplay_44 div.innerDiv {\n	padding:24px;\n	background:white;	\n}\n#ContentDisplay_44 div.date {\n	margin-bottom:24px;\n	font-size:12px;\n}\n\n', 'Cinar.CMS.Serialization\nFieldOrder,22,title,date,region,textDateFormat,12,dd MMMM yyyyFilter,11,Id=@ContentTagTemplate,0,Id,2,44Template,11,Author.aspxRegion,7,ContentOrderNo,1,0Name,14,ContentDisplayCSS,788,#ContentDisplay_44 {\n	border:1px solid #E5E5E5;\n	margin-top:10px;\n	background:#F4F1E8;\n	padding: 12px 24px 24px 24px;\n\n	-moz-box-shadow: 3px 3px 4px #E5E5E5;\n	-webkit-box-shadow: 3px 3px 4px #E5E5E5;\n	box-shadow: 3px 3px 4px #E5E5E5;\n	/* For IE 8 */\n	-ms-filter: "progid:DXImageTransform.Microsoft.Shadow(Strength=4, Direction=135, Color=''#E5E5E5'')";\n	/* For IE 5.5 - 7 */\n	filter: progid:DXImageTransform.Microsoft.Shadow(Strength=4, Direction=135, Color=''#E5E5E5'');\n}\n#ContentDisplay_44 div.title {\n	font-weight:bold;\n	font-size:16px;\n	border-bottom:1px solid #CFCFCF;\n	padding-bottom:8px;\n}\n#ContentDisplay_44 div.text {\n	background:white;	\n}\n#ContentDisplay_44 div.innerDiv {\n	padding:24px;\n	background:white;	\n}\n#ContentDisplay_44 div.date {\n	margin-bottom:24px;\n	font-size:12px;\n}\n\nTopHtml,0,BottomHtml,0,ParentModuleId,1,0CSSClass,0,UseCache,7,DefaultCacheLifeTime,1,0', NULL, NULL, 0, NULL, 'Default', NULL),
(47, 'Author.aspx', 'ContentLeft', 1, 'SQLDataList', '#SQLDataList_47 {\n	margin-top:60px;\n	width:230px;\n}\n#SQLDataList_47 .tag {\n	border-bottom: 1px solid #8A8A8A;\n	padding:10px 0px 4px 4px;\n	text-transform:uppercase;\n}', 'Cinar.CMS.Serialization\nSQL,171,SELECT\n	t.Id,\n	t.Name\nFROM\n	Tag t\n	INNER JOIN ContentTag ct ON ct.TagId = t.Id\n	INNER JOIN Content c ON c.Id = ct.ContentId\nWHERE\n	c.AuthorId = $=Context.Content.AuthorId$DataTemplate,110,<div class="tag">\n<a href="/AuthorList.aspx?item=$=Context.Content.Id$&tagId=$=row.Id$">$=row.Name$</a>\n</div>PictureWidth,1,0PictureHeight,1,0DisplayAsTable,5,FalseCols,1,1EncloseWithDiv,5,FalseId,2,47Template,11,Author.aspxRegion,11,ContentLeftOrderNo,1,1Name,11,SQLDataListCSS,165,#SQLDataList_47 {\n	margin-top:60px;\n	width:230px;\n}\n#SQLDataList_47 .tag {\n	border-bottom: 1px solid #8A8A8A;\n	padding:10px 0px 4px 4px;\n	text-transform:uppercase;\n}TopHtml,0,BottomHtml,0,ParentModuleId,1,0CSSClass,5,soldaUseCache,7,DefaultCacheLifeTime,1,0', NULL, NULL, 0, NULL, 'Default', NULL),
(50, 'Author.aspx', 'conRegion44', 0, 'ContentGallery', '', 'Cinar.CMS.Serialization\nPictureWidth,3,636PictureHeight,1,0ShowTitle,4,TrueShowTitleFirst,5,FalseDisplayAsTable,5,FalseCols,1,1EncloseWithDiv,5,FalseId,2,50Template,11,Author.aspxRegion,11,conRegion44OrderNo,1,0Name,14,ContentGalleryCSS,0,TopHtml,0,BottomHtml,0,ParentModuleId,2,44CSSClass,0,UseCache,7,DefaultCacheLifeTime,1,0', NULL, NULL, 44, NULL, 'Default', NULL),
(53, 'Author.aspx', 'Footer', 1, 'ContentListByTag', '#ContentListByTag_53 div.title {\n	border-bottom:1px solid black;\n	padding:50px 0px 5px 65px;\n	margin-bottom:30px;\n}\n\n#ContentListByTag_53 div.paging {\n	float:left;\n	width:60px;\n	height:120px;\n	background-repeat:no-repeat;\n}\n\n#ContentListByTag_53 .cerceve {\n	float:left;\n	width:855px;\n	border: 1px solid #efefef;\n\n}\n\n#ContentListByTag_53 div.clItem {\n	float:left;\n	margin:0px 5px 5px 0px;\n}\n', 'Cinar.CMS.Serialization\nFilter,16,AuthorId=@AuthorHowManyItems,2,10SkipFirst,1,0Random,1,0OrderBy,19,Content.PublishDateAscending,5,FalseShowPictureLeftRight,5,FalseShowCurrentContent,4,TrueShowFirstItemWithPicture,5,FalseWhichPicture,15,Content.PicturePictureWidth,1,0PictureHeight,3,120BulletIcon,0,TitleLength,2,50DescriptionLength,3,150DateFormat,12,dd MMMM yyyyFieldOrder,5,imageCreateLink,4,TrueLinkTarget,0,ShowDescriptionAsLink,5,FalseUseTemplate,0,ForceToUseTemplate,5,FalseMoreLink,0,DisplayAsTable,5,FalseCols,1,1EncloseWithDiv,5,FalseId,2,53Template,11,Author.aspxRegion,6,FooterOrderNo,1,1Name,16,ContentListByTagCSS,390,#ContentListByTag_53 div.title {\n	border-bottom:1px solid black;\n	padding:50px 0px 5px 65px;\n	margin-bottom:30px;\n}\n\n#ContentListByTag_53 div.paging {\n	float:left;\n	width:60px;\n	height:120px;\n	background-repeat:no-repeat;\n}\n\n#ContentListByTag_53 .cerceve {\n	float:left;\n	width:855px;\n	border: 1px solid #efefef;\n\n}\n\n#ContentListByTag_53 div.clItem {\n	float:left;\n	margin:0px 5px 5px 0px;\n}\nTopHtml,182,<div class="title">ARCHIVE</div>\n\n<div class="paging" style="background-image:url(/UserFiles/Images/design/prev.png); background-position:right center;"></div>\n\n<div class="cerceve">BottomHtml,163,</div>\n<div class="paging"  style="background-image:url(/UserFiles/Images/design/next.png); background-position:left center;"></div>\n<div style="clear:both"></div>ParentModuleId,1,0CSSClass,0,UseCache,7,DefaultCacheLifeTime,1,0', NULL, NULL, 0, NULL, 'Default', NULL),
(55, 'AuthorList.aspx', 'Header', 0, 'RegionRepeater', '', 'Cinar.CMS.Serialization\nId,2,55Template,15,AuthorList.aspxRegion,6,HeaderOrderNo,1,0Name,14,RegionRepeaterCSS,0,TopHtml,0,BottomHtml,0,ParentModuleId,1,0CSSClass,0,UseCache,7,DefaultCacheLifeTime,1,0RegionToCopy,6,HeaderPage,12,Default.aspx', NULL, NULL, 0, NULL, 'Default', NULL),
(56, 'AuthorList.aspx', 'Header', 1, 'StaticHtml', '#StaticHtml_56 {\n}\n\n#StaticHtml_56 .headerMenu { border-bottom:1px solid black}\n#StaticHtml_56 .tab {\n	border:1pxlid black; \n	border-bottom:none;\n	float:right; \n	padding:5px 20px;\n	cursor:pointer;\n	margin-left:10px;\n}\n#StaticHtml_56 .search {\n}\n#StaticHtml_56 .subscribe {\n	background:black;\n	color:white;\n}', 'Cinar.CMS.Serialization\nInnerHtml,229,<a href="/Default.aspx"><img src="/UserFiles/Images/design/logo.jpg" border="0"/></a>\n\n<div class="headerMenu">\n<div class="subscribe tab">Subscribe</div>\n<div class="search tab">Search</div>\n<div style="clear:both"></div>\n</div>LangId1,1,0InnerHtml1,0,LangId2,1,0InnerHtml2,0,LangId3,1,0InnerHtml3,0,Id,2,56Template,15,AuthorList.aspxRegion,6,HeaderOrderNo,1,1Name,10,StaticHtmlCSS,307,#StaticHtml_56 {\n}\n\n#StaticHtml_56 .headerMenu { border-bottom:1px solid black}\n#StaticHtml_56 .tab {\n	border:1pxlid black; \n	border-bottom:none;\n	float:right; \n	padding:5px 20px;\n	cursor:pointer;\n	margin-left:10px;\n}\n#StaticHtml_56 .search {\n}\n#StaticHtml_56 .subscribe {\n	background:black;\n	color:white;\n}TopHtml,0,BottomHtml,0,ParentModuleId,2,55CSSClass,0,UseCache,7,DefaultCacheLifeTime,1,0', NULL, NULL, 55, NULL, 'Default', NULL),
(60, 'AuthorList.aspx', 'Footer', 0, 'ContentListByTag', '#ContentListByTag_60 div.title {\n	border-bottom:1px solid black;\n	padding:50px 0px 5px 65px;\n	margin-bottom:30px;\n}\n\n#ContentListByTag_60 div.paging {\n	float:left;\n	width:60px;\n	height:120px;\n	background-repeat:no-repeat;\n}\n\n#ContentListByTag_60 .cerceve {\n	float:left;\n	width:855px;\n	border: 1px solid #efefef;\n\n}\n\n#ContentListByTag_60 div.clItem {\n	float:left;\n	margin:0px 5px 5px 0px;\n}\n', 'Cinar.CMS.Serialization\nFilter,16,AuthorId=@AuthorHowManyItems,2,10SkipFirst,1,0Random,1,0OrderBy,19,Content.PublishDateAscending,5,FalseShowPictureLeftRight,5,FalseShowCurrentContent,4,TrueShowFirstItemWithPicture,5,FalseWhichPicture,15,Content.PicturePictureWidth,1,0PictureHeight,3,120BulletIcon,0,TitleLength,2,50DescriptionLength,3,150DateFormat,12,dd MMMM yyyyFieldOrder,5,imageCreateLink,4,TrueLinkTarget,0,ShowDescriptionAsLink,5,FalseUseTemplate,0,ForceToUseTemplate,5,FalseMoreLink,0,DisplayAsTable,5,FalseCols,1,1EncloseWithDiv,5,FalseId,2,60Template,15,AuthorList.aspxRegion,6,FooterOrderNo,1,0Name,16,ContentListByTagCSS,390,#ContentListByTag_60 div.title {\n	border-bottom:1px solid black;\n	padding:50px 0px 5px 65px;\n	margin-bottom:30px;\n}\n\n#ContentListByTag_60 div.paging {\n	float:left;\n	width:60px;\n	height:120px;\n	background-repeat:no-repeat;\n}\n\n#ContentListByTag_60 .cerceve {\n	float:left;\n	width:855px;\n	border: 1px solid #efefef;\n\n}\n\n#ContentListByTag_60 div.clItem {\n	float:left;\n	margin:0px 5px 5px 0px;\n}\nTopHtml,182,<div class="title">ARCHIVE</div>\n\n<div class="paging" style="background-image:url(/UserFiles/Images/design/prev.png); background-position:right center;"></div>\n\n<div class="cerceve">BottomHtml,163,</div>\n<div class="paging"  style="background-image:url(/UserFiles/Images/design/next.png); background-position:left center;"></div>\n<div style="clear:both"></div>ParentModuleId,1,0CSSClass,0,UseCache,7,DefaultCacheLifeTime,1,0', NULL, NULL, 0, NULL, 'Default', NULL),
(61, 'AuthorList.aspx', 'Footer', 1, 'RegionRepeater', '', 'Cinar.CMS.Serialization\nId,2,61Template,15,AuthorList.aspxRegion,6,FooterOrderNo,1,1Name,14,RegionRepeaterCSS,0,TopHtml,0,BottomHtml,0,ParentModuleId,1,0CSSClass,0,UseCache,7,DefaultCacheLifeTime,1,0RegionToCopy,6,FooterPage,12,Default.aspx', NULL, NULL, 0, NULL, 'Default', NULL),
(62, 'AuthorList.aspx', 'Footer', 2, 'StaticHtml', '#StaticHtml_62 {\n	border-top:1px solid black;\n	text-align:center;\n	font-weight:bold;\n	padding:4px;\n	margin-top:10px;\n	clear:both;\n	margin-top:30px;\n}\n', 'Cinar.CMS.Serialization\nInnerHtml,134,<a href="">ABOUT US</a> &nbsp; &nbsp; &nbsp;\n<a href="">CONTACT US</a> &nbsp; &nbsp; &nbsp;\n<a href="">(C) 2011 BLANK-MAGAZINE.COM</a>LangId1,1,0InnerHtml1,0,LangId2,1,0InnerHtml2,0,LangId3,1,0InnerHtml3,0,Id,2,62Template,15,AuthorList.aspxRegion,6,FooterOrderNo,1,2Name,10,StaticHtmlCSS,150,#StaticHtml_62 {\n	border-top:1px solid black;\n	text-align:center;\n	font-weight:bold;\n	padding:4px;\n	margin-top:10px;\n	clear:both;\n	margin-top:30px;\n}\nTopHtml,0,BottomHtml,0,ParentModuleId,2,61CSSClass,0,UseCache,7,DefaultCacheLifeTime,1,0', NULL, NULL, 61, NULL, 'Default', NULL),
(63, 'AuthorList.aspx', 'Content', 1, 'ContentListByTag', '#ContentListByTag_63 .extraItemDiv {\n	border:1px solid #E5E5E5;\n	margin-top:10px;\n	background:#F4F1E8;\n	padding: 12px 24px 24px 24px;\n\n	-moz-box-shadow: 3px 3px 4px #E5E5E5;\n	-webkit-box-shadow: 3px 3px 4px #E5E5E5;\n	box-shadow: 3px 3px 4px #E5E5E5;\n	/* For IE 8 */\n	-ms-filter: "progid:DXImageTransform.Microsoft.Shadow(Strength=4, Direction=135, Color=''#E5E5E5'')";\n	/* For IE 5.5 - 7 */\n	filter: progid:DXImageTransform.Microsoft.Shadow(Strength=4, Direction=135, Color=''#E5E5E5'');\n}\n#ContentListByTag_63 img.pic {\n}\n#ContentListByTag_63 div.clItem {\n	padding:24px;\n	background:white;\n}\n#ContentListByTag_63 div.clTitle {\n	font-weight:bold;\n	font-size:16px;\n	border-bottom:1px solid #CFCFCF;\n	padding-bottom:8px;\n}\n#ContentListByTag_63 div.clPubDate {\n	margin-bottom:24px;\n	font-size:12px;\n}\n#ContentListByTag_63 div.clMetin {\n	background:white;	\n}', 'Cinar.CMS.Serialization\nFilter,0,HowManyItems,1,2SkipFirst,1,0Random,1,0OrderBy,19,Content.PublishDateAscending,5,FalseShowPictureLeftRight,5,FalseShowCurrentContent,4,TrueShowFirstItemWithPicture,5,FalseWhichPicture,15,Content.PicturePictureWidth,3,636PictureHeight,1,0BulletIcon,0,TitleLength,2,50DescriptionLength,3,150DateFormat,12,dd MMMM yyyyFieldOrder,16,title,date,imageCreateLink,4,TrueLinkTarget,0,ShowDescriptionAsLink,5,FalseUseTemplate,0,ForceToUseTemplate,5,FalseMoreLink,0,DisplayAsTable,5,FalseCols,1,1EncloseWithDiv,4,TrueId,2,63Template,15,AuthorList.aspxRegion,7,ContentOrderNo,1,1Name,16,ContentListByTagCSS,850,#ContentListByTag_63 .extraItemDiv {\n	border:1px solid #E5E5E5;\n	margin-top:10px;\n	background:#F4F1E8;\n	padding: 12px 24px 24px 24px;\n\n	-moz-box-shadow: 3px 3px 4px #E5E5E5;\n	-webkit-box-shadow: 3px 3px 4px #E5E5E5;\n	box-shadow: 3px 3px 4px #E5E5E5;\n	/* For IE 8 */\n	-ms-filter: "progid:DXImageTransform.Microsoft.Shadow(Strength=4, Direction=135, Color=''#E5E5E5'')";\n	/* For IE 5.5 - 7 */\n	filter: progid:DXImageTransform.Microsoft.Shadow(Strength=4, Direction=135, Color=''#E5E5E5'');\n}\n#ContentListByTag_63 img.pic {\n}\n#ContentListByTag_63 div.clItem {\n	padding:24px;\n	background:white;\n}\n#ContentListByTag_63 div.clTitle {\n	font-weight:bold;\n	font-size:16px;\n	border-bottom:1px solid #CFCFCF;\n	padding-bottom:8px;\n}\n#ContentListByTag_63 div.clPubDate {\n	margin-bottom:24px;\n	font-size:12px;\n}\n#ContentListByTag_63 div.clMetin {\n	background:white;	\n}TopHtml,0,BottomHtml,0,ParentModuleId,1,0CSSClass,0,UseCache,7,DefaultCacheLifeTime,1,0', NULL, NULL, 0, NULL, 'Default', NULL),
(64, 'AuthorList.aspx', 'ContentLeft', 0, 'RegionRepeater', '', 'Cinar.CMS.Serialization\nId,2,64Template,15,AuthorList.aspxRegion,11,ContentLeftOrderNo,1,0Name,14,RegionRepeaterCSS,0,TopHtml,0,BottomHtml,0,ParentModuleId,1,0CSSClass,0,UseCache,7,DefaultCacheLifeTime,1,0RegionToCopy,11,ContentLeftPage,11,Author.aspx', NULL, NULL, 0, NULL, 'Default', NULL),
(81, 'Other.aspx', 'Content', 0, 'ContentDisplay', '#ContentDisplay_81 {\n	margin:120px 250px;\n}\n', 'Cinar.CMS.Serialization\nFieldOrder,4,textDateFormat,12,dd MMMM yyyyFilter,0,TagTemplate,0,Id,2,81Template,10,Other.aspxRegion,7,ContentOrderNo,1,0Name,14,ContentDisplayCSS,44,#ContentDisplay_81 {\n	margin:120px 250px;\n}\nTopHtml,0,BottomHtml,0,ParentModuleId,1,0CSSClass,0,UseCache,7,DefaultCacheLifeTime,1,0', NULL, NULL, 0, NULL, 'Default', NULL),
(82, 'Default.aspx', 'Header', 1, 'SearchForm', '#SearchForm_82 {\n	position:absolute;\n	right:147px;\n	top:156px;\n}\n#SearchForm_82 input.searchText {\n	border:none;\n	width:114px;\n}\n\n', 'Cinar.CMS.Serialization\nResultsPage,11,Search.aspxId,2,82Template,12,Default.aspxRegion,6,HeaderOrderNo,1,1Name,10,SearchFormCSS,130,#SearchForm_82 {\n	position:absolute;\n	right:147px;\n	top:156px;\n}\n#SearchForm_82 input.searchText {\n	border:none;\n	width:114px;\n}\n\nTopHtml,273,<script>\nElement.observe(document, ''dom:loaded'', function(){\n	var sf = $(''SearchForm_82'');\n	sf.hide();\n	$(''searchTab'').on(''click'', function(){\n		sf.show();\n		sf.down(''.searchText'').focus();\n	});\n	sf.down(''.searchText'').on(''blur'', function(){\n		sf.hide();\n	});\n});\n</script>BottomHtml,0,ParentModuleId,1,0CSSClass,0,UseCache,7,DefaultCacheLifeTime,1,0', NULL, NULL, 0, NULL, 'Default', NULL),
(83, 'Other.aspx', 'Header', 0, 'RegionRepeater', '', 'Cinar.CMS.Serialization\nPage,12,Default.aspxRegionToCopy,6,HeaderId,2,83Template,10,Other.aspxRegion,6,HeaderOrderNo,1,0Name,14,RegionRepeaterCSS,0,TopHtml,0,BottomHtml,0,ParentModuleId,1,0CSSClass,0,UseCache,7,DefaultCacheLifeTime,1,0', NULL, NULL, 0, NULL, 'Default', NULL),
(84, 'Other.aspx', 'Footer', 0, 'RegionRepeater', '', 'Cinar.CMS.Serialization\nPage,12,Default.aspxRegionToCopy,6,FooterId,2,84Template,10,Other.aspxRegion,6,FooterOrderNo,1,0Name,14,RegionRepeaterCSS,0,TopHtml,0,BottomHtml,0,ParentModuleId,1,0CSSClass,0,UseCache,7,DefaultCacheLifeTime,1,0', NULL, NULL, 0, NULL, 'Default', NULL),
(86, 'Search.aspx', 'Header', 0, 'RegionRepeater', '', 'Cinar.CMS.Serialization\nPage,12,Default.aspxRegionToCopy,6,HeaderId,2,86Template,11,Search.aspxRegion,6,HeaderOrderNo,1,0Name,14,RegionRepeaterCSS,0,TopHtml,0,BottomHtml,0,ParentModuleId,1,0CSSClass,0,UseCache,7,DefaultCacheLifeTime,1,0', NULL, NULL, 0, NULL, 'Default', NULL),
(87, 'Search.aspx', 'Header', 1, 'StaticHtml', '#StaticHtml_87 {\n}\n\n#StaticHtml_87 .headerMenu { border-bottom:1px solid black}\n#StaticHtml_87 .tab {\n	border:1px solid black; \n	border-bottom:none;\n	float:right; \n	padding:2px 40px;\n	cursor:pointer;\n	margin-left:10px;\n}\n#StaticHtml_87 .search {\n}\n#StaticHtml_87 .subscribe {\n	background:black;\n	color:white;\n}', 'Cinar.CMS.Serialization\nInnerHtml,244,<a href="/Default.aspx"><img src="/UserFiles/Images/design/logo.jpg" border="0"/></a>\n\n<div class="headerMenu">\n<div class="subscribe tab">Subscribe</div>\n<div class="search tab" id="searchTab">Search</div>\n<div style="clear:both"></div>\n</div>LangId1,1,0InnerHtml1,0,LangId2,1,0InnerHtml2,0,LangId3,1,0InnerHtml3,0,Id,2,87Template,11,Search.aspxRegion,6,HeaderOrderNo,1,1Name,10,StaticHtmlCSS,310,#StaticHtml_87 {\n}\n\n#StaticHtml_87 .headerMenu { border-bottom:1px solid black}\n#StaticHtml_87 .tab {\n	border:1px solid black; \n	border-bottom:none;\n	float:right; \n	padding:2px 40px;\n	cursor:pointer;\n	margin-left:10px;\n}\n#StaticHtml_87 .search {\n}\n#StaticHtml_87 .subscribe {\n	background:black;\n	color:white;\n}TopHtml,0,BottomHtml,0,ParentModuleId,2,86CSSClass,0,UseCache,7,DefaultCacheLifeTime,1,0', NULL, NULL, 86, NULL, 'Default', NULL),
(88, 'Search.aspx', 'Header', 2, 'SearchForm', '#SearchForm_88 {\n	position:absolute;\n	right:147px;\n	top:156px;\n}\n#SearchForm_88 input.searchText {\n	border:none;\n	width:114px;\n}\n\n', 'Cinar.CMS.Serialization\nResultsPage,0,Id,2,88Template,11,Search.aspxRegion,6,HeaderOrderNo,1,2Name,10,SearchFormCSS,130,#SearchForm_88 {\n	position:absolute;\n	right:147px;\n	top:156px;\n}\n#SearchForm_88 input.searchText {\n	border:none;\n	width:114px;\n}\n\nTopHtml,273,<script>\nElement.observe(document, ''dom:loaded'', function(){\n	var sf = $(''SearchForm_82'');\n	sf.hide();\n	$(''searchTab'').on(''click'', function(){\n		sf.show();\n		sf.down(''.searchText'').focus();\n	});\n	sf.down(''.searchText'').on(''blur'', function(){\n		sf.hide();\n	});\n});\n</script>BottomHtml,0,ParentModuleId,2,86CSSClass,0,UseCache,7,DefaultCacheLifeTime,1,0', NULL, NULL, 86, NULL, 'Default', NULL),
(89, 'Search.aspx', 'Footer', 0, 'RegionRepeater', '', 'Cinar.CMS.Serialization\nPage,12,Default.aspxRegionToCopy,6,FooterId,2,89Template,11,Search.aspxRegion,6,FooterOrderNo,1,0Name,14,RegionRepeaterCSS,0,TopHtml,0,BottomHtml,0,ParentModuleId,1,0CSSClass,0,UseCache,7,DefaultCacheLifeTime,1,0', NULL, NULL, 0, NULL, 'Default', NULL),
(90, 'Search.aspx', 'Footer', 1, 'StaticHtml', '#StaticHtml_90 {\n	border-top:1px solid black;\n	text-align:center;\n	font-weight:bold;\n	padding:4px;\n	margin-top:10px;\n	clear:both;\n	margin-top:30px;\n}\n', 'Cinar.CMS.Serialization\nInnerHtml,173,<a href="/Other.aspx?item=33">ABOUT US</a> &nbsp; &nbsp; &nbsp;\n<a href="/Other.aspx?item=34">CONTACT US</a> &nbsp; &nbsp; &nbsp;\n<a href="/">(C) 2011 BLANK-MAGAZINE.COM</a>LangId1,1,0InnerHtml1,0,LangId2,1,0InnerHtml2,0,LangId3,1,0InnerHtml3,0,Id,2,90Template,11,Search.aspxRegion,6,FooterOrderNo,1,1Name,10,StaticHtmlCSS,150,#StaticHtml_90 {\n	border-top:1px solid black;\n	text-align:center;\n	font-weight:bold;\n	padding:4px;\n	margin-top:10px;\n	clear:both;\n	margin-top:30px;\n}\nTopHtml,0,BottomHtml,0,ParentModuleId,2,89CSSClass,0,UseCache,7,DefaultCacheLifeTime,1,0', NULL, NULL, 89, NULL, 'Default', NULL),
(91, 'Author.aspx', 'Header', 0, 'RegionRepeater', '', 'Cinar.CMS.Serialization\nId,2,91Template,11,Author.aspxRegion,6,HeaderOrderNo,1,0Name,14,RegionRepeaterCSS,0,TopHtml,0,BottomHtml,0,ParentModuleId,1,0CSSClass,0,UseCache,7,DefaultCacheLifeTime,1,0RegionToCopy,6,HeaderPage,12,Default.aspx', NULL, NULL, 0, NULL, 'Default', NULL),
(92, 'Search.aspx', 'Content', 0, 'SearchResults', '#SearchResults_92 {\n}\n#SearchResults_92 div.paging {\n	background:#0C51B1;\n	font-weight:bold;\n	padding:4px;\n	text-align:center}\n#SearchResults_92 div.paging a {\n	color:white}\n#SearchResults_92 div.resultItem {\n}\n#SearchResults_92 div.title {\n	font-weight:bold}\n#SearchResults_92 div.desc {\n}\n', 'Cinar.CMS.Serialization\nEntityName,7,ContentFilter,0,HowManyItems,2,30OrderBy,2,IdAscending,5,FalseDataTemplate,166,<div class="resultItem"><div class="title"><a href="$=entity.PageLink$?item=$=entity.Id$">$=entity.Title$</a></div><div class="desc">$=entity.Description$</div></div>PictureWidth,1,0PictureHeight,1,0DisplayAsTable,5,FalseCols,1,1EncloseWithDiv,5,FalseId,2,92Template,11,Search.aspxRegion,7,ContentOrderNo,1,0Name,13,SearchResultsCSS,291,#SearchResults_92 {\n}\n#SearchResults_92 div.paging {\n	background:#0C51B1;\n	font-weight:bold;\n	padding:4px;\n	text-align:center}\n#SearchResults_92 div.paging a {\n	color:white}\n#SearchResults_92 div.resultItem {\n}\n#SearchResults_92 div.title {\n	font-weight:bold}\n#SearchResults_92 div.desc {\n}\nTopHtml,0,BottomHtml,0,ParentModuleId,1,0CSSClass,0,UseCache,7,DefaultCacheLifeTime,1,0', NULL, NULL, 0, NULL, 'Default', NULL),
(93, 'Love.aspx', 'Header', 0, 'RegionRepeater', '', 'Cinar.CMS.Serialization\nPage,12,Default.aspxRegionToCopy,6,HeaderId,2,93Template,9,Love.aspxRegion,6,HeaderOrderNo,1,0Name,14,RegionRepeaterCSS,0,TopHtml,0,BottomHtml,0,ParentModuleId,1,0CSSClass,0,UseCache,7,DefaultCacheLifeTime,1,0', NULL, NULL, 0, NULL, 'Default', NULL),
(94, 'Love.aspx', 'Header', 1, 'StaticHtml', '#StaticHtml_94 {\n}\n\n#StaticHtml_94 .headerMenu { border-bottom:1px solid black}\n#StaticHtml_94 .tab {\n	border:1px solid black; \n	border-bottom:none;\n	float:right; \n	padding:2px 40px;\n	cursor:pointer;\n	margin-left:10px;\n}\n#StaticHtml_94 .search {\n}\n#StaticHtml_94 .subscribe {\n	background:black;\n	color:white;\n}', 'Cinar.CMS.Serialization\nInnerHtml,244,<a href="/Default.aspx"><img src="/UserFiles/Images/design/logo.jpg" border="0"/></a>\n\n<div class="headerMenu">\n<div class="subscribe tab">Subscribe</div>\n<div class="search tab" id="searchTab">Search</div>\n<div style="clear:both"></div>\n</div>LangId1,1,0InnerHtml1,0,LangId2,1,0InnerHtml2,0,LangId3,1,0InnerHtml3,0,Id,2,94Template,9,Love.aspxRegion,6,HeaderOrderNo,1,1Name,10,StaticHtmlCSS,310,#StaticHtml_94 {\n}\n\n#StaticHtml_94 .headerMenu { border-bottom:1px solid black}\n#StaticHtml_94 .tab {\n	border:1px solid black; \n	border-bottom:none;\n	float:right; \n	padding:2px 40px;\n	cursor:pointer;\n	margin-left:10px;\n}\n#StaticHtml_94 .search {\n}\n#StaticHtml_94 .subscribe {\n	background:black;\n	color:white;\n}TopHtml,0,BottomHtml,0,ParentModuleId,2,93CSSClass,0,UseCache,7,DefaultCacheLifeTime,1,0', NULL, NULL, 93, NULL, 'Default', NULL),
(95, 'Love.aspx', 'Header', 2, 'SearchForm', '#SearchForm_95 {\n	position:absolute;\n	right:147px;\n	top:156px;\n}\n#SearchForm_95 input.searchText {\n	border:none;\n	width:114px;\n}\n\n', 'Cinar.CMS.Serialization\nResultsPage,11,Search.aspxId,2,95Template,9,Love.aspxRegion,6,HeaderOrderNo,1,2Name,10,SearchFormCSS,130,#SearchForm_95 {\n	position:absolute;\n	right:147px;\n	top:156px;\n}\n#SearchForm_95 input.searchText {\n	border:none;\n	width:114px;\n}\n\nTopHtml,273,<script>\nElement.observe(document, ''dom:loaded'', function(){\n	var sf = $(''SearchForm_82'');\n	sf.hide();\n	$(''searchTab'').on(''click'', function(){\n		sf.show();\n		sf.down(''.searchText'').focus();\n	});\n	sf.down(''.searchText'').on(''blur'', function(){\n		sf.hide();\n	});\n});\n</script>BottomHtml,0,ParentModuleId,2,93CSSClass,0,UseCache,7,DefaultCacheLifeTime,1,0', NULL, NULL, 93, NULL, 'Default', NULL),
(96, 'Love.aspx', 'Footer', 0, 'RegionRepeater', '', 'Cinar.CMS.Serialization\nPage,12,Default.aspxRegionToCopy,6,FooterId,2,96Template,9,Love.aspxRegion,6,FooterOrderNo,1,0Name,14,RegionRepeaterCSS,0,TopHtml,0,BottomHtml,0,ParentModuleId,1,0CSSClass,0,UseCache,7,DefaultCacheLifeTime,1,0', NULL, NULL, 0, NULL, 'Default', NULL),
(97, 'Love.aspx', 'Footer', 1, 'StaticHtml', '#StaticHtml_97 {\n	border-top:1px solid black;\n	text-align:center;\n	font-weight:bold;\n	padding:4px;\n	margin-top:10px;\n	clear:both;\n	margin-top:30px;\n}\n', 'Cinar.CMS.Serialization\nInnerHtml,173,<a href="/Other.aspx?item=33">ABOUT US</a> &nbsp; &nbsp; &nbsp;\n<a href="/Other.aspx?item=34">CONTACT US</a> &nbsp; &nbsp; &nbsp;\n<a href="/">(C) 2011 BLANK-MAGAZINE.COM</a>LangId1,1,0InnerHtml1,0,LangId2,1,0InnerHtml2,0,LangId3,1,0InnerHtml3,0,Id,2,97Template,9,Love.aspxRegion,6,FooterOrderNo,1,1Name,10,StaticHtmlCSS,150,#StaticHtml_97 {\n	border-top:1px solid black;\n	text-align:center;\n	font-weight:bold;\n	padding:4px;\n	margin-top:10px;\n	clear:both;\n	margin-top:30px;\n}\nTopHtml,0,BottomHtml,0,ParentModuleId,2,96CSSClass,0,UseCache,7,DefaultCacheLifeTime,1,0', NULL, NULL, 96, NULL, 'Default', NULL),
(100, 'Love.aspx', 'Content', 0, 'DataList', '#DataList_100 {\n	margin:15px 0px;\n	border:1px solid #E0E0E0;\n	padding:40px;\n	text-align:center;\n}\n#DataList_100 div.paging {\n	font-weight:bold;\n	padding:4px;\n	text-align:center;\n	margin-top:50px;\n}\n#DataList_100 div.paging a {\n	text-transform:uppercase;\n}\n#DataList_100 div.paging a.prev {\n	float:left;\n}\n#DataList_100 div.paging a.next {\n	float:right;\n}\n', 'Cinar.CMS.Serialization\nEntityName,7,ContentFilter,9,Picture<>HowManyItems,2,20OrderBy,2,IdAscending,5,FalseDataTemplate,230,<img \n	src="$=this.ThumbPicture$" \n	path="$=entity.Picture$" \n	like=''$=entity.ViewCount$'' \n	title=''$=Context.Server.HtmlEncode(entity.Title)$'' \n	desc=''$=Context.Server.HtmlEncode(entity.Description)$'' \n	width="160" height="160"/> PictureWidth,3,180PictureHeight,3,180DisplayAsTable,5,FalseCols,1,1EncloseWithDiv,5,FalseId,3,100Template,9,Love.aspxRegion,7,ContentOrderNo,1,0Name,8,DataListCSS,355,#DataList_100 {\n	margin:15px 0px;\n	border:1px solid #E0E0E0;\n	padding:40px;\n	text-align:center;\n}\n#DataList_100 div.paging {\n	font-weight:bold;\n	padding:4px;\n	text-align:center;\n	margin-top:50px;\n}\n#DataList_100 div.paging a {\n	text-transform:uppercase;\n}\n#DataList_100 div.paging a.prev {\n	float:left;\n}\n#DataList_100 div.paging a.next {\n	float:right;\n}\nTopHtml,0,BottomHtml,0,ParentModuleId,1,0CSSClass,15,gogPop lightBoxUseCache,7,DefaultCacheLifeTime,1,0', NULL, NULL, 0, NULL, 'Default', NULL),
(101, 'City.aspx', 'Header', 0, 'RegionRepeater', '', 'Cinar.CMS.Serialization\nPage,12,Default.aspxRegionToCopy,6,HeaderId,3,101Template,9,City.aspxRegion,6,HeaderOrderNo,1,0Name,14,RegionRepeaterCSS,0,TopHtml,0,BottomHtml,0,ParentModuleId,1,0CSSClass,0,UseCache,7,DefaultCacheLifeTime,1,0', NULL, NULL, 0, NULL, 'Default', NULL),
(102, 'City.aspx', 'Header', 1, 'StaticHtml', '#StaticHtml_102 {\n}\n\n#StaticHtml_102 .headerMenu { border-bottom:1px solid black}\n#StaticHtml_102 .tab {\n	border:1px solid black; \n	border-bottom:none;\n	float:right; \n	padding:2px 40px;\n	cursor:pointer;\n	margin-left:10px;\n}\n#StaticHtml_102 .search {\n}\n#StaticHtml_102 .subscribe {\n	background:black;\n	color:white;\n}', 'Cinar.CMS.Serialization\nInnerHtml,244,<a href="/Default.aspx"><img src="/UserFiles/Images/design/logo.jpg" border="0"/></a>\n\n<div class="headerMenu">\n<div class="subscribe tab">Subscribe</div>\n<div class="search tab" id="searchTab">Search</div>\n<div style="clear:both"></div>\n</div>LangId1,1,0InnerHtml1,0,LangId2,1,0InnerHtml2,0,LangId3,1,0InnerHtml3,0,Id,3,102Template,9,City.aspxRegion,6,HeaderOrderNo,1,1Name,10,StaticHtmlCSS,315,#StaticHtml_102 {\n}\n\n#StaticHtml_102 .headerMenu { border-bottom:1px solid black}\n#StaticHtml_102 .tab {\n	border:1px solid black; \n	border-bottom:none;\n	float:right; \n	padding:2px 40px;\n	cursor:pointer;\n	margin-left:10px;\n}\n#StaticHtml_102 .search {\n}\n#StaticHtml_102 .subscribe {\n	background:black;\n	color:white;\n}TopHtml,0,BottomHtml,0,ParentModuleId,3,101CSSClass,0,UseCache,7,DefaultCacheLifeTime,1,0', NULL, NULL, 101, NULL, 'Default', NULL),
(103, 'City.aspx', 'Header', 2, 'SearchForm', '#SearchForm_103 {\n	position:absolute;\n	right:147px;\n	top:156px;\n}\n#SearchForm_103 input.searchText {\n	border:none;\n	width:114px;\n}\n\n', 'Cinar.CMS.Serialization\nResultsPage,11,Search.aspxId,3,103Template,9,City.aspxRegion,6,HeaderOrderNo,1,2Name,10,SearchFormCSS,132,#SearchForm_103 {\n	position:absolute;\n	right:147px;\n	top:156px;\n}\n#SearchForm_103 input.searchText {\n	border:none;\n	width:114px;\n}\n\nTopHtml,273,<script>\nElement.observe(document, ''dom:loaded'', function(){\n	var sf = $(''SearchForm_82'');\n	sf.hide();\n	$(''searchTab'').on(''click'', function(){\n		sf.show();\n		sf.down(''.searchText'').focus();\n	});\n	sf.down(''.searchText'').on(''blur'', function(){\n		sf.hide();\n	});\n});\n</script>BottomHtml,0,ParentModuleId,3,101CSSClass,0,UseCache,7,DefaultCacheLifeTime,1,0', NULL, NULL, 101, NULL, 'Default', NULL),
(104, 'City.aspx', 'Footer', 0, 'RegionRepeater', '', 'Cinar.CMS.Serialization\nPage,12,Default.aspxRegionToCopy,6,FooterId,3,104Template,9,City.aspxRegion,6,FooterOrderNo,1,0Name,14,RegionRepeaterCSS,0,TopHtml,0,BottomHtml,0,ParentModuleId,1,0CSSClass,0,UseCache,7,DefaultCacheLifeTime,1,0', NULL, NULL, 0, NULL, 'Default', NULL),
(105, 'City.aspx', 'Footer', 1, 'StaticHtml', '#StaticHtml_105 {\n	border-top:1px solid black;\n	text-align:center;\n	font-weight:bold;\n	padding:4px;\n	margin-top:10px;\n	clear:both;\n	margin-top:30px;\n}\n', 'Cinar.CMS.Serialization\nInnerHtml,173,<a href="/Other.aspx?item=33">ABOUT US</a> &nbsp; &nbsp; &nbsp;\n<a href="/Other.aspx?item=34">CONTACT US</a> &nbsp; &nbsp; &nbsp;\n<a href="/">(C) 2011 BLANK-MAGAZINE.COM</a>LangId1,1,0InnerHtml1,0,LangId2,1,0InnerHtml2,0,LangId3,1,0InnerHtml3,0,Id,3,105Template,9,City.aspxRegion,6,FooterOrderNo,1,1Name,10,StaticHtmlCSS,151,#StaticHtml_105 {\n	border-top:1px solid black;\n	text-align:center;\n	font-weight:bold;\n	padding:4px;\n	margin-top:10px;\n	clear:both;\n	margin-top:30px;\n}\nTopHtml,0,BottomHtml,0,ParentModuleId,3,104CSSClass,0,UseCache,7,DefaultCacheLifeTime,1,0', NULL, NULL, 104, NULL, 'Default', NULL),
(107, 'City.aspx', 'ContentLeft', 0, 'ContentListByFilter', '', 'Cinar.CMS.Serialization\nFilter,12,CategoryId=3HowManyItems,1,2SkipFirst,1,0Random,1,0OrderBy,19,Content.PublishDateAscending,5,FalseShowPictureLeftRight,5,FalseShowCurrentContent,5,FalseShowFirstItemWithPicture,5,FalseWhichPicture,15,Content.PicturePictureWidth,3,214PictureHeight,1,0BulletIcon,0,TitleLength,2,50DescriptionLength,3,150DateFormat,12,dd MMMM yyyyFieldOrder,23,image,title,descriptionCreateLink,4,TrueLinkTarget,0,ShowDescriptionAsLink,5,FalseUseTemplate,0,ForceToUseTemplate,5,FalseMoreLink,0,DisplayAsTable,5,FalseCols,1,1EncloseWithDiv,5,FalseId,3,107Template,9,City.aspxRegion,11,ContentLeftOrderNo,1,0Name,19,ContentListByFilterCSS,0,TopHtml,0,BottomHtml,0,ParentModuleId,1,0CSSClass,23,vitrin solda toogleDescUseCache,7,DefaultCacheLifeTime,1,0', NULL, NULL, 0, NULL, 'Default', NULL),
(109, 'City.aspx', 'Content', 0, 'ContentListByFilter', '', 'Cinar.CMS.Serialization\nFilter,12,CategoryId=3HowManyItems,1,4SkipFirst,1,2Random,1,0OrderBy,19,Content.PublishDateAscending,5,FalseShowPictureLeftRight,5,FalseShowCurrentContent,5,FalseShowFirstItemWithPicture,5,FalseWhichPicture,15,Content.PicturePictureWidth,3,214PictureHeight,1,0BulletIcon,0,TitleLength,2,50DescriptionLength,3,150DateFormat,12,dd MMMM yyyyFieldOrder,23,image,title,descriptionCreateLink,4,TrueLinkTarget,0,ShowDescriptionAsLink,5,FalseUseTemplate,0,ForceToUseTemplate,5,FalseMoreLink,0,DisplayAsTable,5,FalseCols,1,1EncloseWithDiv,5,FalseId,3,109Template,9,City.aspxRegion,7,ContentOrderNo,1,0Name,19,ContentListByFilterCSS,0,TopHtml,0,BottomHtml,0,ParentModuleId,1,0CSSClass,23,vitrin solda toogleDescUseCache,7,DefaultCacheLifeTime,1,0', NULL, NULL, 0, NULL, 'Default', NULL),
(110, 'City.aspx', 'Content2', 0, 'ContentListByFilter', '', 'Cinar.CMS.Serialization\nFilter,12,CategoryId=3HowManyItems,1,6SkipFirst,1,4Random,1,0OrderBy,19,Content.PublishDateAscending,5,FalseShowPictureLeftRight,5,FalseShowCurrentContent,5,FalseShowFirstItemWithPicture,5,FalseWhichPicture,15,Content.PicturePictureWidth,3,214PictureHeight,1,0BulletIcon,0,TitleLength,2,50DescriptionLength,3,150DateFormat,12,dd MMMM yyyyFieldOrder,23,image,title,descriptionCreateLink,4,TrueLinkTarget,0,ShowDescriptionAsLink,5,FalseUseTemplate,0,ForceToUseTemplate,5,FalseMoreLink,0,DisplayAsTable,5,FalseCols,1,1EncloseWithDiv,5,FalseId,3,110Template,9,City.aspxRegion,8,Content2OrderNo,1,0Name,19,ContentListByFilterCSS,0,TopHtml,0,BottomHtml,0,ParentModuleId,1,0CSSClass,23,vitrin solda toogleDescUseCache,7,DefaultCacheLifeTime,1,0', NULL, NULL, 0, NULL, 'Default', NULL),
(111, 'City.aspx', 'ContentRight', 0, 'ContentListByFilter', '', 'Cinar.CMS.Serialization\nFilter,12,CategoryId=3HowManyItems,1,8SkipFirst,1,6Random,1,0OrderBy,19,Content.PublishDateAscending,5,FalseShowPictureLeftRight,5,FalseShowCurrentContent,5,FalseShowFirstItemWithPicture,5,FalseWhichPicture,15,Content.PicturePictureWidth,3,214PictureHeight,1,0BulletIcon,0,TitleLength,2,50DescriptionLength,3,150DateFormat,12,dd MMMM yyyyFieldOrder,23,image,title,descriptionCreateLink,4,TrueLinkTarget,0,ShowDescriptionAsLink,5,FalseUseTemplate,0,ForceToUseTemplate,5,FalseMoreLink,0,DisplayAsTable,5,FalseCols,1,1EncloseWithDiv,5,FalseId,3,111Template,9,City.aspxRegion,12,ContentRightOrderNo,1,0Name,19,ContentListByFilterCSS,0,TopHtml,0,BottomHtml,0,ParentModuleId,1,0CSSClass,23,vitrin solda toogleDescUseCache,7,DefaultCacheLifeTime,1,0', NULL, NULL, 0, NULL, 'Default', NULL),
(112, 'Category.aspx', 'Header', 0, 'RegionRepeater', '', 'Cinar.CMS.Serialization\nId,3,112Template,13,Category.aspxRegion,6,HeaderOrderNo,1,0Name,14,RegionRepeaterCSS,0,TopHtml,0,BottomHtml,0,ParentModuleId,1,0CSSClass,0,UseCache,7,DefaultCacheLifeTime,1,0RegionToCopy,6,HeaderPage,12,Default.aspx', NULL, NULL, 0, NULL, 'Default', NULL);
INSERT INTO `module` (`Id`, `Template`, `Region`, `OrderNo`, `Name`, `CSS`, `Details`, `TopHtml`, `BottomHtml`, `ParentModuleId`, `CSSClass`, `UseCache`, `CacheLifeTime`) VALUES
(113, 'Category.aspx', 'Header', 1, 'StaticHtml', '#StaticHtml_113 {\n}\n\n#StaticHtml_113 .headerMenu { border-bottom:1px solid black}\n#StaticHtml_113 .tab {\n	border:1px solid black; \n	border-bottom:none;\n	float:right; \n	padding:2px 40px;\n	cursor:pointer;\n	margin-left:10px;\n}\n#StaticHtml_113 .search {\n}\n#StaticHtml_113 .subscribe {\n	background:black;\n	color:white;\n}', 'Cinar.CMS.Serialization\nInnerHtml,244,<a href="/Default.aspx"><img src="/UserFiles/Images/design/logo.jpg" border="0"/></a>\n\n<div class="headerMenu">\n<div class="subscribe tab">Subscribe</div>\n<div class="search tab" id="searchTab">Search</div>\n<div style="clear:both"></div>\n</div>LangId1,1,0InnerHtml1,0,LangId2,1,0InnerHtml2,0,LangId3,1,0InnerHtml3,0,Id,3,113Template,13,Category.aspxRegion,6,HeaderOrderNo,1,1Name,10,StaticHtmlCSS,315,#StaticHtml_113 {\n}\n\n#StaticHtml_113 .headerMenu { border-bottom:1px solid black}\n#StaticHtml_113 .tab {\n	border:1px solid black; \n	border-bottom:none;\n	float:right; \n	padding:2px 40px;\n	cursor:pointer;\n	margin-left:10px;\n}\n#StaticHtml_113 .search {\n}\n#StaticHtml_113 .subscribe {\n	background:black;\n	color:white;\n}TopHtml,0,BottomHtml,0,ParentModuleId,3,112CSSClass,0,UseCache,7,DefaultCacheLifeTime,1,0', NULL, NULL, 112, NULL, 'Default', NULL),
(114, 'Category.aspx', 'Header', 2, 'SearchForm', '#SearchForm_114 {\n	position:absolute;\n	right:147px;\n	top:156px;\n}\n#SearchForm_114 input.searchText {\n	border:none;\n	width:114px;\n}\n\n', 'Cinar.CMS.Serialization\nResultsPage,11,Search.aspxId,3,114Template,13,Category.aspxRegion,6,HeaderOrderNo,1,2Name,10,SearchFormCSS,132,#SearchForm_114 {\n	position:absolute;\n	right:147px;\n	top:156px;\n}\n#SearchForm_114 input.searchText {\n	border:none;\n	width:114px;\n}\n\nTopHtml,273,<script>\nElement.observe(document, ''dom:loaded'', function(){\n	var sf = $(''SearchForm_82'');\n	sf.hide();\n	$(''searchTab'').on(''click'', function(){\n		sf.show();\n		sf.down(''.searchText'').focus();\n	});\n	sf.down(''.searchText'').on(''blur'', function(){\n		sf.hide();\n	});\n});\n</script>BottomHtml,0,ParentModuleId,3,112CSSClass,0,UseCache,7,DefaultCacheLifeTime,1,0', NULL, NULL, 112, NULL, 'Default', NULL),
(115, 'Category.aspx', 'Footer', 0, 'ContentListByTag', '#ContentListByTag_115 div.title {\n	border-bottom:1px solid black;\n	padding:50px 0px 5px 65px;\n	margin-bottom:30px;\n}\n\n#ContentListByTag_115 div.paging {\n	float:left;\n	width:60px;\n	height:120px;\n	background-repeat:no-repeat;\n}\n\n#ContentListByTag_115 .cerceve {\n	float:left;\n	width:855px;\n	border: 1px solid #efefef;\n\n}\n\n#ContentListByTag_115 div.clItem {\n	float:left;\n	margin:0px 5px 5px 0px;\n}\n', 'Cinar.CMS.Serialization\nFilter,16,AuthorId=@AuthorHowManyItems,2,10SkipFirst,1,0Random,1,0OrderBy,19,Content.PublishDateAscending,5,FalseShowPictureLeftRight,5,FalseShowCurrentContent,4,TrueShowFirstItemWithPicture,5,FalseWhichPicture,15,Content.PicturePictureWidth,1,0PictureHeight,3,120BulletIcon,0,TitleLength,2,50DescriptionLength,3,150DateFormat,12,dd MMMM yyyyFieldOrder,5,imageCreateLink,4,TrueLinkTarget,0,ShowDescriptionAsLink,5,FalseUseTemplate,0,ForceToUseTemplate,5,FalseMoreLink,0,DisplayAsTable,5,FalseCols,1,1EncloseWithDiv,5,FalseId,3,115Template,13,Category.aspxRegion,6,FooterOrderNo,1,0Name,16,ContentListByTagCSS,394,#ContentListByTag_115 div.title {\n	border-bottom:1px solid black;\n	padding:50px 0px 5px 65px;\n	margin-bottom:30px;\n}\n\n#ContentListByTag_115 div.paging {\n	float:left;\n	width:60px;\n	height:120px;\n	background-repeat:no-repeat;\n}\n\n#ContentListByTag_115 .cerceve {\n	float:left;\n	width:855px;\n	border: 1px solid #efefef;\n\n}\n\n#ContentListByTag_115 div.clItem {\n	float:left;\n	margin:0px 5px 5px 0px;\n}\nTopHtml,182,<div class="title">ARCHIVE</div>\n\n<div class="paging" style="background-image:url(/UserFiles/Images/design/prev.png); background-position:right center;"></div>\n\n<div class="cerceve">BottomHtml,163,</div>\n<div class="paging"  style="background-image:url(/UserFiles/Images/design/next.png); background-position:left center;"></div>\n<div style="clear:both"></div>ParentModuleId,1,0CSSClass,0,UseCache,7,DefaultCacheLifeTime,1,0', NULL, NULL, 0, NULL, 'Default', NULL),
(116, 'Category.aspx', 'ContentLeft', 0, 'RegionRepeater', '', 'Cinar.CMS.Serialization\nId,3,116Template,13,Category.aspxRegion,11,ContentLeftOrderNo,1,0Name,14,RegionRepeaterCSS,0,TopHtml,0,BottomHtml,0,ParentModuleId,1,0CSSClass,0,UseCache,7,DefaultCacheLifeTime,1,0RegionToCopy,11,ContentLeftPage,11,Author.aspx', NULL, NULL, 0, NULL, 'Default', NULL),
(117, 'Category.aspx', 'ContentLeft', 1, 'ContentListByFilter', '#ContentListByFilter_117 {\n	margin-top:30px;\n}\n', 'Cinar.CMS.Serialization\nFilter,16,AuthorId=@AuthorHowManyItems,1,1SkipFirst,1,0Random,1,0OrderBy,19,Content.PublishDateAscending,5,FalseShowPictureLeftRight,5,FalseShowCurrentContent,4,TrueShowFirstItemWithPicture,5,FalseWhichPicture,17,TAuthorId.PicturePictureWidth,3,180PictureHeight,1,0BulletIcon,0,TitleLength,2,50DescriptionLength,3,150DateFormat,12,dd MMMM yyyyFieldOrder,12,image,authorCreateLink,4,TrueLinkTarget,0,ShowDescriptionAsLink,5,FalseUseTemplate,0,ForceToUseTemplate,5,FalseMoreLink,0,DisplayAsTable,5,FalseCols,1,1EncloseWithDiv,5,FalseId,3,117Template,13,Category.aspxRegion,11,ContentLeftOrderNo,1,1Name,19,ContentListByFilterCSS,47,#ContentListByFilter_117 {\n	margin-top:30px;\n}\nTopHtml,0,BottomHtml,0,ParentModuleId,3,116CSSClass,22,vitrin solda rotate-10UseCache,7,DefaultCacheLifeTime,1,0', NULL, NULL, 116, NULL, 'Default', NULL),
(118, 'Category.aspx', 'ContentLeft', 2, 'SQLDataList', '#SQLDataList_118 {\n	margin-top:60px;\n	width:230px;\n}\n#SQLDataList_118 .tag {\n	border-bottom: 1px solid #8A8A8A;\n	padding:10px 0px 4px 4px;\n	text-transform:uppercase;\n}', 'Cinar.CMS.Serialization\nSQL,171,SELECT\n	t.Id,\n	t.Name\nFROM\n	Tag t\n	INNER JOIN ContentTag ct ON ct.TagId = t.Id\n	INNER JOIN Content c ON c.Id = ct.ContentId\nWHERE\n	c.AuthorId = $=Context.Content.AuthorId$DataTemplate,110,<div class="tag">\n<a href="/AuthorList.aspx?item=$=Context.Content.Id$&tagId=$=row.Id$">$=row.Name$</a>\n</div>PictureWidth,1,0PictureHeight,1,0DisplayAsTable,5,FalseCols,1,1EncloseWithDiv,5,FalseId,3,118Template,13,Category.aspxRegion,11,ContentLeftOrderNo,1,2Name,11,SQLDataListCSS,167,#SQLDataList_118 {\n	margin-top:60px;\n	width:230px;\n}\n#SQLDataList_118 .tag {\n	border-bottom: 1px solid #8A8A8A;\n	padding:10px 0px 4px 4px;\n	text-transform:uppercase;\n}TopHtml,0,BottomHtml,0,ParentModuleId,3,116CSSClass,5,soldaUseCache,7,DefaultCacheLifeTime,1,0', NULL, NULL, 116, NULL, 'Default', NULL),
(119, 'Category.aspx', 'Footer', 1, 'RegionRepeater', '', 'Cinar.CMS.Serialization\nId,3,119Template,13,Category.aspxRegion,6,FooterOrderNo,1,1Name,14,RegionRepeaterCSS,0,TopHtml,0,BottomHtml,0,ParentModuleId,1,0CSSClass,0,UseCache,7,DefaultCacheLifeTime,1,0RegionToCopy,6,FooterPage,12,Default.aspx', NULL, NULL, 0, NULL, 'Default', NULL),
(120, 'Category.aspx', 'Footer', 2, 'StaticHtml', '#StaticHtml_120 {\n	border-top:1px solid black;\n	text-align:center;\n	font-weight:bold;\n	padding:4px;\n	margin-top:10px;\n	clear:both;\n	margin-top:30px;\n}\n', 'Cinar.CMS.Serialization\nInnerHtml,173,<a href="/Other.aspx?item=33">ABOUT US</a> &nbsp; &nbsp; &nbsp;\n<a href="/Other.aspx?item=34">CONTACT US</a> &nbsp; &nbsp; &nbsp;\n<a href="/">(C) 2011 BLANK-MAGAZINE.COM</a>LangId1,1,0InnerHtml1,0,LangId2,1,0InnerHtml2,0,LangId3,1,0InnerHtml3,0,Id,3,120Template,13,Category.aspxRegion,6,FooterOrderNo,1,2Name,10,StaticHtmlCSS,151,#StaticHtml_120 {\n	border-top:1px solid black;\n	text-align:center;\n	font-weight:bold;\n	padding:4px;\n	margin-top:10px;\n	clear:both;\n	margin-top:30px;\n}\nTopHtml,0,BottomHtml,0,ParentModuleId,3,119CSSClass,0,UseCache,7,DefaultCacheLifeTime,1,0', NULL, NULL, 119, NULL, 'Default', NULL),
(121, 'Category.aspx', 'Content', 0, 'ContentListByTag', '#ContentListByTag_121 .extraItemDiv {\n	border:1px solid #E5E5E5;\n	margin-top:10px;\n	background:#F4F1E8;\n	padding: 12px 24px 24px 24px;\n\n	-moz-box-shadow: 3px 3px 4px #E5E5E5;\n	-webkit-box-shadow: 3px 3px 4px #E5E5E5;\n	box-shadow: 3px 3px 4px #E5E5E5;\n	/* For IE 8 */\n	-ms-filter: "progid:DXImageTransform.Microsoft.Shadow(Strength=4, Direction=135, Color=''#E5E5E5'')";\n	/* For IE 5.5 - 7 */\n	filter: progid:DXImageTransform.Microsoft.Shadow(Strength=4, Direction=135, Color=''#E5E5E5'');\n}\n#ContentListByTag_121 img.pic {\n}\n#ContentListByTag_121 div.clItem {\n	padding:24px;\n	background:white;\n}\n#ContentListByTag_121 div.clTitle {\n	font-weight:bold;\n	font-size:16px;\n	border-bottom:1px solid #CFCFCF;\n	padding-bottom:8px;\n}\n#ContentListByTag_121 div.clPubDate {\n	margin-bottom:24px;\n	font-size:12px;\n}\n#ContentListByTag_121 div.clMetin {\n	background:white;	\n}', 'Cinar.CMS.Serialization\nFilter,0,HowManyItems,1,2SkipFirst,1,0Random,1,0OrderBy,19,Content.PublishDateAscending,5,FalseShowPictureLeftRight,5,FalseShowCurrentContent,4,TrueShowFirstItemWithPicture,5,FalseWhichPicture,15,Content.PicturePictureWidth,3,636PictureHeight,1,0BulletIcon,0,TitleLength,2,50DescriptionLength,3,150DateFormat,12,dd MMMM yyyyFieldOrder,16,title,date,imageCreateLink,4,TrueLinkTarget,0,ShowDescriptionAsLink,5,FalseUseTemplate,0,ForceToUseTemplate,5,FalseMoreLink,0,DisplayAsTable,5,FalseCols,1,1EncloseWithDiv,4,TrueId,3,121Template,13,Category.aspxRegion,7,ContentOrderNo,1,0Name,16,ContentListByTagCSS,856,#ContentListByTag_121 .extraItemDiv {\n	border:1px solid #E5E5E5;\n	margin-top:10px;\n	background:#F4F1E8;\n	padding: 12px 24px 24px 24px;\n\n	-moz-box-shadow: 3px 3px 4px #E5E5E5;\n	-webkit-box-shadow: 3px 3px 4px #E5E5E5;\n	box-shadow: 3px 3px 4px #E5E5E5;\n	/* For IE 8 */\n	-ms-filter: "progid:DXImageTransform.Microsoft.Shadow(Strength=4, Direction=135, Color=''#E5E5E5'')";\n	/* For IE 5.5 - 7 */\n	filter: progid:DXImageTransform.Microsoft.Shadow(Strength=4, Direction=135, Color=''#E5E5E5'');\n}\n#ContentListByTag_121 img.pic {\n}\n#ContentListByTag_121 div.clItem {\n	padding:24px;\n	background:white;\n}\n#ContentListByTag_121 div.clTitle {\n	font-weight:bold;\n	font-size:16px;\n	border-bottom:1px solid #CFCFCF;\n	padding-bottom:8px;\n}\n#ContentListByTag_121 div.clPubDate {\n	margin-bottom:24px;\n	font-size:12px;\n}\n#ContentListByTag_121 div.clMetin {\n	background:white;	\n}TopHtml,0,BottomHtml,0,ParentModuleId,1,0CSSClass,0,UseCache,7,DefaultCacheLifeTime,1,0', NULL, NULL, 0, NULL, 'Default', NULL),
(122, 'Content.aspx', 'ContentLeft', 0, 'ContentListByFilter', '#ContentListByFilter_122 {\n	margin-top:30px;\n}\n', 'Cinar.CMS.Serialization\nFilter,18,Category=@CategoryHowManyItems,1,1SkipFirst,1,0Random,1,0OrderBy,19,Content.PublishDateAscending,5,FalseShowPictureLeftRight,5,FalseShowCurrentContent,4,TrueShowFirstItemWithPicture,5,FalseWhichPicture,15,Content.PicturePictureWidth,3,180PictureHeight,1,0BulletIcon,0,TitleLength,2,50DescriptionLength,3,150DateFormat,12,dd MMMM yyyyFieldOrder,14,image,categoryCreateLink,4,TrueLinkTarget,0,ShowDescriptionAsLink,5,FalseUseTemplate,0,ForceToUseTemplate,5,FalseMoreLink,0,DisplayAsTable,5,FalseCols,1,1EncloseWithDiv,5,FalseId,3,122Template,12,Content.aspxRegion,11,ContentLeftOrderNo,1,0Name,19,ContentListByFilterCSS,47,#ContentListByFilter_122 {\n	margin-top:30px;\n}\nTopHtml,0,BottomHtml,0,ParentModuleId,1,0CSSClass,22,vitrin solda rotate-10UseCache,7,DefaultCacheLifeTime,1,0', NULL, NULL, 0, NULL, 'Default', NULL),
(123, 'Content.aspx', 'Content', 0, 'ContentDisplay', '#ContentDisplay_123 {\n	border:1px solid #E5E5E5;\n	margin-top:10px;\n	background:#F4F1E8;\n	padding: 12px 24px 24px 24px;\n\n	-moz-box-shadow: 3px 3px 4px #E5E5E5;\n	-webkit-box-shadow: 3px 3px 4px #E5E5E5;\n	box-shadow: 3px 3px 4px #E5E5E5;\n	/* For IE 8 */\n	-ms-filter: "progid:DXImageTransform.Microsoft.Shadow(Strength=4, Direction=135, Color=''#E5E5E5'')";\n	/* For IE 5.5 - 7 */\n	filter: progid:DXImageTransform.Microsoft.Shadow(Strength=4, Direction=135, Color=''#E5E5E5'');\n}\n#ContentDisplay_123 div.title {\n	font-weight:bold;\n	font-size:16px;\n	border-bottom:1px solid #CFCFCF;\n	padding-bottom:8px;\n}\n#ContentDisplay_123 div.text {\n	background:white;	\n}\n#ContentDisplay_123 div.innerDiv {\n	padding:24px;\n	background:white;	\n}\n#ContentDisplay_123 div.date {\n	margin-bottom:24px;\n	font-size:12px;\n}\n\n', 'Cinar.CMS.Serialization\nFieldOrder,22,title,date,region,textDateFormat,12,dd MMMM yyyyFilter,11,Id=@ContentTagTemplate,0,Id,3,123Template,12,Content.aspxRegion,7,ContentOrderNo,1,0Name,14,ContentDisplayCSS,793,#ContentDisplay_123 {\n	border:1px solid #E5E5E5;\n	margin-top:10px;\n	background:#F4F1E8;\n	padding: 12px 24px 24px 24px;\n\n	-moz-box-shadow: 3px 3px 4px #E5E5E5;\n	-webkit-box-shadow: 3px 3px 4px #E5E5E5;\n	box-shadow: 3px 3px 4px #E5E5E5;\n	/* For IE 8 */\n	-ms-filter: "progid:DXImageTransform.Microsoft.Shadow(Strength=4, Direction=135, Color=''#E5E5E5'')";\n	/* For IE 5.5 - 7 */\n	filter: progid:DXImageTransform.Microsoft.Shadow(Strength=4, Direction=135, Color=''#E5E5E5'');\n}\n#ContentDisplay_123 div.title {\n	font-weight:bold;\n	font-size:16px;\n	border-bottom:1px solid #CFCFCF;\n	padding-bottom:8px;\n}\n#ContentDisplay_123 div.text {\n	background:white;	\n}\n#ContentDisplay_123 div.innerDiv {\n	padding:24px;\n	background:white;	\n}\n#ContentDisplay_123 div.date {\n	margin-bottom:24px;\n	font-size:12px;\n}\n\nTopHtml,0,BottomHtml,0,ParentModuleId,1,0CSSClass,0,UseCache,7,DefaultCacheLifeTime,1,0', NULL, NULL, 0, NULL, 'Default', NULL),
(124, 'Content.aspx', 'conRegion123', 0, 'ContentGallery', '', 'Cinar.CMS.Serialization\nPictureWidth,3,636PictureHeight,1,0ShowTitle,4,TrueShowTitleFirst,5,FalseDisplayAsTable,5,FalseCols,1,1EncloseWithDiv,5,FalseId,3,124Template,12,Content.aspxRegion,12,conRegion123OrderNo,1,0Name,14,ContentGalleryCSS,0,TopHtml,0,BottomHtml,0,ParentModuleId,3,123CSSClass,0,UseCache,7,DefaultCacheLifeTime,1,0', NULL, NULL, 123, NULL, 'Default', NULL),
(125, 'Content.aspx', 'Header', 0, 'RegionRepeater', '', 'Cinar.CMS.Serialization\nId,3,125Template,12,Content.aspxRegion,6,HeaderOrderNo,1,0Name,14,RegionRepeaterCSS,0,TopHtml,0,BottomHtml,0,ParentModuleId,1,0CSSClass,0,UseCache,7,DefaultCacheLifeTime,1,0RegionToCopy,6,HeaderPage,12,Default.aspx', NULL, NULL, 0, NULL, 'Default', NULL),
(126, 'Content.aspx', 'Header', 1, 'StaticHtml', '#StaticHtml_126 {\n}\n\n#StaticHtml_126 .headerMenu { border-bottom:1px solid black}\n#StaticHtml_126 .tab {\n	border:1px solid black; \n	border-bottom:none;\n	float:right; \n	padding:2px 40px;\n	cursor:pointer;\n	margin-left:10px;\n}\n#StaticHtml_126 .search {\n}\n#StaticHtml_126 .subscribe {\n	background:black;\n	color:white;\n}', 'Cinar.CMS.Serialization\nInnerHtml,244,<a href="/Default.aspx"><img src="/UserFiles/Images/design/logo.jpg" border="0"/></a>\n\n<div class="headerMenu">\n<div class="subscribe tab">Subscribe</div>\n<div class="search tab" id="searchTab">Search</div>\n<div style="clear:both"></div>\n</div>LangId1,1,0InnerHtml1,0,LangId2,1,0InnerHtml2,0,LangId3,1,0InnerHtml3,0,Id,3,126Template,12,Content.aspxRegion,6,HeaderOrderNo,1,1Name,10,StaticHtmlCSS,315,#StaticHtml_126 {\n}\n\n#StaticHtml_126 .headerMenu { border-bottom:1px solid black}\n#StaticHtml_126 .tab {\n	border:1px solid black; \n	border-bottom:none;\n	float:right; \n	padding:2px 40px;\n	cursor:pointer;\n	margin-left:10px;\n}\n#StaticHtml_126 .search {\n}\n#StaticHtml_126 .subscribe {\n	background:black;\n	color:white;\n}TopHtml,0,BottomHtml,0,ParentModuleId,3,125CSSClass,0,UseCache,7,DefaultCacheLifeTime,1,0', NULL, NULL, 125, NULL, 'Default', NULL),
(127, 'Content.aspx', 'Header', 2, 'SearchForm', '#SearchForm_127 {\n	position:absolute;\n	right:147px;\n	top:156px;\n}\n#SearchForm_127 input.searchText {\n	border:none;\n	width:114px;\n}\n\n', 'Cinar.CMS.Serialization\nResultsPage,11,Search.aspxId,3,127Template,12,Content.aspxRegion,6,HeaderOrderNo,1,2Name,10,SearchFormCSS,132,#SearchForm_127 {\n	position:absolute;\n	right:147px;\n	top:156px;\n}\n#SearchForm_127 input.searchText {\n	border:none;\n	width:114px;\n}\n\nTopHtml,273,<script>\nElement.observe(document, ''dom:loaded'', function(){\n	var sf = $(''SearchForm_82'');\n	sf.hide();\n	$(''searchTab'').on(''click'', function(){\n		sf.show();\n		sf.down(''.searchText'').focus();\n	});\n	sf.down(''.searchText'').on(''blur'', function(){\n		sf.hide();\n	});\n});\n</script>BottomHtml,0,ParentModuleId,3,125CSSClass,0,UseCache,7,DefaultCacheLifeTime,1,0', NULL, NULL, 125, NULL, 'Default', NULL),
(128, 'Content.aspx', 'ContentLeft', 1, 'SQLDataList', '#SQLDataList_128 {\n	margin-top:60px;\n	width:230px;\n}\n#SQLDataList_128 .tag {\n	border-bottom: 1px solid #8A8A8A;\n	padding:10px 0px 4px 4px;\n	text-transform:uppercase;\n}', 'Cinar.CMS.Serialization\nSQL,175,SELECT\n	t.Id,\n	t.Name\nFROM\n	Tag t\n	INNER JOIN ContentTag ct ON ct.TagId = t.Id\n	INNER JOIN Content c ON c.Id = ct.ContentId\nWHERE\n	c.CategoryId = $=Context.Content.CategoryId$DataTemplate,110,<div class="tag">\n<a href="/AuthorList.aspx?item=$=Context.Content.Id$&tagId=$=row.Id$">$=row.Name$</a>\n</div>PictureWidth,1,0PictureHeight,1,0DisplayAsTable,5,FalseCols,1,1EncloseWithDiv,5,FalseId,3,128Template,12,Content.aspxRegion,11,ContentLeftOrderNo,1,1Name,11,SQLDataListCSS,167,#SQLDataList_128 {\n	margin-top:60px;\n	width:230px;\n}\n#SQLDataList_128 .tag {\n	border-bottom: 1px solid #8A8A8A;\n	padding:10px 0px 4px 4px;\n	text-transform:uppercase;\n}TopHtml,0,BottomHtml,0,ParentModuleId,1,0CSSClass,5,soldaUseCache,7,DefaultCacheLifeTime,1,0', NULL, NULL, 0, NULL, 'Default', NULL),
(129, 'Content.aspx', 'Footer', 0, 'ContentListByTag', '#ContentListByTag_129 div.title {\n	border-bottom:1px solid black;\n	padding:50px 0px 5px 65px;\n	margin-bottom:30px;\n}\n\n#ContentListByTag_129 div.paging {\n	float:left;\n	width:60px;\n	height:120px;\n	background-repeat:no-repeat;\n}\n\n#ContentListByTag_129 .cerceve {\n	float:left;\n	width:855px;\n	border: 1px solid #efefef;\n\n}\n\n#ContentListByTag_129 div.clItem {\n	float:left;\n	margin:0px 5px 5px 0px;\n}\n', 'Cinar.CMS.Serialization\nFilter,20,CategoryId=@CategoryHowManyItems,2,10SkipFirst,1,0Random,1,0OrderBy,19,Content.PublishDateAscending,5,FalseShowPictureLeftRight,5,FalseShowCurrentContent,4,TrueShowFirstItemWithPicture,5,FalseWhichPicture,15,Content.PicturePictureWidth,1,0PictureHeight,3,120BulletIcon,0,TitleLength,2,50DescriptionLength,3,150DateFormat,12,dd MMMM yyyyFieldOrder,5,imageCreateLink,4,TrueLinkTarget,0,ShowDescriptionAsLink,5,FalseUseTemplate,0,ForceToUseTemplate,5,FalseMoreLink,0,DisplayAsTable,5,FalseCols,1,1EncloseWithDiv,5,FalseId,3,129Template,12,Content.aspxRegion,6,FooterOrderNo,1,0Name,16,ContentListByTagCSS,394,#ContentListByTag_129 div.title {\n	border-bottom:1px solid black;\n	padding:50px 0px 5px 65px;\n	margin-bottom:30px;\n}\n\n#ContentListByTag_129 div.paging {\n	float:left;\n	width:60px;\n	height:120px;\n	background-repeat:no-repeat;\n}\n\n#ContentListByTag_129 .cerceve {\n	float:left;\n	width:855px;\n	border: 1px solid #efefef;\n\n}\n\n#ContentListByTag_129 div.clItem {\n	float:left;\n	margin:0px 5px 5px 0px;\n}\nTopHtml,182,<div class="title">ARCHIVE</div>\n\n<div class="paging" style="background-image:url(/UserFiles/Images/design/prev.png); background-position:right center;"></div>\n\n<div class="cerceve">BottomHtml,163,</div>\n<div class="paging"  style="background-image:url(/UserFiles/Images/design/next.png); background-position:left center;"></div>\n<div style="clear:both"></div>ParentModuleId,1,0CSSClass,0,UseCache,7,DefaultCacheLifeTime,1,0', NULL, NULL, 0, NULL, 'Default', NULL),
(130, 'Content.aspx', 'Footer', 1, 'RegionRepeater', '', 'Cinar.CMS.Serialization\nId,3,130Template,12,Content.aspxRegion,6,FooterOrderNo,1,1Name,14,RegionRepeaterCSS,0,TopHtml,0,BottomHtml,0,ParentModuleId,1,0CSSClass,0,UseCache,7,DefaultCacheLifeTime,1,0RegionToCopy,6,FooterPage,12,Default.aspx', NULL, NULL, 0, NULL, 'Default', NULL),
(131, 'Content.aspx', 'Footer', 2, 'StaticHtml', '#StaticHtml_131 {\n	border-top:1px solid black;\n	text-align:center;\n	font-weight:bold;\n	padding:4px;\n	margin-top:10px;\n	clear:both;\n	margin-top:30px;\n}\n', 'Cinar.CMS.Serialization\nInnerHtml,173,<a href="/Other.aspx?item=33">ABOUT US</a> &nbsp; &nbsp; &nbsp;\n<a href="/Other.aspx?item=34">CONTACT US</a> &nbsp; &nbsp; &nbsp;\n<a href="/">(C) 2011 BLANK-MAGAZINE.COM</a>LangId1,1,0InnerHtml1,0,LangId2,1,0InnerHtml2,0,LangId3,1,0InnerHtml3,0,Id,3,131Template,12,Content.aspxRegion,6,FooterOrderNo,1,2Name,10,StaticHtmlCSS,151,#StaticHtml_131 {\n	border-top:1px solid black;\n	text-align:center;\n	font-weight:bold;\n	padding:4px;\n	margin-top:10px;\n	clear:both;\n	margin-top:30px;\n}\nTopHtml,0,BottomHtml,0,ParentModuleId,3,130CSSClass,0,UseCache,7,DefaultCacheLifeTime,1,0', NULL, NULL, 130, NULL, 'Default', NULL);

DROP TABLE IF EXISTS `pollquestion`;
CREATE TABLE IF NOT EXISTS `pollquestion` (
  `Question` varchar(100) COLLATE utf8_turkish_ci NOT NULL,
  `Id` int(11) NOT NULL AUTO_INCREMENT,
  `InsertDate` datetime NOT NULL DEFAULT '1990-01-01 00:00:00',
  `InsertUserId` int(11) DEFAULT NULL,
  `UpdateDate` datetime DEFAULT NULL,
  `UpdateUserId` int(11) DEFAULT NULL,
  `Visible` tinyint(1) NOT NULL DEFAULT '1',
  `OrderNo` int(11) DEFAULT NULL,
  PRIMARY KEY (`Id`)
) ENGINE=InnoDB DEFAULT CHARSET=utf8 COLLATE=utf8_turkish_ci AUTO_INCREMENT=1 ;


DROP TABLE IF EXISTS `source`;
CREATE TABLE IF NOT EXISTS `source` (
  `UserId` int(11) DEFAULT NULL,
  `Name` varchar(100) COLLATE utf8_turkish_ci NOT NULL,
  `Description` text COLLATE utf8_turkish_ci,
  `Picture` varchar(100) COLLATE utf8_turkish_ci DEFAULT NULL,
  `Id` int(11) NOT NULL AUTO_INCREMENT,
  `InsertDate` datetime NOT NULL DEFAULT '1990-01-01 00:00:00',
  `InsertUserId` int(11) DEFAULT NULL,
  `UpdateDate` datetime DEFAULT NULL,
  `UpdateUserId` int(11) DEFAULT NULL,
  `Visible` tinyint(1) NOT NULL DEFAULT '1',
  `OrderNo` int(11) DEFAULT NULL,
  PRIMARY KEY (`Id`)
) ENGINE=InnoDB  DEFAULT CHARSET=utf8 COLLATE=utf8_turkish_ci AUTO_INCREMENT=2 ;

INSERT INTO `source` (`UserId`, `Name`, `Description`, `Picture`, `Id`, `InsertDate`, `InsertUserId`, `UpdateDate`, `UpdateUserId`, `Visible`, `OrderNo`) VALUES
(NULL, 'Editorial', NULL, NULL, 1, '1990-01-01 00:00:00', NULL, NULL, NULL, 1, NULL);

DROP TABLE IF EXISTS `tag`;
CREATE TABLE IF NOT EXISTS `tag` (
  `DisplayName` varchar(100) COLLATE utf8_turkish_ci DEFAULT NULL,
  `Headline` tinyint(1) DEFAULT '0',
  `ContentCount` int(11) DEFAULT NULL,
  `Noise` tinyint(1) DEFAULT '0',
  `Name` varchar(100) COLLATE utf8_turkish_ci NOT NULL,
  `Description` text COLLATE utf8_turkish_ci,
  `Picture` varchar(100) COLLATE utf8_turkish_ci DEFAULT NULL,
  `Id` int(11) NOT NULL AUTO_INCREMENT,
  `InsertDate` datetime NOT NULL DEFAULT '1990-01-01 00:00:00',
  `InsertUserId` int(11) DEFAULT NULL,
  `UpdateDate` datetime DEFAULT NULL,
  `UpdateUserId` int(11) DEFAULT NULL,
  `Visible` tinyint(1) NOT NULL DEFAULT '1',
  `OrderNo` int(11) DEFAULT NULL,
  PRIMARY KEY (`Id`)
) ENGINE=InnoDB  DEFAULT CHARSET=utf8 COLLATE=utf8_turkish_ci AUTO_INCREMENT=7 ;

INSERT INTO `tag` (`DisplayName`, `Headline`, `ContentCount`, `Noise`, `Name`, `Description`, `Picture`, `Id`, `InsertDate`, `InsertUserId`, `UpdateDate`, `UpdateUserId`, `Visible`, `OrderNo`) VALUES
(NULL, 0, 3, 0, 'röportaj', NULL, NULL, 1, '2011-10-28 20:22:17', 1, '2011-10-30 16:41:01', 1, 1, 0),
(NULL, 0, 1, 0, 'fotoğraf çekimi', NULL, NULL, 2, '2011-10-30 16:35:35', 1, '2011-10-30 16:35:35', 1, 1, 0),
(NULL, 0, 1, 0, 'ordan burdan', NULL, NULL, 3, '2011-10-30 16:36:42', 1, '2011-10-30 16:36:42', 1, 1, 0),
(NULL, 0, 1, 0, 'makaleler', NULL, NULL, 4, '2011-10-30 16:39:02', 1, '2011-10-30 16:39:02', 1, 1, 0),
(NULL, 0, 1, 0, 'selection', NULL, NULL, 5, '2011-11-02 17:15:27', 1, '2011-11-02 17:15:27', 1, 1, 0),
(NULL, 0, 1, 0, 'fameous', NULL, NULL, 6, '2011-11-02 17:21:33', 1, '2011-11-02 17:21:33', 1, 1, 0);

DROP TABLE IF EXISTS `template`;
CREATE TABLE IF NOT EXISTS `template` (
  `FileName` varchar(50) COLLATE utf8_turkish_ci DEFAULT NULL,
  `HTMLCode` text COLLATE utf8_turkish_ci,
  `Id` int(11) NOT NULL AUTO_INCREMENT,
  `InsertDate` datetime NOT NULL DEFAULT '1990-01-01 00:00:00',
  `InsertUserId` int(11) DEFAULT NULL,
  `UpdateDate` datetime DEFAULT NULL,
  `UpdateUserId` int(11) DEFAULT NULL,
  `Visible` tinyint(1) NOT NULL DEFAULT '1',
  `OrderNo` int(11) DEFAULT NULL,
  PRIMARY KEY (`Id`)
) ENGINE=InnoDB  DEFAULT CHARSET=utf8 COLLATE=utf8_turkish_ci AUTO_INCREMENT=10 ;

INSERT INTO `template` (`FileName`, `HTMLCode`, `Id`, `InsertDate`, `InsertUserId`, `UpdateDate`, `UpdateUserId`, `Visible`, `OrderNo`) VALUES
('Author.aspx', '<html>\n<head>\n$=this.HeadSection$\n</head>\n<body>\n    <div id="page">\n        <div id="Header" class="Region Header">$=this.Header$</div>\n\n		<div id="ContentLeft" class="Region ContentLeft">$=this.ContentLeft$</div>\n		<div id="Content" class="Region Content" style="width:734px">$=this.Content$</div>\n		<div style="clear:both"></div>\n\n        <div id="Footer" class="Region Footer">$=this.Footer$</div>\n    </div>\n</body>\n</html>', 1, '1990-01-01 00:00:00', 0, '2011-10-28 16:42:24', 1, 1, 0),
('Default.aspx', '<html>\n<head>\n$=this.HeadSection$\n</head>\n<body>\n    <div id="page">\n        <div id="Header" class="Region Header">$=this.Header$</div>\n\n		<div id="ContentLeft" class="Region ContentLeft">$=this.ContentLeft$</div>\n		<div id="Content" class="Region Content">$=this.Content$</div>\n		<div id="ContentRight" class="Region ContentRight">$=this.ContentRight$</div>\n		<div style="clear:both"></div>\n\n        <div id="Footer" class="Region Footer">$=this.Footer$</div>\n    </div>\n</body>\n</html>', 2, '2011-10-28 00:19:25', 1, '2011-11-01 21:50:13', 1, 1, 0),
('AuthorList.aspx', '<html>\n<head>\n$=this.HeadSection$\n</head>\n<body>\n    <div id="page">\n        <div id="Header" class="Region Header">$=this.Header$</div>\n\n		<div id="ContentLeft" class="Region ContentLeft">$=this.ContentLeft$</div>\n		<div id="Content" class="Region Content" style="width:734px">$=this.Content$</div>\n		<div style="clear:both"></div>\n\n        <div id="Footer" class="Region Footer">$=this.Footer$</div>\n    </div>\n</body>\n</html>', 3, '2011-10-30 15:57:13', 1, '2011-10-30 15:57:13', 1, 1, 0),
('Other.aspx', '<html>\n<head>\n$=this.HeadSection$\n</head>\n<body>\n    <div id="page">\n        <div id="Header" class="Region Header">$=this.Header$</div>\n\n		<div id="Content" class="Region Content" style="width:100%">$=this.Content$</div>\n		<div style="clear:both"></div>\n\n        <div id="Footer" class="Region Footer">$=this.Footer$</div>\n    </div>\n</body>\n</html>', 4, '2011-10-30 17:54:53', 1, '2011-10-30 17:56:02', 1, 1, 0),
('Search.aspx', '<html>\n<head>\n$=this.HeadSection$\n</head>\n<body>\n    <div id="page">\n        <div id="Header" class="Region Header">$=this.Header$</div>\n\n		<div id="Content" class="Region Content" style="width:100%">$=this.Content$</div>\n		<div style="clear:both"></div>\n\n        <div id="Footer" class="Region Footer">$=this.Footer$</div>\n    </div>\n</body>\n</html>', 5, '2011-11-01 15:23:49', 1, '2011-11-01 15:23:49', 1, 1, 0),
('Love.aspx', '<html>\n<head>\n$=this.HeadSection$\n</head>\n<body>\n    <div id="page">\n        <div id="Header" class="Region Header">$=this.Header$</div>\n\n		<div id="Content" class="Region Content" style="width:100%">$=this.Content$</div>\n		<div style="clear:both"></div>\n\n        <div id="Footer" class="Region Footer">$=this.Footer$</div>\n    </div>\n</body>\n</html>', 6, '2011-11-01 17:49:59', 1, '2011-11-01 17:49:59', 1, 1, 0),
('City.aspx', '<html>\n<head>\n$=this.HeadSection$\n</head>\n<body>\n    <div id="page">\n        <div id="Header" class="Region Header">$=this.Header$</div>\n\n		<div id="ContentLeft" class="Region ContentLeft" style="width:24%">$=this.ContentLeft$</div>\n		<div id="Content" class="Region Content" style="width:24%;margin-left:10px">$=this.Content$</div>\n		<div id="Content2" class="Region Content2" style="width:24%;margin-left:10px">$=this.Content2$</div>\n		<div id="ContentRight" class="Region ContentRight" style="width:24%">$=this.ContentRight$</div>\n		<div style="clear:both"></div>\n\n        <div id="Footer" class="Region Footer">$=this.Footer$</div>\n    </div>\n</body>\n</html>', 7, '2011-11-02 15:11:50', 1, '2011-11-02 16:24:22', 1, 1, 0),
('Category.aspx', '<html>\n<head>\n$=this.HeadSection$\n</head>\n<body>\n    <div id="page">\n        <div id="Header" class="Region Header">$=this.Header$</div>\n\n		<div id="ContentLeft" class="Region ContentLeft">$=this.ContentLeft$</div>\n		<div id="Content" class="Region Content" style="width:734px">$=this.Content$</div>\n		<div style="clear:both"></div>\n\n        <div id="Footer" class="Region Footer">$=this.Footer$</div>\n    </div>\n</body>\n</html>', 8, '2011-11-02 17:12:59', 1, '2011-11-02 17:12:59', 1, 1, 0),
('Content.aspx', '<html>\n<head>\n$=this.HeadSection$\n</head>\n<body>\n    <div id="page">\n        <div id="Header" class="Region Header">$=this.Header$</div>\n\n		<div id="ContentLeft" class="Region ContentLeft">$=this.ContentLeft$</div>\n		<div id="Content" class="Region Content" style="width:734px">$=this.Content$</div>\n		<div style="clear:both"></div>\n\n        <div id="Footer" class="Region Footer">$=this.Footer$</div>\n    </div>\n</body>\n</html>', 9, '2011-11-02 17:13:22', 1, '2011-11-02 17:13:22', 1, 1, 0);

DROP TABLE IF EXISTS `user`;
CREATE TABLE IF NOT EXISTS `user` (
  `Email` varchar(100) COLLATE utf8_turkish_ci NOT NULL,
  `Password` varchar(16) COLLATE utf8_turkish_ci NOT NULL,
  `Keyword` varchar(16) COLLATE utf8_turkish_ci DEFAULT NULL,
  `Nick` varchar(100) COLLATE utf8_turkish_ci NOT NULL,
  `Roles` varchar(100) COLLATE utf8_turkish_ci NOT NULL,
  `Name` varchar(50) COLLATE utf8_turkish_ci DEFAULT NULL,
  `Surname` varchar(50) COLLATE utf8_turkish_ci DEFAULT NULL,
  `Gender` varchar(50) COLLATE utf8_turkish_ci DEFAULT NULL,
  `Occupation` varchar(50) COLLATE utf8_turkish_ci DEFAULT NULL,
  `Company` varchar(100) COLLATE utf8_turkish_ci DEFAULT NULL,
  `Department` varchar(50) COLLATE utf8_turkish_ci DEFAULT NULL,
  `PhoneCell` varchar(50) COLLATE utf8_turkish_ci DEFAULT NULL,
  `PhoneWork` varchar(50) COLLATE utf8_turkish_ci DEFAULT NULL,
  `PhoneHome` varchar(50) COLLATE utf8_turkish_ci DEFAULT NULL,
  `AddressLine1` varchar(200) COLLATE utf8_turkish_ci DEFAULT NULL,
  `AddressLine2` varchar(200) COLLATE utf8_turkish_ci DEFAULT NULL,
  `City` varchar(50) COLLATE utf8_turkish_ci DEFAULT NULL,
  `Country` varchar(50) COLLATE utf8_turkish_ci DEFAULT NULL,
  `ZipCode` varchar(5) COLLATE utf8_turkish_ci DEFAULT NULL,
  `Web` varchar(150) COLLATE utf8_turkish_ci DEFAULT NULL,
  `Education` varchar(50) COLLATE utf8_turkish_ci DEFAULT NULL,
  `Certificates` varchar(200) COLLATE utf8_turkish_ci DEFAULT NULL,
  `About` varchar(200) COLLATE utf8_turkish_ci DEFAULT NULL,
  `Avatar` varchar(100) COLLATE utf8_turkish_ci DEFAULT NULL,
  `RedirectCount` int(11) DEFAULT NULL,
  `Id` int(11) NOT NULL AUTO_INCREMENT,
  `InsertDate` datetime NOT NULL DEFAULT '1990-01-01 00:00:00',
  `InsertUserId` int(11) DEFAULT NULL,
  `UpdateDate` datetime DEFAULT NULL,
  `UpdateUserId` int(11) DEFAULT NULL,
  `Visible` tinyint(1) NOT NULL DEFAULT '1',
  `OrderNo` int(11) DEFAULT NULL,
  PRIMARY KEY (`Id`)
) ENGINE=InnoDB  DEFAULT CHARSET=utf8 COLLATE=utf8_turkish_ci AUTO_INCREMENT=9 ;

INSERT INTO `user` (`Email`, `Password`, `Keyword`, `Nick`, `Roles`, `Name`, `Surname`, `Gender`, `Occupation`, `Company`, `Department`, `PhoneCell`, `PhoneWork`, `PhoneHome`, `AddressLine1`, `AddressLine2`, `City`, `Country`, `ZipCode`, `Web`, `Education`, `Certificates`, `About`, `Avatar`, `RedirectCount`, `Id`, `InsertDate`, `InsertUserId`, `UpdateDate`, `UpdateUserId`, `Visible`, `OrderNo`) VALUES
('root@local', '63A9F0EA7BB98050', 'jhrd74ghe63', 'Admin', 'User,Editor,Designer', NULL, NULL, NULL, NULL, NULL, NULL, NULL, NULL, NULL, NULL, NULL, NULL, NULL, NULL, NULL, NULL, NULL, NULL, NULL, NULL, 1, '1990-01-01 00:00:00', NULL, NULL, NULL, 1, NULL),
('editor', '63A9F0EA7BB98050', 'ge548rhe46e', 'Editör', 'User,Editor', NULL, NULL, NULL, NULL, NULL, NULL, NULL, NULL, NULL, NULL, NULL, NULL, NULL, NULL, NULL, NULL, NULL, NULL, NULL, NULL, 2, '1990-01-01 00:00:00', NULL, NULL, NULL, 1, NULL),
('anonim', '', '63beyte674hge', 'Anonim', '', NULL, NULL, NULL, NULL, NULL, NULL, NULL, NULL, NULL, NULL, NULL, NULL, NULL, NULL, NULL, NULL, NULL, NULL, NULL, NULL, 3, '1990-01-01 00:00:00', NULL, NULL, NULL, 1, NULL),
('tanla@blank-magazine.com', '', 'EA43183197BD2AE5', 'tanla', 'User', 'Tanla', '', '', '', '', '', '', '', '', '', '', '', '', '', '', '', '', '', '', 0, 4, '2011-10-26 20:10:46', 1, '2011-10-26 22:51:44', 1, 1, 0),
('bahar@blank-magazine.com', '', '1224702C19A12CD7', 'bahar', 'User', 'Bahar', '', '', '', '', '', '', '', '', '', '', '', '', '', '', '', '', '', '', 0, 7, '2011-10-26 21:27:49', 1, '2011-10-26 22:51:36', 1, 1, 0),
('deniz@blank-magazine.com', '', '2C27E24C0E9FC51C', 'deniz', 'User', 'Deniz', '', '', '', '', '', '', '', '', '', '', '', '', '', '', '', '', '', '', 0, 8, '2011-10-26 22:49:23', 1, '2011-10-26 22:51:28', 1, 1, 0);
