﻿<?xml version="1.0" encoding="utf-8"?>
<CodeGenerator xmlns:xsi="http://www.w3.org/2001/XMLSchema-instance" xmlns:xsd="http://www.w3.org/2001/XMLSchema">
  <Templates>
    <Template>
      <Name>hbm</Name>
      <FileNameFormat>Hbm\$=util.Cap(table.Database.Name)$\$=util.Cap(table.Name)$.hbm.xml</FileNameFormat>
      <Code>&lt;?xml version="1.0" encoding="utf-8" ?&gt;
&lt;hibernate-mapping xmlns="urn:nhibernate-mapping-2.2" schema="$=table.Database.Name$"&gt;
	&lt;class name="Interpress.Entities.$=util.Cap(table.Database.Name)$.$=util.Cap(table.Name)$, Interpress.Entities" table="$=table.Name$" $=(table.IsView?'mutable="false"':'dynamic-update="true"')$&gt;
		&lt;cache usage="$=(table.IsView?'read-only':'read-write')$" region="$=table.Database.Name$.$=table.Name$"/&gt;

		&lt;id name="$=(table.PrimaryColumn?util.Cap(table.PrimaryColumn.Name):'Id')$" column="$=(table.PrimaryColumn?table.PrimaryColumn.Name:'id')$" type="long" unsaved-value="-1"&gt;
			&lt;generator class="native" /&gt;
		&lt;/id&gt;

$
foreach(field in table.Columns){ 
	if(field.IsPrimaryKey || field.Name=='id') continue;
$
		&lt;property name="$=util.Cap(field.Name)$" column="$=field.Name$" type="$=util.CSType(field.ColumnType.ToString())$" /&gt;
$ } $

$ 
foreach(field in table.Columns){ 
	if(field.ReferenceColumn){ 
$
		&lt;many-to-one name="$=util.Cap(field.ReferenceColumn.Table.Name)$" column="$=field.Name$" not-found="ignore" fetch="join" insert="false" update="false" /&gt;
$ }} $

$ 
if(table.IsView==false)
{
	foreach(tbl in table.Database.Tables){ 
		foreach(field in tbl.Columns){ 
			if(field.ReferenceColumn) {
				if(field.ReferenceColumn.Table.Name==table.Name &amp;&amp; field.ReferenceColumn.Name==table.PrimaryColumn.Name){ 
	$
     &lt;bag name="$=util.Cap(tbl.Name)$Listesi" 
          lazy="true"
          table="$=tbl.Name$" inverse="true" 
          cascade="All" &gt;
       &lt;key column="$=table.PrimaryColumn.Name$"/&gt;
       &lt;one-to-many class="Interpress.Entities.$=util.Cap(tbl.Database.Name)$.$=util.Cap(tbl.Name)$, Interpress.Entities"  not-found="ignore" /&gt;
     &lt;/bag&gt;
$ }}}}} $

	&lt;/class&gt;
&lt;/hibernate-mapping&gt;</Code>
      <Category>Interpress</Category>
    </Template>
    <Template>
      <Name>--- column_names</Name>
      <Code>return new List&lt;ColumnDefinition&gt;(){
$
foreach(field in table.Columns){ 
	if(field.IsPrimaryKey) continue;
$	new ColumnDefinition(){Name="$=util.CapWithDash(field.Name)$", DisplayName="$=util.CapWithDash(field.Name)$", Width=150},
$ } $
};</Code>
      <Category>Other</Category>
    </Template>
    <Template>
      <Name>Entity : BaseEntity</Name>
      <FileNameFormat>Entities\$=util.Cap(table.Database.Name)$\$=util.Cap(table.Name)$.cs</FileNameFormat>
      <Code>$
function onBase(fieldName)
{
	var cont = (fieldName=="id");
	cont = cont || (fieldName == "insert_date");
	cont = cont || (fieldName == "insert_user_id");
	cont = cont || (fieldName == "update_date");
	cont = cont || (fieldName == "update_user_id");
	cont = cont || (fieldName == "deleted");
	return cont;
}
$using System;
using System.Collections.Generic;
using System.Runtime.Serialization;
using Interpress.Entities.Base;

namespace Interpress.Entities.$=util.Cap(table.Database.Name)$
{
    [DataContract(IsReference = true)]
    public class $=util.Cap(table.Name)$ : BaseEntity
    {
$ 
foreach(field in table.Columns){ 
	if(onBase(field.Name)) continue; 
	var TYPE = util.CSType(field.ColumnType.ToString());
	var fieldName = util.Camel(field.Name);
	var val = util.CSTypeConstant(field.ColumnType.ToString());
$
        private $=TYPE$ $=fieldName$ = $=val$;
$ } $
$ 
foreach(field in table.Columns){ 
	if(field.ReferenceColumn) { 
		var TYPE = util.Cap(field.ReferenceColumn.Table.Name);
		var fieldName = util.Camel(field.Name).Replace('Id','');
$
        private $=TYPE$ $=fieldName$ = null;
$ }} $

$ 
foreach(field in table.Columns){ 
	if(onBase(field.Name)) continue; 

	var TYPE = util.CSType(field.ColumnType.ToString());
	var fieldName = util.Camel(field.Name);
	var ColumnName = util.Cap(field.Name);
$
        [DataMember]
        public virtual $=TYPE$ $=ColumnName$
        {
            get { return $=fieldName$; }
            set { $=fieldName$ = value; }
        }
$ } $

$ 
foreach(field in table.Columns){ 
	if(field.ReferenceColumn) { 
		var fieldName = util.Camel(field.Name).Replace('Id','');
$
        [DataMember]
        public virtual $=util.Cap(field.ReferenceColumn.Table.Name)$ $=util.Cap(field.Name).Replace('Id','')$
        {
            get { return $=fieldName$; }
            set { $=fieldName$ = value; if($=fieldName$!=null) $=util.Camel(field.Name)$ = $=fieldName$.Id;}
        }
$ }} $

$ 
if(table.IsView==false)
{
foreach(tbl in table.Database.Tables){ 
	foreach(field in tbl.Columns){ 
		if(field.ReferenceColumn) {
			if(field.ReferenceColumn.Table.Name==table.Name &amp;&amp; field.ReferenceColumn.Name==table.PrimaryColumn.Name){ 
$
        IList&lt;$=util.Cap(tbl.Name)$&gt; $=util.Camel(tbl.Name)$Listesi;
        
        public virtual IList&lt;$=util.Cap(tbl.Name)$&gt; $=util.Cap(tbl.Name)$Listesi
        {
            get { return $=util.Camel(tbl.Name)$Listesi; }
            set { $=util.Camel(tbl.Name)$Listesi = value; }
        }
$ }}}}} $

    }

	public class $=util.Cap(table.Name)$Columns : BaseEntityColumns
	{
$ 
foreach(field in table.Columns){ 
	if(onBase(field.Name)) continue; 
	var ColumnName = util.Cap(field.Name);
	if(field.ReferenceColumn) {
		echo('\r\n        public const string '+ColumnName.Replace('Id','')+' = "'+ColumnName.Replace('Id','')+'";\r\n');
	}
$
        public const string $=ColumnName$ = "$=ColumnName$";$ } $

	}
}

</Code>
      <Category>Interpress</Category>
    </Template>
    <Template>
      <Name>Entity</Name>
      <FileNameFormat>$=util.Cap(table.Database.Name)$\Library\Entities\$=util.Cap(table.Name)$.cs</FileNameFormat>
      <Code>$
function onBase(ColumnName)
{
	var cont = (ColumnName=="id");
	cont = cont || (ColumnName == "insert_date");
	cont = cont || (ColumnName == "InsertDate");
	cont = cont || (ColumnName == "insert_user_id");
	cont = cont || (ColumnName == "InsertUserId");
	cont = cont || (ColumnName == "visible");
	cont = cont || (ColumnName == "Visible");
	return cont;
}
$
using System;
using Cinar.Database;
using Library.Entities;

namespace $=util.Cap(table.Database.Name)$.Library.Entities
{
    public class $=util.Cap(table.Name)$ : BaseEntity
    {
$ 
foreach(Column in table.Columns){ 
	if(onBase(Column.Name)) continue; 
	var TYPE = util.CSType(Column.ColumnType.ToString());
	var ColumnName = util.Camel(Column.Name);
	var val = util.CSTypeConstant(Column.ColumnType.ToString());
$
        private $=TYPE$ $=ColumnName$ = $=val$;
$ } $
$ 
foreach(Column in table.Columns){ 
	if(Column.ReferenceColumn) { 
		var TYPE = util.Cap(Column.ReferenceColumn.Table.Name);
		var ColumnName = util.Camel(Column.Name).Replace('Id','');
$
        private $=TYPE$ $=ColumnName$ = null;
$ }} $

$ 
foreach(Column in table.Columns){ 
	if(onBase(Column.Name)) continue; 

	var TYPE = util.CSType(Column.ColumnType.ToString());
	var ColumnName = util.Camel(Column.Name);
	var ColumnName = util.Cap(Column.Name);
$
        public $=TYPE$ $=ColumnName$
        {
            get { return $=ColumnName$; }
            set { $=ColumnName$ = value; }
        }
$ } $

$ 
foreach(Column in table.Columns){ 
	if(Column.ReferenceColumn) { 
		var ColumnName = util.Camel(Column.Name).Replace('Id','');
$
        public virtual $=util.Cap(Column.ReferenceColumn.Table.Name)$ $=util.Cap(Column.Name).Replace('Id','')$
        {
            get { return $=ColumnName$; }
            set { $=ColumnName$ = value; if($=ColumnName$!=null) $=util.Camel(Column.Name)$ = $=ColumnName$.Id;}
        }
$ }} $

$ 
foreach(tbl in table.Database.Tables){ 
	foreach(Column in tbl.Columns){ 
		if(Column.ReferenceColumn) {
			if(Column.ReferenceColumn.Table.Name==table.Name &amp;&amp; Column.ReferenceColumn.Name==table.PrimaryColumn.Name){ 
$
        IList&lt;$=util.Cap(tbl.Name)$&gt; $=util.Camel(tbl.Name)$Listesi;
        
        public virtual IList&lt;$=util.Cap(tbl.Name)$&gt; $=util.Cap(tbl.Name)$Listesi
        {
            get { return $=util.Camel(tbl.Name)$Listesi; }
            set { $=util.Camel(tbl.Name)$Listesi = value; }
        }
$ }}}} $

    }

	public class $=util.Cap(table.Name)$Columns : BaseEntityColumns
	{
$ 
foreach(Column in table.Columns){ 
	if(onBase(Column.Name)) continue; 
	var ColumnName = util.Cap(Column.Name);
$
        public const string $=ColumnName$ = "$=ColumnName$";$ } $

	}
}


</Code>
      <Category>Cinar</Category>
    </Template>
    <Template>
      <Name>ObjectWithTags</Name>
      <FileNameFormat>$=util.Cap(table.Database.Name)$\Library\ObjectWithTags.cs</FileNameFormat>
      <Code>using System;
using System.Collections.Generic;
using System.Text;
using System.Reflection;
using System.Data;
using System.Collections.Specialized;
using System.Collections;
using System.Web;

namespace $=util.Cap(table.Database.Name)$.Library
{
    public abstract class ObjectWithTags
    {
        private Hashtable tags = new Hashtable();

        public object this[string key]
        {
            get { return tags[key]; }
            set
            {
                tags[key] = value;
            }
        }

        public bool ContainsKey(string key)
        {
            return tags.ContainsKey(key);
        }

        private Hashtable originalValues = new Hashtable();
        public Hashtable GetOriginalValues()
        {
            return originalValues;
        }
    }
}
</Code>
      <Category>Cinar</Category>
    </Template>
    <Template>
      <Name>BaseEntity</Name>
      <FileNameFormat>$=util.Cap(table.Database.Name)$\Library\Entities\BaseEntity.cs</FileNameFormat>
      <Code>using System;
using System.Collections.Generic;
using System.Text;
using System.Reflection;
using System.Data;
using System.Collections.Specialized;
using System.Collections;
using System.Web;
using Cinar.Database;
using $=util.Cap(table.Database.Name)$.Library;
using System.ComponentModel;

namespace $=util.Cap(table.Database.Name)$.Library.Entities
{
    [DataObject(true)]
    public abstract class BaseEntity : ObjectWithTags, IDatabaseEntity
    {
        public virtual void Initialize()
        {
        }

        #region fields
        private int id;
        private DateTime insertDate;
        private int insertUserId;
        private bool visible = true;
        #endregion

        [ColumnDetail(IsAutoIncrement=true, IsPrimaryKey=true, IsNotNull=true)]
        public int Id
        {
            get { return id; }
            set { id = value; }
        }

        public DateTime InsertDate
        {
            get { return insertDate; }
            set { insertDate = value; }
        }

        [ColumnDetail(References = typeof(User))]
        public int InsertUserId
        {
            get { return insertUserId; }
            set { insertUserId = value; }
        }

        [ColumnDetail(IsNotNull = false, DefaultValue = "1")]
        public bool Visible
        {
            get { return visible; }
            set { visible = value; }
        }

        public virtual void Validate()
        {
            Table tbl = Provider.Database.Tables[this.GetType().Name];

            if (tbl == null)
                tbl = Provider.Database.CreateTableForType(this.GetType());

            foreach (Column field in tbl.Columns)
            {
                object fieldValue = this.GetType().GetProperty(field.Name).GetValue(this, null);

                bool isEmpty = !field.IsNullable &amp;&amp; (fieldValue == null || String.IsNullOrEmpty(fieldValue.ToString()));
                if (isEmpty)
                    throw new Exception(field.Name + " alanı boş bırakılamaz!");

                bool isOverflow = fieldValue != null &amp;&amp; fieldValue is String &amp;&amp; fieldValue.ToString().Length &gt; field.Length;
                if (isOverflow)
                    throw new Exception(field.Name + " alanının değeri " + field.Length + " karakterden fazla olamaz!");
            }
        }

        public virtual void Save(bool ignoreValidation)
        {
            try
            {
                Provider.Database.Begin();

                bool savedBefore = (Id &gt; 0);

                if (!savedBefore)
                {
                    this.InsertDate = DateTime.Now;
                    this.InsertUserId = Provider.User.Id;
                }
                else
                {
                    History hist = new History();
                    hist.EntityName = this.GetType().Name;
                    hist.EntityId = this.Id;
                    hist.Changes = this.GetChanges();
                    hist.Save();
                }

                if(!ignoreValidation)
                    this.Validate();

                this.beforeSave(savedBefore);
                Provider.Database.Save(this);
                this.afterSave(savedBefore);

                Provider.Database.Commit();
            }
            catch (Exception ex)
            {
                Provider.Database.Rollback();
                throw ex;
            }
        }

        public virtual void Save()
        {
            this.Save(false);
        }

        private string GetChanges()
        {
            StringBuilder sb = new StringBuilder();

            Hashtable originals = this.GetOriginalValues();
            foreach (string key in originals.Keys)
            {
                PropertyInfo pi = this.GetType().GetProperty(key);
                if (pi != null)
                {
                    object newVal = pi.GetValue(this, null);
                    object oldVal = originals[key];

                    if (newVal!=null &amp;&amp; newVal.Equals(oldVal)) continue; //***

                    if (pi.PropertyType.IsEnum)
                        oldVal = oldVal!=null ? Utility.IntToEnum(pi.PropertyType, (int)oldVal) : Enum.GetValues(pi.PropertyType).GetValue(0);
                    string strNewVal = newVal != null ? newVal.ToString() : "";
                    string strOldVal = oldVal != null ? oldVal.ToString() : "";
                    if(strOldVal!=strNewVal)
                        sb.AppendFormat("{0} : ({1}) =&gt; ({2})" + Environment.NewLine, 
                            key, 
                            strOldVal, 
                            strNewVal);
                }
            }

            return sb.ToString();
        }
        protected virtual void beforeSave(bool isUpdate) { }
        protected virtual void afterSave(bool isUpdate) { }

        public static T Read&lt;T&gt;(int id)
        {
            return (T)Provider.Database.Read(typeof(T), id);
        }
        public void Read()
        {
            if (this.Id &lt;= 0)
                throw new Exception("Entity id must be greater than zero");

            Provider.Database.FillEntity(this);
        }

        public void Delete()
        {
            try
            {
                Provider.Database.Begin();

                this.beforeDelete();

                // entitinin kendisini silelim
                Provider.Database.ExecuteNonQuery("delete from ["+this.GetType().Name+"] where Id=" + this.Id);
                
                this.afterDelete();

                Provider.Database.Commit();
            }
            catch (Exception ex)
            {
                Provider.Database.Rollback();
                throw ex;
            }
        }
        protected virtual void beforeDelete() { }
        protected virtual void afterDelete() { }


        #region IDatabaseEntity Members


        public virtual string GetNameColumn()
        {
            throw new Exception("The method or operation is not implemented.");
        }

        public virtual string GetNameValue()
        {
            throw new Exception("The method or operation is not implemented.");
        }

        #endregion

    }
}
</Code>
      <Category>Cinar</Category>
    </Template>
    <Template>
      <Name>Provider</Name>
      <FileNameFormat>$=util.Cap(table.Database.Name)$\Library\Provider.cs</FileNameFormat>
      <Code>using System;
using System.Collections.Generic;
using System.Text;
using System.Reflection;
using System.Data;
using System.Collections.Specialized;
using System.IO;
using System.Drawing;
using System.Collections;
using System.Drawing.Imaging;
using System.Net.Mail;
using System.Net;
using System.Drawing.Drawing2D;
using System.Text.RegularExpressions;
using $=util.Cap(table.Database.Name)$.Library.Entities;
using Cinar.Database;
using Cinar.Scripting;
using System.Configuration;
using System.Runtime.InteropServices;

namespace $=util.Cap(table.Database.Name)$.Library
{
    public class Provider
    {
        private static Database db;
        public static Database Database
        {
            get
            {
                if (db == null)
                {
                    string sqlCon = ConfigurationSettings.AppSettings["sqlConnection"];
                    DatabaseProvider sqlPro = (DatabaseProvider)Enum.Parse(typeof(DatabaseProvider), ConfigurationSettings.AppSettings["sqlProvider"]);
                    db = new Database(sqlCon, sqlPro);
                }
                return db;
            }
        }

        public static Type GetEntityType(string entityName)
        {
            return Assembly.GetExecutingAssembly().GetType("$=util.Cap(table.Database.Name)$.Library.Entities." + entityName, false, true);
        }
        public static Entities.BaseEntity CreateEntity(Type entityType)
        {
            return (Entities.BaseEntity)entityType.GetConstructor(Type.EmptyTypes).Invoke(null);
        }
        public static Entities.BaseEntity CreateEntity(string entityName)
        {
            return CreateEntity(GetEntityType(entityName));
        }

        public static List&lt;Type&gt; GetEntityTypes()
        {
            return GetEntityTypes(false);
        }
        public static List&lt;Type&gt; GetEntityTypes(bool abstractEntities)
        {
            List&lt;Type&gt; types = new List&lt;Type&gt;();
            foreach (Type type in Assembly.GetExecutingAssembly().GetTypes())
                if (type.IsSubclassOf(typeof(Entities.BaseEntity)) &amp;&amp; type.IsAbstract==abstractEntities)
                    types.Add(type);
            return types;
        }
        public static IDatabaseEntity[] GetIdNameList(string entityName, string extraWhere)
        {
            Type tip = Provider.GetEntityType(entityName);
            BaseEntity sampleEntity = Provider.CreateEntity(entityName);

            string where = "where 1=1" + (String.IsNullOrEmpty(extraWhere) ? "" : " AND (" + extraWhere + ")");

            switch (entityName)
            {
                case "Content":
                    where += " AND ClassName='Category'";
                    break;
            }
            IDatabaseEntity[] entities = Provider.Database.ReadList(tip, "select Id, [" + sampleEntity.GetNameField() + "] from [" + entityName + "]" + where + " order by [" + sampleEntity.GetNameField() + "]");
            return entities;
        }

        private static User user;
        public static User User
        {
            get
            {
                if (user == null) user = new User();
                return user;
            }
            set { user = value; }
        }

        private static string currentCulture;
        public static string CurrentCulture
        {
            get
            {
                return currentCulture;
            }
            internal set
            {
                currentCulture = value;
            }
        }

        private static Configuration configuration;
        public static Configuration Configuration
        {
            get
            {
                if (configuration == null)
                {
                    configuration = Configuration.Read();
                }
                return configuration;
            }
            set
            {
                configuration = value;
            }
        }

        private static string tmpFolderPath;
        public static string TempFolderPath
        {
            get 
            {
                if (tmpFolderPath == null)
                {
                    tmpFolderPath = Environment.GetFolderPath(Environment.SpecialFolder.ApplicationData) + "\\$=util.Cap(table.Database.Name)$";
                    if (!Directory.Exists(tmpFolderPath))
                        Directory.CreateDirectory(tmpFolderPath);
                }
                return tmpFolderPath;
            }
        }

        public static string GetResource(string code) 
        {
            return "?" + code;
        }

        private static Server _server;
        public static Server Server
        {
            get {
                if (_server == null)
                    _server = new Server();
                return _server;
            }
        }

        public static Interpreter GetInterpreter(string template, object forThis)
        {
            Interpreter engine = new Interpreter(template, new List&lt;string&gt;() { "$=util.Cap(table.Database.Name)$.Library" });
            engine.SetAttribute("Context", new ProviderWrapper());
            engine.SetAttribute("this", forThis);
            return engine;
        }


    }

    public class Server
    {
        public string MapPath(string path)
        {
            string rootPath = Assembly.GetEntryAssembly().Location;
            string fileName = Path.GetFileName(rootPath);
            return rootPath.Replace(fileName, path);
        }
    }

    public class ProviderWrapper
    {
        public DataTable GetDataTable(string sql)
        {
            return Provider.Database.GetDataTable(sql);
        }
        public DataRow GetDataRow(string sql)
        {
            return Provider.Database.GetDataRow(sql);
        }
        public object GetValue(string sql)
        {
            return Provider.Database.GetValue(sql);
        }
        public int ExecuteNonQuery(string sql)
        {
            return Provider.Database.ExecuteNonQuery(sql);
        }
    }


}
</Code>
      <Category>Cinar</Category>
    </Template>
    <Template>
      <Name>EditEntity Form</Name>
      <FileNameFormat>ApplicationLayer\WinClient\PlugIns\$=util.Cap(table.Database.Name)$\Controls\Edit$=util.Cap(table.Name)$.cs</FileNameFormat>
      <Code>$
function onBase(fieldName)
{
	var cont = (fieldName=="id");
	cont = cont || (fieldName == "insert_date");
	cont = cont || (fieldName == "insert_user_id");
	cont = cont || (fieldName == "update_date");
	cont = cont || (fieldName == "update_user_id");
	cont = cont || (fieldName == "deleted");
	return cont;
}
$
using System;
using System.Collections.Generic;
using System.ComponentModel;
using System.Linq;
using System.Windows.Forms;
using DevExpress.XtraEditors;
using Cinar.UICommands;
using Interpress.ApplicationLayer.WinClient.PlugIns.PlugInLibrary;
using Interpress.Entities.Base;
using Interpress.Entities.$=util.Cap(table.Database.Name)$;
using Interpress.Entities.Lib.Enums;
using Interpress.Messages.Base;

namespace Interpress.ApplicationLayer.WinClient.PlugIns.NarAjans.Controls
{
    [EditForm(
        RequiredRight = UserRights.$=util.Cap(table.Database.Name)$_Open$=util.Cap(table.Name)$,
        EntityType = typeof($=util.Cap(table.Name)$), 
        CategoryName = "$=util.Cap(table.Database.Name)$", 
        DisplayName = "$=util.Cap(table.Name)$ Listesi",
        ImageKey = "$=util.Cap(table.Name)$")]
    public partial class Edit$=util.Cap(table.Name)$ : XtraUserControl, IEntityEditControl
    {
        public Edit$=util.Cap(table.Name)$()
        {
            InitializeComponent();
        }

        public CommandCollection GetCommands()
        {
            return new CommandCollection() { 
                           new Command(){
                                            Execute = (arg)=&gt;{ShowEntity((BaseEntity)editName.SelectedItem);},
                                            Trigger = new CommandTrigger(){Control=editName, Event="ItemSelected"},
                                        },
                           new Command(){
                                            Execute = cmdAddNew$=util.Cap(table.Name)$,
                                            Trigger = new CommandTrigger(){Control=btnAdd$=util.Cap(table.Name)$},
                                            IsEnabled = () =&gt; Current$=util.Cap(table.Name)$.Id != -1
                                        },
                           new Command(){
                                            Execute = cmdSave$=util.Cap(table.Name)$,
                                            Trigger = new CommandTrigger(){Control=btnSave$=util.Cap(table.Name)$}
                                        },
                           new Command(){
                                            Execute = cmdDelete$=util.Cap(table.Name)$,
                                            Trigger = new CommandTrigger(){Control=btnDelete$=util.Cap(table.Name)$},
                                            IsEnabled = () =&gt; Current$=util.Cap(table.Name)$.Id != -1
                                        },
                       };
        }
        public void Initialize(CommandManager cmdMan)
        {
$ 
foreach(tbl in table.Database.Tables){ 
	foreach(field in tbl.Columns){ 
		if(field.ReferenceColumn) {
			if(field.ReferenceColumn.Table.Name==table.Name &amp;&amp; field.ReferenceColumn.Name==table.PrimaryColumn.Name){ 
$
            setupListEntity$=util.Cap(tbl.Name)$();
            cmdMan.Commands.AddRange(listEntity$=util.Cap(tbl.Name)$.GetCommands());
$ }}}} $
        }

        protected override void OnLoad(EventArgs e)
        {
            base.OnLoad(e);

            this.LookAndFeel.StyleChanged += delegate
                                                 {
$ 
foreach(tbl in table.Database.Tables){ 
	foreach(field in tbl.Columns){ 
		if(field.ReferenceColumn) {
			if(field.ReferenceColumn.Table.Name==table.Name &amp;&amp; field.ReferenceColumn.Name==table.PrimaryColumn.Name){ 
$
                                                     listEntity$=util.Cap(tbl.Name)$.WhenStyleChanged();
$ }}}} $
                                                 };
        }

$ 
foreach(tbl in table.Database.Tables){ 
	foreach(field in tbl.Columns){ 
		if(field.ReferenceColumn) {
			if(field.ReferenceColumn.Table.Name==table.Name &amp;&amp; field.ReferenceColumn.Name==table.PrimaryColumn.Name){ 
$
        private void setupListEntity$=util.Cap(tbl.Name)$()
        {
            listEntity$=util.Cap(tbl.Name)$.EntityType = typeof($=util.Cap(tbl.Name)$);
            listEntity$=util.Cap(tbl.Name)$.GetVisibleColumns = () =&gt; new ColumnDefinitionList{
$ 
	foreach(f in tbl.Columns){ if(onBase(f.Name)) continue; $
                                                                 new ColumnDefinition(){Name="$=util.Cap(f.Name)$", DisplayName="$=util.Cap(f.Name)$", Width=50},$
 } $
                                                             };
            listEntity$=util.Cap(tbl.Name)$.GetDataSource = () =&gt;
                                                   {
                                                       return DMT.Provider.Proxy$=util.Cap(tbl.Database.Name)$.Get$=util.Cap(tbl.Name)$FullList(
                                                           FilterExpression.Create("$=util.Cap(field.Name)$", CriteriaTypes.Eq, Current$=util.Cap(table.Name)$.Id.ToString()),
                                                               0, 0).OrderBy(ak =&gt; ak.XXX.YYY).ToList();
                                                   };
            //listEntityMusteriSector.CreateEntityForm = (entity) =&gt; new FormMusteriSector(CurrentSector.Id, -1, (MusteriSector)entity);
        }
$ }}}} $

        public Type GetEntityType()
        {
            return typeof($=util.Cap(table.Name)$);
        }

        public List&lt;ColumnDefinition&gt; GetVisibleColumns()
        {
            return new List&lt;ColumnDefinition&gt;(){
$ foreach(f in table.Columns){ if(onBase(f.Name)) continue; $
                                                   new ColumnDefinition(){Name="$=util.Cap(f.Name)$", DisplayName="$=util.Cap(f.Name)$", Width=50},
$ } $
                                               };
        }

        public BaseEntity CurrentEntity
        {
            get {
                return Current$=util.Cap(table.Name)$;
            }
        }

        private object entityList;
        public object GetEntityList(FilterExpression fExp, int pageNo, int pageSize)
        {
            if (entityList == null)
                entityList = DMT.Provider.Proxy$=util.Cap(table.Database.Name)$.GetList&lt;$=util.Cap(table.Name)$&gt;().ToList();
            return entityList;
        }

        private $=util.Cap(table.Name)$ current$=util.Cap(table.Name)$;
        public $=util.Cap(table.Name)$ Current$=util.Cap(table.Name)$
        {
            get
            {
                if (current$=util.Cap(table.Name)$ == null)
                    current$=util.Cap(table.Name)$ = new $=util.Cap(table.Name)$();
                return current$=util.Cap(table.Name)$;
            }
            set
            {
                current$=util.Cap(table.Name)$ = value;
            }
        }

        private ListEntity listForm;
        public ListEntity ListForm
        {
            get
            {
                return listForm;
            }
            set
            {
                listForm = value;
            }
        }

        public FilterExpression GetFilter()
        {
            return null;
        }

        public Control GetControl(string fieldName)
        {
            return layoutEntity.GetControlByName("edit" + fieldName);
        }

        public void ShowEntity(BaseEntity entity)
        {
            Current$=util.Cap(table.Name)$ = ($=util.Cap(table.Name)$)entity;

            if (Current$=util.Cap(table.Name)$.Id &gt; 0)
            {
                DMT.Provider.UpdateEditControlValuesWithEntity(layoutEntity, Current$=util.Cap(table.Name)$);
$ 
foreach(tbl in table.Database.Tables){ 
	foreach(field in tbl.Columns){ 
		if(field.ReferenceColumn) {
			if(field.ReferenceColumn.Table.Name==table.Name &amp;&amp; field.ReferenceColumn.Name==table.PrimaryColumn.Name){ 
$
                listEntity$=util.Cap(tbl.Name)$.BindData();
$ }}}} $
                panelDetail.Visible = true;
            }
            else
            {
                DMT.Provider.UpdateEditControlValuesWithEntity(layoutEntity, Current$=util.Cap(table.Name)$);
                panelDetail.Visible = false;
            }
        }

        private void cmdAddNew$=util.Cap(table.Name)$(string arg)
        {
            ShowEntity(new $=util.Cap(table.Name)$());
            editName.Focus();
        }
        private void cmdSave$=util.Cap(table.Name)$(string arg)
        {
            DMT.Provider.UpdateEntityWithEditControlValues(layoutEntity, Current$=util.Cap(table.Name)$);

            if (Current$=util.Cap(table.Name)$.Id &lt; 0)
            {
                Current$=util.Cap(table.Name)$.Id = DMT.Provider.Proxy$=util.Cap(table.Database.Name)$.Add$=util.Cap(table.Name)$(Current$=util.Cap(table.Name)$);
            }
            else
            {
                $=util.Cap(table.Name)$ updated$=util.Cap(table.Name)$ = DMT.Provider.Proxy$=util.Cap(table.Database.Name)$.Update$=util.Cap(table.Name)$(Current$=util.Cap(table.Name)$);
                current$=util.Cap(table.Name)$ = updated$=util.Cap(table.Name)$;
            }
            listForm.BindGrid();
            listForm.FocusCurrentEntity();
        }
        private void cmdDelete$=util.Cap(table.Name)$(string arg)
        {
            if (DMT.Provider.Confirm("$=util.Cap(table.Name)$ kaydı silinecek. Onaylıyor musunuz?"))
            {
                DMT.Provider.Proxy$=util.Cap(table.Database.Name)$.Delete$=util.Cap(table.Name)$(Current$=util.Cap(table.Name)$.Id);
                listForm.BindGrid();
                listForm.FocusFirstEntity();
            }
        }

        public string GetTitle()
        {
            return "$=util.Cap(table.Name)$" + (!string.IsNullOrEmpty(Current$=util.Cap(table.Name)$.Name) ? " - " + Current$=util.Cap(table.Name)$.Name : "");
        }
    }
}</Code>
      <Category>Interpress UI</Category>
    </Template>
    <Template>
      <Name>EditEntity.designer</Name>
      <FileNameFormat>ApplicationLayer\WinClient\PlugIns\$=util.Cap(table.Database.Name)$\Controls\Edit$=util.Cap(table.Name)$.Designer.cs</FileNameFormat>
      <Code>namespace Interpress.ApplicationLayer.WinClient.PlugIns.$=util.Cap(table.Database.Name)$.Controls
{
    partial class Edit$=util.Cap(table.Name)$
    {
        /// &lt;summary&gt; 
        /// Required designer variable.
        /// &lt;/summary&gt;
        private System.ComponentModel.IContainer components = null;

        /// &lt;summary&gt; 
        /// Clean up any resources being used.
        /// &lt;/summary&gt;
        /// &lt;param name="disposing"&gt;true if managed resources should be disposed; otherwise, false.&lt;/param&gt;
        protected override void Dispose(bool disposing)
        {
            if (disposing &amp;&amp; (components != null))
            {
                components.Dispose();
            }
            base.Dispose(disposing);
        }

        #region Component Designer generated code

        /// &lt;summary&gt; 
        /// Required method for Designer support - do not modify 
        /// the contents of this method with the code editor.
        /// &lt;/summary&gt;
        private void InitializeComponent()
        {
            System.ComponentModel.ComponentResourceManager resources = new System.ComponentModel.ComponentResourceManager(typeof(Edit$=util.Cap(table.Name)$));
            this.layoutEntity = new DevExpress.XtraLayout.LayoutControl();
            this.editName = new Interpress.ApplicationLayer.WinClient.PlugIns.PlugInLibrary.LookUp();
            this.layoutControlGroup1 = new DevExpress.XtraLayout.LayoutControlGroup();
            this.layoutControlItem1 = new DevExpress.XtraLayout.LayoutControlItem();
            this.btnAdd$=util.Cap(table.Name)$ = new DevExpress.XtraEditors.SimpleButton();
            this.btnSave$=util.Cap(table.Name)$ = new DevExpress.XtraEditors.SimpleButton();
            this.btnDelete$=util.Cap(table.Name)$ = new DevExpress.XtraEditors.SimpleButton();
            this.panelDetail = new DevExpress.XtraEditors.PanelControl();
$ 
foreach(tbl in table.Database.Tables){ 
	foreach(field in tbl.Columns){ 
		if(field.ReferenceColumn) {
			if(field.ReferenceColumn.Table.Name==table.Name &amp;&amp; field.ReferenceColumn.Name==table.PrimaryColumn.Name){ 
$
            this.listEntity$=util.Cap(tbl.Name)$ = new Interpress.ApplicationLayer.WinClient.PlugIns.PlugInLibrary.ListEntitySimple();
$ }}}} $

$ foreach(f in table.Columns) {
	if(f.ReferenceColumn){
		var kontrolName = util.Cap(f.Name).Replace('Id','');
$            this.edit$=kontrolName$ = new Interpress.ApplicationLayer.WinClient.PlugIns.PlugInLibrary.LookUp();
            this.layoutControlItem$=kontrolName$ = new DevExpress.XtraLayout.LayoutControlItem();
$}}$

            ((System.ComponentModel.ISupportInitialize)(this.layoutEntity)).BeginInit();
            this.layoutEntity.SuspendLayout();
            ((System.ComponentModel.ISupportInitialize)(this.editName.Properties)).BeginInit();
            ((System.ComponentModel.ISupportInitialize)(this.layoutControlGroup1)).BeginInit();
            ((System.ComponentModel.ISupportInitialize)(this.layoutControlItem1)).BeginInit();
$ foreach(f in table.Columns) {
	if(f.ReferenceColumn){
		var kontrolName = util.Cap(f.Name).Replace('Id','');
$            ((System.ComponentModel.ISupportInitialize)(this.edit$=kontrolName$.Properties)).BeginInit();
            ((System.ComponentModel.ISupportInitialize)(this.layoutControlItem$=kontrolName$)).BeginInit();
$}}$
            ((System.ComponentModel.ISupportInitialize)(this.panelDetail)).BeginInit();
            this.panelDetail.SuspendLayout();
            this.SuspendLayout();
            // 
            // layoutEntity
            // 
            this.layoutEntity.Anchor = ((System.Windows.Forms.AnchorStyles)(((System.Windows.Forms.AnchorStyles.Top | System.Windows.Forms.AnchorStyles.Left)
                        | System.Windows.Forms.AnchorStyles.Right)));
            this.layoutEntity.Appearance.DisabledLayoutGroupCaption.ForeColor = System.Drawing.SystemColors.GrayText;
            this.layoutEntity.Appearance.DisabledLayoutGroupCaption.Options.UseForeColor = true;
            this.layoutEntity.Appearance.DisabledLayoutItem.ForeColor = System.Drawing.SystemColors.GrayText;
            this.layoutEntity.Appearance.DisabledLayoutItem.Options.UseForeColor = true;
            this.layoutEntity.Controls.Add(this.editName);
$ foreach(f in table.Columns) {
	if(f.ReferenceColumn){
		var kontrolName = util.Cap(f.Name).Replace('Id','');
$            this.layoutEntity.Controls.Add(this.edit$=kontrolName$);
$}}$
            this.layoutEntity.Location = new System.Drawing.Point(3, 3);
            this.layoutEntity.Name = "layoutEntity";
            this.layoutEntity.Root = this.layoutControlGroup1;
            this.layoutEntity.Size = new System.Drawing.Size(553, 65);
            this.layoutEntity.TabIndex = 0;
            // 
            // editName
            // 
            this.editName.DependentColumnName = null;
            this.editName.DependsOn = null;
            this.editName.DisplayColumnName = "Name";
            this.editName.EntityName = "$=util.Cap(table.Name)$";
            this.editName.Filter = null;
            this.editName.Location = new System.Drawing.Point(82, 7);
            this.editName.ModuleName = "$=util.Cap(table.Database.Name)$";
            this.editName.Name = "editName";
            this.editName.PopupAfterNChars = 0;
            this.editName.Properties.CharacterCasing = System.Windows.Forms.CharacterCasing.Upper;
            this.editName.SelectedItem = null;
            this.editName.ShowComboButton = false;
            this.editName.ShowEllipsisButton = false;
            this.editName.Size = new System.Drawing.Size(465, 20);
            this.editName.TabIndex = 4;
$ foreach(f in table.Columns) {
	if(f.ReferenceColumn){
		var kontrolName = util.Cap(f.Name).Replace('Id','');
$            // 
            // edit$=kontrolName$
            // 
            this.edit$=kontrolName$.DependentColumnName = null;
            this.edit$=kontrolName$.DependsOn = null;
            this.edit$=kontrolName$.DisplayColumnName = "Name";
            this.edit$=kontrolName$.EntityName = "$=util.Cap(f.ReferenceColumn.Table.Name)$";
            this.edit$=kontrolName$.Filter = null;
            this.edit$=kontrolName$.ModuleName = "$=util.Cap(f.ReferenceColumn.Table.Database.Name)$";
            this.edit$=kontrolName$.Name = "edit$=util.Cap(f.ReferenceColumn.Table.Name)$";
            this.edit$=kontrolName$.PopupAfterNChars = 0;
            this.edit$=kontrolName$.Properties.Buttons.AddRange(new DevExpress.XtraEditors.Controls.EditorButton[] {
            new DevExpress.XtraEditors.Controls.EditorButton(DevExpress.XtraEditors.Controls.ButtonPredefines.Combo),
            new DevExpress.XtraEditors.Controls.EditorButton()});
            this.edit$=kontrolName$.SelectedItem = null;
            this.edit$=kontrolName$.ShowComboButton = true;
            this.edit$=kontrolName$.ShowEllipsisButton = true;
            this.edit$=kontrolName$.Size = new System.Drawing.Size(460, 20);
            this.edit$=kontrolName$.TabIndex = 7;
            // 
            // layoutControlItem$=kontrolName$
            // 
            this.layoutControlItem$=kontrolName$.Control = this.edit$=kontrolName$;
            this.layoutControlItem$=kontrolName$.CustomizationFormText = "$=kontrolName$";
            this.layoutControlItem$=kontrolName$.Location = new System.Drawing.Point(0, 62);
            this.layoutControlItem$=kontrolName$.Name = "layoutControlItem$=kontrolName$";
            this.layoutControlItem$=kontrolName$.Size = new System.Drawing.Size(551, 31);
            this.layoutControlItem$=kontrolName$.Text = "$=kontrolName$";
            this.layoutControlItem$=kontrolName$.TextLocation = DevExpress.Utils.Locations.Left;
            this.layoutControlItem$=kontrolName$.TextSize = new System.Drawing.Size(75, 13);
$}}$
            // 
            // layoutControlGroup1
            // 
            this.layoutControlGroup1.CustomizationFormText = "layoutControlGroup1";
            this.layoutControlGroup1.Items.AddRange(new DevExpress.XtraLayout.BaseLayoutItem[] {
			this.layoutControlItem1,
$ foreach(f in table.Columns) {
	if(f.ReferenceColumn){
		var kontrolName = util.Cap(f.Name).Replace('Id','');
$			this.layoutControlItem$=kontrolName$,
$}}$
		});
            this.layoutControlGroup1.Location = new System.Drawing.Point(0, 0);
            this.layoutControlGroup1.Name = "layoutControlGroup1";
            this.layoutControlGroup1.Size = new System.Drawing.Size(553, 65);
            this.layoutControlGroup1.Spacing = new DevExpress.XtraLayout.Utils.Padding(0, 0, 0, 0);
            this.layoutControlGroup1.Text = "layoutControlGroup1";
            this.layoutControlGroup1.TextVisible = false;
            // 
            // layoutControlItem1
            // 
            this.layoutControlItem1.Control = this.editName;
            this.layoutControlItem1.CustomizationFormText = "$=util.Cap(table.Name)$ Adı";
            this.layoutControlItem1.Image = ((System.Drawing.Image)(resources.GetObject("layoutControlItem1.Image")));
            this.layoutControlItem1.Location = new System.Drawing.Point(0, 0);
            this.layoutControlItem1.Name = "layoutControlItem1";
            this.layoutControlItem1.Size = new System.Drawing.Size(551, 31);
            this.layoutControlItem1.Text = "$=util.Cap(table.Name)$ Adı";
            this.layoutControlItem1.TextLocation = DevExpress.Utils.Locations.Left;
            this.layoutControlItem1.TextSize = new System.Drawing.Size(70, 16);
            // 
            // btnAddSector
            // 
            this.btnAdd$=util.Cap(table.Name)$.Image = ((System.Drawing.Image)(resources.GetObject("btnAdd$=util.Cap(table.Name)$.Image")));
            this.btnAdd$=util.Cap(table.Name)$.ImageIndex = 1;
            this.btnAdd$=util.Cap(table.Name)$.Location = new System.Drawing.Point(3, 73);
            this.btnAdd$=util.Cap(table.Name)$.Name = "btnAdd$=util.Cap(table.Name)$";
            this.btnAdd$=util.Cap(table.Name)$.Size = new System.Drawing.Size(114, 22);
            this.btnAdd$=util.Cap(table.Name)$.TabIndex = 13;
            this.btnAdd$=util.Cap(table.Name)$.Text = "Yeni $=util.Cap(table.Name)$ Ekle";
            // 
            // btnSave$=util.Cap(table.Name)$
            // 
            this.btnSave$=util.Cap(table.Name)$.Image = ((System.Drawing.Image)(resources.GetObject("btnSave$=util.Cap(table.Name)$.Image")));
            this.btnSave$=util.Cap(table.Name)$.ImageIndex = 0;
            this.btnSave$=util.Cap(table.Name)$.Location = new System.Drawing.Point(132, 73);
            this.btnSave$=util.Cap(table.Name)$.Name = "btnSave$=util.Cap(table.Name)$";
            this.btnSave$=util.Cap(table.Name)$.Size = new System.Drawing.Size(82, 22);
            this.btnSave$=util.Cap(table.Name)$.TabIndex = 14;
            this.btnSave$=util.Cap(table.Name)$.Text = "Kaydet";
            // 
            // panelDetail
            // 
            this.panelDetail.Anchor = ((System.Windows.Forms.AnchorStyles)(((System.Windows.Forms.AnchorStyles.Top | System.Windows.Forms.AnchorStyles.Left)
                        | System.Windows.Forms.AnchorStyles.Right)));
            this.panelDetail.BorderStyle = DevExpress.XtraEditors.Controls.BorderStyles.NoBorder;
$ 
foreach(tbl in table.Database.Tables){ 
	foreach(field in tbl.Columns){ 
		if(field.ReferenceColumn) {
			if(field.ReferenceColumn.Table.Name==table.Name &amp;&amp; field.ReferenceColumn.Name==table.PrimaryColumn.Name){ 
$
            this.panelDetail.Controls.Add(this.listEntity$=util.Cap(tbl.Name)$);
$ }}}} $
            this.panelDetail.Location = new System.Drawing.Point(3, 112);
            this.panelDetail.Margin = new System.Windows.Forms.Padding(0);
            this.panelDetail.Name = "panelDetail";
            this.panelDetail.Size = new System.Drawing.Size(554, 468);
            this.panelDetail.TabIndex = 23;

$ 
var i = 0;
foreach(tbl in table.Database.Tables){ 
	foreach(field in tbl.Columns){ 
		if(field.ReferenceColumn) {
			if(field.ReferenceColumn.Table.Name==table.Name &amp;&amp; field.ReferenceColumn.Name==table.PrimaryColumn.Name){ 
$
            // 
            // listEntity$=util.Cap(tbl.Name)$
            // 
            this.listEntity$=util.Cap(tbl.Name)$.Anchor = ((System.Windows.Forms.AnchorStyles)(((System.Windows.Forms.AnchorStyles.Top | System.Windows.Forms.AnchorStyles.Left)
                        | System.Windows.Forms.AnchorStyles.Right)));
            this.listEntity$=util.Cap(tbl.Name)$.Criterias = null;
            this.listEntity$=util.Cap(tbl.Name)$.DeleteWarningMessage = "Seçilen $=util.Cap(tbl.Name)$ ile $=util.Cap(table.Name)$ arasındaki ilişki silinecek. Onaylıyor musunuz?";
            this.listEntity$=util.Cap(tbl.Name)$.EntityName = null;
            this.listEntity$=util.Cap(tbl.Name)$.EntityType = null;
            this.listEntity$=util.Cap(tbl.Name)$.ImageForEntity = ((System.Drawing.Bitmap)(resources.GetObject("listEntity$=util.Cap(tbl.Name)$.ImageForEntity")));
            this.listEntity$=util.Cap(tbl.Name)$.Location = new System.Drawing.Point(3, $=(i*230+3)$);
            this.listEntity$=util.Cap(tbl.Name)$.ModuleName = null;
            this.listEntity$=util.Cap(tbl.Name)$.Name = "listEntity$=util.Cap(tbl.Name)$";
            this.listEntity$=util.Cap(tbl.Name)$.OrderBy = null;
            this.listEntity$=util.Cap(tbl.Name)$.ShowAddButton = true;
            this.listEntity$=util.Cap(tbl.Name)$.ShowDeleteButton = true;
            this.listEntity$=util.Cap(tbl.Name)$.ShowEditButton = true;
            this.listEntity$=util.Cap(tbl.Name)$.Size = new System.Drawing.Size(548, 225);
            this.listEntity$=util.Cap(tbl.Name)$.TabIndex = 27;
            this.listEntity$=util.Cap(tbl.Name)$.Title = "$=util.Cap(tbl.Name)$";
            this.listEntity$=util.Cap(tbl.Name)$.VisibleColumns = null;
$ }}}} $
            // 
            // btnDelete$=util.Cap(table.Name)$
            // 
            this.btnDelete$=util.Cap(table.Name)$.Anchor = ((System.Windows.Forms.AnchorStyles)((System.Windows.Forms.AnchorStyles.Top | System.Windows.Forms.AnchorStyles.Right)));
            this.btnDelete$=util.Cap(table.Name)$.Image = ((System.Drawing.Image)(resources.GetObject("btnDelete$=util.Cap(table.Name)$.Image")));
            this.btnDelete$=util.Cap(table.Name)$.ImageIndex = 2;
            this.btnDelete$=util.Cap(table.Name)$.Location = new System.Drawing.Point(458, 73);
            this.btnDelete$=util.Cap(table.Name)$.Name = "btnDelete$=util.Cap(table.Name)$";
            this.btnDelete$=util.Cap(table.Name)$.Size = new System.Drawing.Size(98, 22);
            this.btnDelete$=util.Cap(table.Name)$.TabIndex = 24;
            this.btnDelete$=util.Cap(table.Name)$.Text = "Bu $=util.Cap(table.Name)$ü Sil";
            // 
            // Edit$=util.Cap(table.Name)$
            // 
            this.AutoScaleDimensions = new System.Drawing.SizeF(6F, 13F);
            this.AutoScaleMode = System.Windows.Forms.AutoScaleMode.Font;
            this.Controls.Add(this.btnDelete$=util.Cap(table.Name)$);
            this.Controls.Add(this.panelDetail);
            this.Controls.Add(this.layoutEntity);
            this.Controls.Add(this.btnAdd$=util.Cap(table.Name)$);
            this.Controls.Add(this.btnSave$=util.Cap(table.Name)$);
            this.Name = "Edit$=util.Cap(table.Name)$";
            this.Size = new System.Drawing.Size(581, 594);
            ((System.ComponentModel.ISupportInitialize)(this.layoutEntity)).EndInit();
            this.layoutEntity.ResumeLayout(false);
            ((System.ComponentModel.ISupportInitialize)(this.editName.Properties)).EndInit();
            ((System.ComponentModel.ISupportInitialize)(this.layoutControlGroup1)).EndInit();
$ foreach(f in table.Columns) {
	if(f.ReferenceColumn){
		var kontrolName = util.Cap(f.Name).Replace('Id','');
$            ((System.ComponentModel.ISupportInitialize)(this.edit$=kontrolName$.Properties)).EndInit();
            ((System.ComponentModel.ISupportInitialize)(this.layoutControlItem$=kontrolName$)).EndInit();
$}}$
            ((System.ComponentModel.ISupportInitialize)(this.layoutControlItem1)).EndInit();
            ((System.ComponentModel.ISupportInitialize)(this.panelDetail)).EndInit();
            this.panelDetail.ResumeLayout(false);
            this.ResumeLayout(false);

        }

        #endregion

        private DevExpress.XtraLayout.LayoutControl layoutEntity;
        private DevExpress.XtraLayout.LayoutControlGroup layoutControlGroup1;
        private DevExpress.XtraEditors.SimpleButton btnSave$=util.Cap(table.Name)$;
        private DevExpress.XtraEditors.SimpleButton btnAdd$=util.Cap(table.Name)$;
        private DevExpress.XtraEditors.PanelControl panelDetail;
        private DevExpress.XtraEditors.SimpleButton btnDelete$=util.Cap(table.Name)$;
        private Interpress.ApplicationLayer.WinClient.PlugIns.PlugInLibrary.LookUp editName;
        private DevExpress.XtraLayout.LayoutControlItem layoutControlItem1;
$ foreach(f in table.Columns) {
	if(f.ReferenceColumn){
		var kontrolName = util.Cap(f.Name).Replace('Id','');
$
        private Interpress.ApplicationLayer.WinClient.PlugIns.PlugInLibrary.LookUp edit$=kontrolName$;
        private DevExpress.XtraLayout.LayoutControlItem layoutControlItem$=kontrolName$;
$}}$

$ 
foreach(tbl in table.Database.Tables){ 
	foreach(field in tbl.Columns){ 
		if(field.ReferenceColumn) {
			if(field.ReferenceColumn.Table.Name==table.Name &amp;&amp; field.ReferenceColumn.Name==table.PrimaryColumn.Name){ 
$
        private Interpress.ApplicationLayer.WinClient.PlugIns.PlugInLibrary.ListEntitySimple listEntity$=util.Cap(tbl.Name)$;
$ }}}} $
    }
}</Code>
      <Category>Interpress UI</Category>
    </Template>
    <Template>
      <Name>Hbm.csproj</Name>
      <FileNameFormat>Hbm\$=util.Cap(table.Database.Name)$.csproj</FileNameFormat>
      <Code>&lt;?xml version="1.0" encoding="utf-8"?&gt;
&lt;Project ToolsVersion="3.5" DefaultTargets="Build" xmlns="http://schemas.microsoft.com/developer/msbuild/2003"&gt;
  &lt;PropertyGroup&gt;
    &lt;Configuration Condition=" '\$(Configuration)' == '' "&gt;Debug&lt;/Configuration&gt;
    &lt;Platform Condition=" '\$(Platform)' == '' "&gt;AnyCPU&lt;/Platform&gt;
    &lt;ProductVersion&gt;9.0.21022&lt;/ProductVersion&gt;
    &lt;SchemaVersion&gt;2.0&lt;/SchemaVersion&gt;
    &lt;ProjectGuid&gt;{$=Guid.NewGuid()$}&lt;/ProjectGuid&gt;
    &lt;OutputType&gt;Library&lt;/OutputType&gt;
    &lt;AppDesignerFolder&gt;Properties&lt;/AppDesignerFolder&gt;
    &lt;RootNamespace&gt;Entity$=util.Cap(table.Database.Name)$Hbm&lt;/RootNamespace&gt;
    &lt;AssemblyName&gt;Interpress.Hbm.$=util.Cap(table.Database.Name)$&lt;/AssemblyName&gt;
    &lt;TargetFrameworkVersion&gt;v3.5&lt;/TargetFrameworkVersion&gt;
    &lt;FileAlignment&gt;512&lt;/FileAlignment&gt;
  &lt;/PropertyGroup&gt;
  &lt;PropertyGroup Condition=" '\$(Configuration)|\$(Platform)' == 'Debug|AnyCPU' "&gt;
    &lt;DebugSymbols&gt;true&lt;/DebugSymbols&gt;
    &lt;DebugType&gt;full&lt;/DebugType&gt;
    &lt;Optimize&gt;false&lt;/Optimize&gt;
    &lt;OutputPath&gt;..\..\..\conf\&lt;/OutputPath&gt;
    &lt;DefineConstants&gt;DEBUG;TRACE&lt;/DefineConstants&gt;
    &lt;ErrorReport&gt;prompt&lt;/ErrorReport&gt;
    &lt;WarningLevel&gt;4&lt;/WarningLevel&gt;
  &lt;/PropertyGroup&gt;
  &lt;PropertyGroup Condition=" '\$(Configuration)|\$(Platform)' == 'Release|AnyCPU' "&gt;
    &lt;DebugType&gt;pdbonly&lt;/DebugType&gt;
    &lt;Optimize&gt;true&lt;/Optimize&gt;
    &lt;OutputPath&gt;bin\Release\&lt;/OutputPath&gt;
    &lt;DefineConstants&gt;TRACE&lt;/DefineConstants&gt;
    &lt;ErrorReport&gt;prompt&lt;/ErrorReport&gt;
    &lt;WarningLevel&gt;4&lt;/WarningLevel&gt;
  &lt;/PropertyGroup&gt;
  &lt;ItemGroup&gt;
    &lt;Reference Include="System" /&gt;
    &lt;Reference Include="System.Core"&gt;
      &lt;RequiredTargetFramework&gt;3.5&lt;/RequiredTargetFramework&gt;
    &lt;/Reference&gt;
    &lt;Reference Include="System.Xml.Linq"&gt;
      &lt;RequiredTargetFramework&gt;3.5&lt;/RequiredTargetFramework&gt;
    &lt;/Reference&gt;
    &lt;Reference Include="System.Data.DataSetExtensions"&gt;
      &lt;RequiredTargetFramework&gt;3.5&lt;/RequiredTargetFramework&gt;
    &lt;/Reference&gt;
    &lt;Reference Include="System.Data" /&gt;
    &lt;Reference Include="System.Xml" /&gt;
  &lt;/ItemGroup&gt;
  &lt;ItemGroup&gt;
    &lt;Compile Include="Properties\AssemblyInfo.cs" /&gt;
  &lt;/ItemGroup&gt;
  &lt;ItemGroup&gt;
$
foreach(tbl in table.Database.Tables)
{
$
    &lt;EmbeddedResource Include="$=util.Cap(tbl.Name)$.hbm.xml" /&gt;
$
}
$
  &lt;/ItemGroup&gt;
  &lt;Import Project="\$(MSBuildToolsPath)\Microsoft.CSharp.targets" /&gt;
  &lt;!-- To modify your build process, add your task inside one of the targets below and uncomment it. 
       Other similar extension points exist, see Microsoft.Common.targets.
  &lt;Target Name="BeforeBuild"&gt;
  &lt;/Target&gt;
  &lt;Target Name="AfterBuild"&gt;
  &lt;/Target&gt;
  --&gt;
&lt;/Project&gt;</Code>
      <Category>Interpress</Category>
    </Template>
    <Template>
      <Name>Entity.cfg.xml</Name>
      <FileNameFormat>Entities\$=util.Cap(table.Database.Name)$\$=util.Cap(table.Database.Name).ToLower()$.cfg.xml</FileNameFormat>
      <Code>&lt;?xml version="1.0" encoding="utf-8" ?&gt;
&lt;hibernate-configuration xmlns="urn:nhibernate-configuration-2.2" &gt;
  &lt;!-- an ISessionFactory instance --&gt;

  &lt;session-factory&gt;
    &lt;!-- properties --&gt;
    &lt;property name="connection.provider"&gt;
      NHibernate.Connection.DriverConnectionProvider
    &lt;/property&gt;
    &lt;property name="connection.driver_class"&gt;
      NHibernate.Driver.$=table.Database.Provider$DataDriver
    &lt;/property&gt;
    &lt;property name="connection.connection_string"&gt;
      Server=???;Database=???;User ID=???;Password=???;auto enlist=false;
    &lt;/property&gt;
    &lt;property name="dialect"&gt;
      NHibernate.Dialect.MySQL5Dialect
    &lt;/property&gt;
    &lt;property name="cache.provider_class"&gt;
      NHibernate.Caches.SysCache.SysCacheProvider,NHibernate.Caches.SysCache
    &lt;/property&gt;
    &lt;property name="cache.use_second_level_cache" &gt;
      false
    &lt;/property&gt;
    &lt;property name="cache.use_query_cache"&gt;
      false
    &lt;/property&gt;



    &lt;property name="show_sql"&gt;
      true
    &lt;/property&gt;
    &lt;property name="connection.release_mode"&gt;
      on_close
    &lt;/property&gt;
    &lt;mapping assembly="Interpress.Entities"  /&gt;
  &lt;/session-factory&gt;
&lt;/hibernate-configuration&gt;</Code>
      <Category>Interpress</Category>
    </Template>
    <Template>
      <Name>CREATE VIEW</Name>
      <FileNameFormat>view_$=table.Name$.sql</FileNameFormat>
      <Code>CREATE VIEW view_$=table.Name$
AS
SELECT
$
var join = '';
foreach(var field in table.Columns)
{ 
	echo('	'+table.Name+'.'+field.Name+',\n');
	if(field.ReferenceColumn)
	{
		echo('	'+field.ReferenceColumn.Table.Name+'.'+field.ReferenceColumn.Table.StringColumn.Name+' AS '+field.ReferenceColumn.Table.Name+'_name,\n');
		join += '	LEFT JOIN '+field.ReferenceColumn.Table.Name+' ON '+table.Name+'.'+field.Name+' = '+field.ReferenceColumn.Table.Name+'.'+field.ReferenceColumn.Name + '\n';
	}
}
$
FROM
	$=table.Name$
$=join$</Code>
      <Category>SQL Templates</Category>
    </Template>
    <Template>
      <Name>ColumnDefinition list</Name>
      <FileNameFormat>$=table.Name$.cd</FileNameFormat>
      <Code>new ColumnDefinitionList{
$
foreach(field in table.Columns){ 
	if(field.Name.EndsWith("id")) continue;
$	new ColumnDefinition(){Name=$=util.Cap(table.Name)$Columns.$=util.Cap(field.Name)$, DisplayName="$=util.CapWithDash(field.Name).Replace('_',' ')$", Width=$=field.IsStringType()?150:70$},
$ } $
};</Code>
      <Category>Interpress UI</Category>
    </Template>
  </Templates>
</CodeGenerator>