<?xml version="1.0" encoding="utf-8"?>
<ArrayOfConnectionSettings xmlns:xsi="http://www.w3.org/2001/XMLSchema-instance" xmlns:xsd="http://www.w3.org/2001/XMLSchema">
  <ConnectionSettings>
    <Database>
      <Tables>
        <Table>
          <Name>contact</Name>
          <Columns>
            <Column>
              <Name>CustomerId</Name>
              <ColumnType>Int32</ColumnType>
              <ColumnTypeOriginal>INTEGER</ColumnTypeOriginal>
              <IsNullable>true</IsNullable>
              <DefaultValue />
              <Length>0</Length>
              <IsAutoIncrement>false</IsAutoIncrement>
            </Column>
            <Column>
              <Name>Id</Name>
              <ColumnType>Int32</ColumnType>
              <ColumnTypeOriginal>INTEGER</ColumnTypeOriginal>
              <IsNullable>false</IsNullable>
              <DefaultValue />
              <Length>0</Length>
              <IsAutoIncrement>false</IsAutoIncrement>
            </Column>
            <Column>
              <Name>Name</Name>
              <ColumnType>VarChar</ColumnType>
              <ColumnTypeOriginal>CHARACTER VARYING</ColumnTypeOriginal>
              <IsNullable>false</IsNullable>
              <DefaultValue />
              <Length>50</Length>
              <IsAutoIncrement>false</IsAutoIncrement>
            </Column>
            <Column>
              <Name>Surname</Name>
              <ColumnType>VarChar</ColumnType>
              <ColumnTypeOriginal>CHARACTER VARYING</ColumnTypeOriginal>
              <IsNullable>false</IsNullable>
              <DefaultValue />
              <Length>20</Length>
              <IsAutoIncrement>false</IsAutoIncrement>
            </Column>
          </Columns>
          <Indices>
            <Index>
              <Name>ind_contact_id_name</Name>
              <ColumnNames>
                <string>Id</string>
                <string>Name</string>
              </ColumnNames>
            </Index>
          </Indices>
          <Constraints>
            <Constraint xsi:type="ForeignKeyConstraint">
              <Name>FK_contact_customer</Name>
              <ColumnNames>
                <string>CustomerId</string>
              </ColumnNames>
              <RefTableName>customer</RefTableName>
              <RefConstraintName>PK_customer</RefConstraintName>
              <UpdateRule>NO ACTION</UpdateRule>
              <DeleteRule>NO ACTION</DeleteRule>
            </Constraint>
            <Constraint xsi:type="PrimaryKeyConstraint">
              <Name>PK_contact</Name>
              <ColumnNames>
                <string>Id</string>
              </ColumnNames>
            </Constraint>
          </Constraints>
          <IsView>false</IsView>
        </Table>
        <Table>
          <Name>asdfad</Name>
          <Columns>
            <Column>
              <Name>id</Name>
              <ColumnType>Int32</ColumnType>
              <ColumnTypeOriginal>INTEGER</ColumnTypeOriginal>
              <IsNullable>false</IsNullable>
              <DefaultValue />
              <Length>0</Length>
              <IsAutoIncrement>false</IsAutoIncrement>
            </Column>
            <Column>
              <Name>ad</Name>
              <ColumnType>VarChar</ColumnType>
              <ColumnTypeOriginal>CHARACTER VARYING</ColumnTypeOriginal>
              <IsNullable>true</IsNullable>
              <DefaultValue />
              <Length>20</Length>
              <IsAutoIncrement>false</IsAutoIncrement>
            </Column>
            <Column>
              <Name>sobalad</Name>
              <ColumnType>VarChar</ColumnType>
              <ColumnTypeOriginal>CHARACTER VARYING</ColumnTypeOriginal>
              <IsNullable>true</IsNullable>
              <DefaultValue />
              <Length>30</Length>
              <IsAutoIncrement>false</IsAutoIncrement>
            </Column>
          </Columns>
          <Indices />
          <Constraints />
          <IsView>false</IsView>
        </Table>
        <Table>
          <Name>customer</Name>
          <Columns>
            <Column>
              <Name>Id</Name>
              <ColumnType>Int32</ColumnType>
              <ColumnTypeOriginal>INTEGER</ColumnTypeOriginal>
              <IsNullable>false</IsNullable>
              <DefaultValue />
              <Length>0</Length>
              <IsAutoIncrement>false</IsAutoIncrement>
            </Column>
            <Column>
              <Name>Name3</Name>
              <ColumnType>VarChar</ColumnType>
              <ColumnTypeOriginal>CHARACTER VARYING</ColumnTypeOriginal>
              <IsNullable>false</IsNullable>
              <DefaultValue />
              <Length>50</Length>
              <IsAutoIncrement>false</IsAutoIncrement>
            </Column>
          </Columns>
          <Indices />
          <Constraints>
            <Constraint xsi:type="PrimaryKeyConstraint">
              <Name>PK_customer</Name>
              <ColumnNames>
                <string>Id</string>
              </ColumnNames>
            </Constraint>
          </Constraints>
          <IsView>false</IsView>
        </Table>
        <Table>
          <Name>view_customer</Name>
          <Columns>
            <Column>
              <Name>Id</Name>
              <ColumnType>Int32</ColumnType>
              <ColumnTypeOriginal>INTEGER</ColumnTypeOriginal>
              <IsNullable>true</IsNullable>
              <DefaultValue />
              <Length>0</Length>
              <IsAutoIncrement>false</IsAutoIncrement>
            </Column>
            <Column>
              <Name>Name3</Name>
              <ColumnType>VarChar</ColumnType>
              <ColumnTypeOriginal>CHARACTER VARYING</ColumnTypeOriginal>
              <IsNullable>true</IsNullable>
              <DefaultValue />
              <Length>50</Length>
              <IsAutoIncrement>false</IsAutoIncrement>
            </Column>
          </Columns>
          <Indices />
          <Constraints />
          <IsView>true</IsView>
        </Table>
      </Tables>
    </Database>
    <Schemas />
    <Provider>PostgreSQL</Provider>
    <Host>localhost</Host>
    <DbName>pgtest</DbName>
    <UserName>postgres</UserName>
    <Password>bk</Password>
  </ConnectionSettings>
  <ConnectionSettings>
    <Database>
      <Tables>
        <Table>
          <Name>bkz_list</Name>
          <Columns>
            <Column>
              <Name>title</Name>
              <ColumnType>VarChar</ColumnType>
              <ColumnTypeOriginal>VARCHAR</ColumnTypeOriginal>
              <IsNullable>false</IsNullable>
              <DefaultValue />
              <Length>100</Length>
              <IsAutoIncrement>false</IsAutoIncrement>
            </Column>
            <Column>
              <Name>entry_id</Name>
              <ColumnType>Int32</ColumnType>
              <ColumnTypeOriginal>INT</ColumnTypeOriginal>
              <IsNullable>false</IsNullable>
              <DefaultValue>0</DefaultValue>
              <Length>0</Length>
              <IsAutoIncrement>false</IsAutoIncrement>
            </Column>
            <Column>
              <Name>is_empty</Name>
              <ColumnType>Int32</ColumnType>
              <ColumnTypeOriginal>INT</ColumnTypeOriginal>
              <IsNullable>false</IsNullable>
              <DefaultValue>0</DefaultValue>
              <Length>0</Length>
              <IsAutoIncrement>false</IsAutoIncrement>
            </Column>
          </Columns>
          <Indices />
          <Constraints />
          <IsView>false</IsView>
        </Table>
        <Table>
          <Name>definition</Name>
          <Columns>
            <Column>
              <Name>id</Name>
              <ColumnType>Int32</ColumnType>
              <ColumnTypeOriginal>INT</ColumnTypeOriginal>
              <IsNullable>false</IsNullable>
              <DefaultValue />
              <Length>0</Length>
              <IsAutoIncrement>true</IsAutoIncrement>
            </Column>
            <Column>
              <Name>grup</Name>
              <ColumnType>VarChar</ColumnType>
              <ColumnTypeOriginal>VARCHAR</ColumnTypeOriginal>
              <IsNullable>false</IsNullable>
              <DefaultValue />
              <Length>20</Length>
              <IsAutoIncrement>false</IsAutoIncrement>
            </Column>
            <Column>
              <Name>kod</Name>
              <ColumnType>VarChar</ColumnType>
              <ColumnTypeOriginal>VARCHAR</ColumnTypeOriginal>
              <IsNullable>false</IsNullable>
              <DefaultValue />
              <Length>20</Length>
              <IsAutoIncrement>false</IsAutoIncrement>
            </Column>
            <Column>
              <Name>ad</Name>
              <ColumnType>VarChar</ColumnType>
              <ColumnTypeOriginal>VARCHAR</ColumnTypeOriginal>
              <IsNullable>false</IsNullable>
              <DefaultValue />
              <Length>50</Length>
              <IsAutoIncrement>false</IsAutoIncrement>
            </Column>
          </Columns>
          <Indices />
          <Constraints>
            <Constraint xsi:type="PrimaryKeyConstraint">
              <Name>PRIMARY</Name>
              <ColumnNames>
                <string>eng</string>
                <string>entry_id</string>
                <string>id</string>
                <string>member_id</string>
                <string>title_id</string>
              </ColumnNames>
            </Constraint>
          </Constraints>
          <IsView>false</IsView>
        </Table>
        <Table>
          <Name>delete_reason</Name>
          <Columns>
            <Column>
              <Name>id</Name>
              <ColumnType>Int32</ColumnType>
              <ColumnTypeOriginal>INT</ColumnTypeOriginal>
              <IsNullable>false</IsNullable>
              <DefaultValue />
              <Length>0</Length>
              <IsAutoIncrement>true</IsAutoIncrement>
            </Column>
            <Column>
              <Name>ad</Name>
              <ColumnType>VarChar</ColumnType>
              <ColumnTypeOriginal>VARCHAR</ColumnTypeOriginal>
              <IsNullable>true</IsNullable>
              <DefaultValue />
              <Length>50</Length>
              <IsAutoIncrement>false</IsAutoIncrement>
            </Column>
          </Columns>
          <Indices />
          <Constraints>
            <Constraint xsi:type="PrimaryKeyConstraint">
              <Name>PRIMARY</Name>
              <ColumnNames>
                <string>eng</string>
                <string>entry_id</string>
                <string>id</string>
                <string>member_id</string>
                <string>title_id</string>
              </ColumnNames>
            </Constraint>
          </Constraints>
          <IsView>false</IsView>
        </Table>
        <Table>
          <Name>dict</Name>
          <Columns>
            <Column>
              <Name>eng</Name>
              <ColumnType>VarChar</ColumnType>
              <ColumnTypeOriginal>VARCHAR</ColumnTypeOriginal>
              <IsNullable>false</IsNullable>
              <DefaultValue />
              <Length>50</Length>
              <IsAutoIncrement>false</IsAutoIncrement>
            </Column>
            <Column>
              <Name>trk</Name>
              <ColumnType>Text</ColumnType>
              <ColumnTypeOriginal>TEXT</ColumnTypeOriginal>
              <IsNullable>false</IsNullable>
              <DefaultValue />
              <Length>65535</Length>
              <IsAutoIncrement>false</IsAutoIncrement>
            </Column>
          </Columns>
          <Indices />
          <Constraints>
            <Constraint xsi:type="PrimaryKeyConstraint">
              <Name>PRIMARY</Name>
              <ColumnNames>
                <string>eng</string>
                <string>entry_id</string>
                <string>id</string>
                <string>member_id</string>
                <string>title_id</string>
              </ColumnNames>
            </Constraint>
          </Constraints>
          <IsView>false</IsView>
        </Table>
        <Table>
          <Name>email</Name>
          <Columns>
            <Column>
              <Name>id</Name>
              <ColumnType>Int32</ColumnType>
              <ColumnTypeOriginal>INT</ColumnTypeOriginal>
              <IsNullable>false</IsNullable>
              <DefaultValue />
              <Length>0</Length>
              <IsAutoIncrement>true</IsAutoIncrement>
            </Column>
            <Column>
              <Name>email</Name>
              <ColumnType>VarChar</ColumnType>
              <ColumnTypeOriginal>VARCHAR</ColumnTypeOriginal>
              <IsNullable>false</IsNullable>
              <DefaultValue />
              <Length>100</Length>
              <IsAutoIncrement>false</IsAutoIncrement>
            </Column>
            <Column>
              <Name>g1</Name>
              <ColumnType>Int16</ColumnType>
              <ColumnTypeOriginal>SMALLINT</ColumnTypeOriginal>
              <IsNullable>false</IsNullable>
              <DefaultValue>0</DefaultValue>
              <Length>0</Length>
              <IsAutoIncrement>false</IsAutoIncrement>
            </Column>
            <Column>
              <Name>g2</Name>
              <ColumnType>Int16</ColumnType>
              <ColumnTypeOriginal>SMALLINT</ColumnTypeOriginal>
              <IsNullable>false</IsNullable>
              <DefaultValue>0</DefaultValue>
              <Length>0</Length>
              <IsAutoIncrement>false</IsAutoIncrement>
            </Column>
            <Column>
              <Name>g3</Name>
              <ColumnType>Int16</ColumnType>
              <ColumnTypeOriginal>SMALLINT</ColumnTypeOriginal>
              <IsNullable>false</IsNullable>
              <DefaultValue>0</DefaultValue>
              <Length>0</Length>
              <IsAutoIncrement>false</IsAutoIncrement>
            </Column>
            <Column>
              <Name>g4</Name>
              <ColumnType>Int16</ColumnType>
              <ColumnTypeOriginal>SMALLINT</ColumnTypeOriginal>
              <IsNullable>false</IsNullable>
              <DefaultValue>0</DefaultValue>
              <Length>0</Length>
              <IsAutoIncrement>false</IsAutoIncrement>
            </Column>
            <Column>
              <Name>g5</Name>
              <ColumnType>Int16</ColumnType>
              <ColumnTypeOriginal>SMALLINT</ColumnTypeOriginal>
              <IsNullable>false</IsNullable>
              <DefaultValue>0</DefaultValue>
              <Length>0</Length>
              <IsAutoIncrement>false</IsAutoIncrement>
            </Column>
            <Column>
              <Name>g6</Name>
              <ColumnType>Int16</ColumnType>
              <ColumnTypeOriginal>SMALLINT</ColumnTypeOriginal>
              <IsNullable>false</IsNullable>
              <DefaultValue>0</DefaultValue>
              <Length>0</Length>
              <IsAutoIncrement>false</IsAutoIncrement>
            </Column>
          </Columns>
          <Indices />
          <Constraints>
            <Constraint xsi:type="UniqueConstraint">
              <Name>email</Name>
              <ColumnNames>
                <string>email</string>
              </ColumnNames>
            </Constraint>
            <Constraint xsi:type="PrimaryKeyConstraint">
              <Name>PRIMARY</Name>
              <ColumnNames>
                <string>eng</string>
                <string>entry_id</string>
                <string>id</string>
                <string>member_id</string>
                <string>title_id</string>
              </ColumnNames>
            </Constraint>
          </Constraints>
          <IsView>false</IsView>
        </Table>
        <Table>
          <Name>entry</Name>
          <Columns>
            <Column>
              <Name>id</Name>
              <ColumnType>Int32</ColumnType>
              <ColumnTypeOriginal>INT</ColumnTypeOriginal>
              <IsNullable>false</IsNullable>
              <DefaultValue />
              <Length>0</Length>
              <IsAutoIncrement>true</IsAutoIncrement>
            </Column>
            <Column>
              <Name>title_id</Name>
              <ColumnType>Int32</ColumnType>
              <ColumnTypeOriginal>INT</ColumnTypeOriginal>
              <IsNullable>false</IsNullable>
              <DefaultValue>0</DefaultValue>
              <Length>0</Length>
              <IsAutoIncrement>false</IsAutoIncrement>
            </Column>
            <Column>
              <Name>title</Name>
              <ColumnType>VarChar</ColumnType>
              <ColumnTypeOriginal>VARCHAR</ColumnTypeOriginal>
              <IsNullable>false</IsNullable>
              <DefaultValue />
              <Length>100</Length>
              <IsAutoIncrement>false</IsAutoIncrement>
            </Column>
            <Column>
              <Name>entry_type</Name>
              <ColumnType>VarChar</ColumnType>
              <ColumnTypeOriginal>VARCHAR</ColumnTypeOriginal>
              <IsNullable>false</IsNullable>
              <DefaultValue />
              <Length>6</Length>
              <IsAutoIncrement>false</IsAutoIncrement>
            </Column>
            <Column>
              <Name>content</Name>
              <ColumnType>Text</ColumnType>
              <ColumnTypeOriginal>TEXT</ColumnTypeOriginal>
              <IsNullable>false</IsNullable>
              <DefaultValue />
              <Length>65535</Length>
              <IsAutoIncrement>false</IsAutoIncrement>
            </Column>
            <Column>
              <Name>deleted</Name>
              <ColumnType>Int32</ColumnType>
              <ColumnTypeOriginal>INT</ColumnTypeOriginal>
              <IsNullable>false</IsNullable>
              <DefaultValue>0</DefaultValue>
              <Length>0</Length>
              <IsAutoIncrement>false</IsAutoIncrement>
            </Column>
            <Column>
              <Name>delete_member_id</Name>
              <ColumnType>Int32</ColumnType>
              <ColumnTypeOriginal>INT</ColumnTypeOriginal>
              <IsNullable>true</IsNullable>
              <DefaultValue />
              <Length>0</Length>
              <IsAutoIncrement>false</IsAutoIncrement>
            </Column>
            <Column>
              <Name>delete_date</Name>
              <ColumnType>DateTime</ColumnType>
              <ColumnTypeOriginal>DATETIME</ColumnTypeOriginal>
              <IsNullable>true</IsNullable>
              <DefaultValue />
              <Length>0</Length>
              <IsAutoIncrement>false</IsAutoIncrement>
            </Column>
            <Column>
              <Name>delete_reason_id</Name>
              <ColumnType>Int32</ColumnType>
              <ColumnTypeOriginal>INT</ColumnTypeOriginal>
              <IsNullable>true</IsNullable>
              <DefaultValue />
              <Length>0</Length>
              <IsAutoIncrement>false</IsAutoIncrement>
            </Column>
            <Column>
              <Name>create_member_id</Name>
              <ColumnType>Int32</ColumnType>
              <ColumnTypeOriginal>INT</ColumnTypeOriginal>
              <IsNullable>false</IsNullable>
              <DefaultValue>0</DefaultValue>
              <Length>0</Length>
              <IsAutoIncrement>false</IsAutoIncrement>
            </Column>
            <Column>
              <Name>create_date</Name>
              <ColumnType>DateTime</ColumnType>
              <ColumnTypeOriginal>DATETIME</ColumnTypeOriginal>
              <IsNullable>false</IsNullable>
              <DefaultValue>0000-00-00 00:00:00</DefaultValue>
              <Length>0</Length>
              <IsAutoIncrement>false</IsAutoIncrement>
            </Column>
            <Column>
              <Name>update_member_id</Name>
              <ColumnType>Int32</ColumnType>
              <ColumnTypeOriginal>INT</ColumnTypeOriginal>
              <IsNullable>true</IsNullable>
              <DefaultValue />
              <Length>0</Length>
              <IsAutoIncrement>false</IsAutoIncrement>
            </Column>
            <Column>
              <Name>update_date</Name>
              <ColumnType>DateTime</ColumnType>
              <ColumnTypeOriginal>DATETIME</ColumnTypeOriginal>
              <IsNullable>true</IsNullable>
              <DefaultValue />
              <Length>0</Length>
              <IsAutoIncrement>false</IsAutoIncrement>
            </Column>
            <Column>
              <Name>total_char_length</Name>
              <ColumnType>Int32</ColumnType>
              <ColumnTypeOriginal>INT</ColumnTypeOriginal>
              <IsNullable>false</IsNullable>
              <DefaultValue>0</DefaultValue>
              <Length>0</Length>
              <IsAutoIncrement>false</IsAutoIncrement>
            </Column>
            <Column>
              <Name>total_rate</Name>
              <ColumnType>Int32</ColumnType>
              <ColumnTypeOriginal>INT</ColumnTypeOriginal>
              <IsNullable>false</IsNullable>
              <DefaultValue>0</DefaultValue>
              <Length>0</Length>
              <IsAutoIncrement>false</IsAutoIncrement>
            </Column>
          </Columns>
          <Indices />
          <Constraints>
            <Constraint xsi:type="PrimaryKeyConstraint">
              <Name>PRIMARY</Name>
              <ColumnNames>
                <string>eng</string>
                <string>entry_id</string>
                <string>id</string>
                <string>member_id</string>
                <string>title_id</string>
              </ColumnNames>
            </Constraint>
          </Constraints>
          <IsView>false</IsView>
        </Table>
        <Table>
          <Name>grup</Name>
          <Columns>
            <Column>
              <Name>id</Name>
              <ColumnType>Int32</ColumnType>
              <ColumnTypeOriginal>INT</ColumnTypeOriginal>
              <IsNullable>false</IsNullable>
              <DefaultValue />
              <Length>0</Length>
              <IsAutoIncrement>true</IsAutoIncrement>
            </Column>
            <Column>
              <Name>ad</Name>
              <ColumnType>VarChar</ColumnType>
              <ColumnTypeOriginal>VARCHAR</ColumnTypeOriginal>
              <IsNullable>false</IsNullable>
              <DefaultValue />
              <Length>20</Length>
              <IsAutoIncrement>false</IsAutoIncrement>
            </Column>
            <Column>
              <Name>root</Name>
              <ColumnType>Boolean</ColumnType>
              <ColumnTypeOriginal>BOOL</ColumnTypeOriginal>
              <IsNullable>false</IsNullable>
              <DefaultValue>0</DefaultValue>
              <Length>0</Length>
              <IsAutoIncrement>false</IsAutoIncrement>
            </Column>
            <Column>
              <Name>gruplar</Name>
              <ColumnType>VarChar</ColumnType>
              <ColumnTypeOriginal>VARCHAR</ColumnTypeOriginal>
              <IsNullable>true</IsNullable>
              <DefaultValue />
              <Length>180</Length>
              <IsAutoIncrement>false</IsAutoIncrement>
            </Column>
            <Column>
              <Name>create_date</Name>
              <ColumnType>DateTime</ColumnType>
              <ColumnTypeOriginal>DATETIME</ColumnTypeOriginal>
              <IsNullable>false</IsNullable>
              <DefaultValue>0000-00-00 00:00:00</DefaultValue>
              <Length>0</Length>
              <IsAutoIncrement>false</IsAutoIncrement>
            </Column>
            <Column>
              <Name>create_member_id</Name>
              <ColumnType>Int32</ColumnType>
              <ColumnTypeOriginal>INT</ColumnTypeOriginal>
              <IsNullable>false</IsNullable>
              <DefaultValue>0</DefaultValue>
              <Length>0</Length>
              <IsAutoIncrement>false</IsAutoIncrement>
            </Column>
            <Column>
              <Name>update_date</Name>
              <ColumnType>DateTime</ColumnType>
              <ColumnTypeOriginal>DATETIME</ColumnTypeOriginal>
              <IsNullable>true</IsNullable>
              <DefaultValue />
              <Length>0</Length>
              <IsAutoIncrement>false</IsAutoIncrement>
            </Column>
            <Column>
              <Name>update_member_id</Name>
              <ColumnType>Int32</ColumnType>
              <ColumnTypeOriginal>INT</ColumnTypeOriginal>
              <IsNullable>true</IsNullable>
              <DefaultValue />
              <Length>0</Length>
              <IsAutoIncrement>false</IsAutoIncrement>
            </Column>
            <Column>
              <Name>deleted</Name>
              <ColumnType>Int16</ColumnType>
              <ColumnTypeOriginal>SMALLINT</ColumnTypeOriginal>
              <IsNullable>false</IsNullable>
              <DefaultValue>0</DefaultValue>
              <Length>0</Length>
              <IsAutoIncrement>false</IsAutoIncrement>
            </Column>
            <Column>
              <Name>delete_date</Name>
              <ColumnType>DateTime</ColumnType>
              <ColumnTypeOriginal>DATETIME</ColumnTypeOriginal>
              <IsNullable>true</IsNullable>
              <DefaultValue />
              <Length>0</Length>
              <IsAutoIncrement>false</IsAutoIncrement>
            </Column>
            <Column>
              <Name>delete_member_id</Name>
              <ColumnType>Int32</ColumnType>
              <ColumnTypeOriginal>INT</ColumnTypeOriginal>
              <IsNullable>true</IsNullable>
              <DefaultValue />
              <Length>0</Length>
              <IsAutoIncrement>false</IsAutoIncrement>
            </Column>
          </Columns>
          <Indices />
          <Constraints>
            <Constraint xsi:type="UniqueConstraint">
              <Name>ad</Name>
              <ColumnNames>
                <string>ad</string>
              </ColumnNames>
            </Constraint>
            <Constraint xsi:type="PrimaryKeyConstraint">
              <Name>PRIMARY</Name>
              <ColumnNames>
                <string>eng</string>
                <string>entry_id</string>
                <string>id</string>
                <string>member_id</string>
                <string>title_id</string>
              </ColumnNames>
            </Constraint>
          </Constraints>
          <IsView>false</IsView>
        </Table>
        <Table>
          <Name>grup_grup</Name>
          <Columns>
            <Column>
              <Name>grup_id</Name>
              <ColumnType>Int32</ColumnType>
              <ColumnTypeOriginal>INT</ColumnTypeOriginal>
              <IsNullable>false</IsNullable>
              <DefaultValue>0</DefaultValue>
              <Length>0</Length>
              <IsAutoIncrement>false</IsAutoIncrement>
            </Column>
            <Column>
              <Name>altgrup_id</Name>
              <ColumnType>Int32</ColumnType>
              <ColumnTypeOriginal>INT</ColumnTypeOriginal>
              <IsNullable>false</IsNullable>
              <DefaultValue>0</DefaultValue>
              <Length>0</Length>
              <IsAutoIncrement>false</IsAutoIncrement>
            </Column>
          </Columns>
          <Indices />
          <Constraints>
            <Constraint xsi:type="UniqueConstraint">
              <Name>un</Name>
              <ColumnNames>
                <string>altgrup_id</string>
                <string>grup_id</string>
                <string>title_id</string>
              </ColumnNames>
            </Constraint>
          </Constraints>
          <IsView>false</IsView>
        </Table>
        <Table>
          <Name>grup_title</Name>
          <Columns>
            <Column>
              <Name>grup_id</Name>
              <ColumnType>Int32</ColumnType>
              <ColumnTypeOriginal>INT</ColumnTypeOriginal>
              <IsNullable>false</IsNullable>
              <DefaultValue>0</DefaultValue>
              <Length>0</Length>
              <IsAutoIncrement>false</IsAutoIncrement>
            </Column>
            <Column>
              <Name>title_id</Name>
              <ColumnType>Int32</ColumnType>
              <ColumnTypeOriginal>INT</ColumnTypeOriginal>
              <IsNullable>false</IsNullable>
              <DefaultValue>0</DefaultValue>
              <Length>0</Length>
              <IsAutoIncrement>false</IsAutoIncrement>
            </Column>
          </Columns>
          <Indices />
          <Constraints>
            <Constraint xsi:type="UniqueConstraint">
              <Name>un</Name>
              <ColumnNames>
                <string>altgrup_id</string>
                <string>grup_id</string>
                <string>title_id</string>
              </ColumnNames>
            </Constraint>
          </Constraints>
          <IsView>false</IsView>
        </Table>
        <Table>
          <Name>makale</Name>
          <Columns>
            <Column>
              <Name>title_id</Name>
              <ColumnType>Int32</ColumnType>
              <ColumnTypeOriginal>INT</ColumnTypeOriginal>
              <IsNullable>false</IsNullable>
              <DefaultValue>0</DefaultValue>
              <Length>0</Length>
              <IsAutoIncrement>false</IsAutoIncrement>
            </Column>
            <Column>
              <Name>ozet</Name>
              <ColumnType>Text</ColumnType>
              <ColumnTypeOriginal>TEXT</ColumnTypeOriginal>
              <IsNullable>false</IsNullable>
              <DefaultValue />
              <Length>65535</Length>
              <IsAutoIncrement>false</IsAutoIncrement>
            </Column>
            <Column>
              <Name>metin</Name>
              <ColumnType>Text</ColumnType>
              <ColumnTypeOriginal>TEXT</ColumnTypeOriginal>
              <IsNullable>false</IsNullable>
              <DefaultValue />
              <Length>65535</Length>
              <IsAutoIncrement>false</IsAutoIncrement>
            </Column>
            <Column>
              <Name>download1</Name>
              <ColumnType>VarChar</ColumnType>
              <ColumnTypeOriginal>VARCHAR</ColumnTypeOriginal>
              <IsNullable>true</IsNullable>
              <DefaultValue />
              <Length>50</Length>
              <IsAutoIncrement>false</IsAutoIncrement>
            </Column>
            <Column>
              <Name>download2</Name>
              <ColumnType>VarChar</ColumnType>
              <ColumnTypeOriginal>VARCHAR</ColumnTypeOriginal>
              <IsNullable>true</IsNullable>
              <DefaultValue />
              <Length>50</Length>
              <IsAutoIncrement>false</IsAutoIncrement>
            </Column>
            <Column>
              <Name>resim1</Name>
              <ColumnType>VarChar</ColumnType>
              <ColumnTypeOriginal>VARCHAR</ColumnTypeOriginal>
              <IsNullable>true</IsNullable>
              <DefaultValue />
              <Length>50</Length>
              <IsAutoIncrement>false</IsAutoIncrement>
            </Column>
            <Column>
              <Name>resim1hiza</Name>
              <ColumnType>VarChar</ColumnType>
              <ColumnTypeOriginal>VARCHAR</ColumnTypeOriginal>
              <IsNullable>true</IsNullable>
              <DefaultValue />
              <Length>5</Length>
              <IsAutoIncrement>false</IsAutoIncrement>
            </Column>
            <Column>
              <Name>resim2</Name>
              <ColumnType>VarChar</ColumnType>
              <ColumnTypeOriginal>VARCHAR</ColumnTypeOriginal>
              <IsNullable>true</IsNullable>
              <DefaultValue />
              <Length>50</Length>
              <IsAutoIncrement>false</IsAutoIncrement>
            </Column>
            <Column>
              <Name>resim2hiza</Name>
              <ColumnType>VarChar</ColumnType>
              <ColumnTypeOriginal>VARCHAR</ColumnTypeOriginal>
              <IsNullable>true</IsNullable>
              <DefaultValue />
              <Length>5</Length>
              <IsAutoIncrement>false</IsAutoIncrement>
            </Column>
            <Column>
              <Name>resim3</Name>
              <ColumnType>VarChar</ColumnType>
              <ColumnTypeOriginal>VARCHAR</ColumnTypeOriginal>
              <IsNullable>true</IsNullable>
              <DefaultValue />
              <Length>50</Length>
              <IsAutoIncrement>false</IsAutoIncrement>
            </Column>
            <Column>
              <Name>resim3hiza</Name>
              <ColumnType>VarChar</ColumnType>
              <ColumnTypeOriginal>VARCHAR</ColumnTypeOriginal>
              <IsNullable>true</IsNullable>
              <DefaultValue />
              <Length>5</Length>
              <IsAutoIncrement>false</IsAutoIncrement>
            </Column>
          </Columns>
          <Indices />
          <Constraints>
            <Constraint xsi:type="PrimaryKeyConstraint">
              <Name>PRIMARY</Name>
              <ColumnNames>
                <string>eng</string>
                <string>entry_id</string>
                <string>id</string>
                <string>member_id</string>
                <string>title_id</string>
              </ColumnNames>
            </Constraint>
          </Constraints>
          <IsView>false</IsView>
        </Table>
        <Table>
          <Name>member</Name>
          <Columns>
            <Column>
              <Name>id</Name>
              <ColumnType>Int32</ColumnType>
              <ColumnTypeOriginal>INT</ColumnTypeOriginal>
              <IsNullable>false</IsNullable>
              <DefaultValue />
              <Length>0</Length>
              <IsAutoIncrement>true</IsAutoIncrement>
            </Column>
            <Column>
              <Name>username</Name>
              <ColumnType>VarChar</ColumnType>
              <ColumnTypeOriginal>VARCHAR</ColumnTypeOriginal>
              <IsNullable>false</IsNullable>
              <DefaultValue />
              <Length>100</Length>
              <IsAutoIncrement>false</IsAutoIncrement>
            </Column>
            <Column>
              <Name>sifre</Name>
              <ColumnType>VarChar</ColumnType>
              <ColumnTypeOriginal>VARCHAR</ColumnTypeOriginal>
              <IsNullable>false</IsNullable>
              <DefaultValue />
              <Length>20</Length>
              <IsAutoIncrement>false</IsAutoIncrement>
            </Column>
            <Column>
              <Name>email</Name>
              <ColumnType>VarChar</ColumnType>
              <ColumnTypeOriginal>VARCHAR</ColumnTypeOriginal>
              <IsNullable>false</IsNullable>
              <DefaultValue />
              <Length>50</Length>
              <IsAutoIncrement>false</IsAutoIncrement>
            </Column>
            <Column>
              <Name>fullname</Name>
              <ColumnType>VarChar</ColumnType>
              <ColumnTypeOriginal>VARCHAR</ColumnTypeOriginal>
              <IsNullable>true</IsNullable>
              <DefaultValue />
              <Length>50</Length>
              <IsAutoIncrement>false</IsAutoIncrement>
            </Column>
            <Column>
              <Name>confirm_code</Name>
              <ColumnType>VarChar</ColumnType>
              <ColumnTypeOriginal>VARCHAR</ColumnTypeOriginal>
              <IsNullable>false</IsNullable>
              <DefaultValue />
              <Length>50</Length>
              <IsAutoIncrement>false</IsAutoIncrement>
            </Column>
            <Column>
              <Name>aktif</Name>
              <ColumnType>Int32</ColumnType>
              <ColumnTypeOriginal>INT</ColumnTypeOriginal>
              <IsNullable>false</IsNullable>
              <DefaultValue>0</DefaultValue>
              <Length>0</Length>
              <IsAutoIncrement>false</IsAutoIncrement>
            </Column>
            <Column>
              <Name>dogum_yili</Name>
              <ColumnType>Int32</ColumnType>
              <ColumnTypeOriginal>INT</ColumnTypeOriginal>
              <IsNullable>true</IsNullable>
              <DefaultValue />
              <Length>0</Length>
              <IsAutoIncrement>false</IsAutoIncrement>
            </Column>
            <Column>
              <Name>cinsiyet</Name>
              <ColumnType>Int32</ColumnType>
              <ColumnTypeOriginal>INT</ColumnTypeOriginal>
              <IsNullable>true</IsNullable>
              <DefaultValue />
              <Length>0</Length>
              <IsAutoIncrement>false</IsAutoIncrement>
            </Column>
            <Column>
              <Name>sehir</Name>
              <ColumnType>VarChar</ColumnType>
              <ColumnTypeOriginal>VARCHAR</ColumnTypeOriginal>
              <IsNullable>false</IsNullable>
              <DefaultValue />
              <Length>20</Length>
              <IsAutoIncrement>false</IsAutoIncrement>
            </Column>
            <Column>
              <Name>membership_date</Name>
              <ColumnType>DateTime</ColumnType>
              <ColumnTypeOriginal>DATETIME</ColumnTypeOriginal>
              <IsNullable>false</IsNullable>
              <DefaultValue>0000-00-00 00:00:00</DefaultValue>
              <Length>0</Length>
              <IsAutoIncrement>false</IsAutoIncrement>
            </Column>
            <Column>
              <Name>last_login_date</Name>
              <ColumnType>DateTime</ColumnType>
              <ColumnTypeOriginal>DATETIME</ColumnTypeOriginal>
              <IsNullable>true</IsNullable>
              <DefaultValue />
              <Length>0</Length>
              <IsAutoIncrement>false</IsAutoIncrement>
            </Column>
            <Column>
              <Name>send_mail</Name>
              <ColumnType>Int32</ColumnType>
              <ColumnTypeOriginal>INT</ColumnTypeOriginal>
              <IsNullable>false</IsNullable>
              <DefaultValue>1</DefaultValue>
              <Length>0</Length>
              <IsAutoIncrement>false</IsAutoIncrement>
            </Column>
            <Column>
              <Name>last_mbox_read_date</Name>
              <ColumnType>DateTime</ColumnType>
              <ColumnTypeOriginal>DATETIME</ColumnTypeOriginal>
              <IsNullable>true</IsNullable>
              <DefaultValue />
              <Length>0</Length>
              <IsAutoIncrement>false</IsAutoIncrement>
            </Column>
            <Column>
              <Name>photo</Name>
              <ColumnType>VarChar</ColumnType>
              <ColumnTypeOriginal>VARCHAR</ColumnTypeOriginal>
              <IsNullable>true</IsNullable>
              <DefaultValue />
              <Length>100</Length>
              <IsAutoIncrement>false</IsAutoIncrement>
            </Column>
          </Columns>
          <Indices />
          <Constraints>
            <Constraint xsi:type="UniqueConstraint">
              <Name>email</Name>
              <ColumnNames>
                <string>email</string>
              </ColumnNames>
            </Constraint>
            <Constraint xsi:type="PrimaryKeyConstraint">
              <Name>PRIMARY</Name>
              <ColumnNames>
                <string>eng</string>
                <string>entry_id</string>
                <string>id</string>
                <string>member_id</string>
                <string>title_id</string>
              </ColumnNames>
            </Constraint>
            <Constraint xsi:type="UniqueConstraint">
              <Name>username</Name>
              <ColumnNames>
                <string>username</string>
              </ColumnNames>
            </Constraint>
          </Constraints>
          <IsView>false</IsView>
        </Table>
        <Table>
          <Name>member_detail</Name>
          <Columns>
            <Column>
              <Name>id</Name>
              <ColumnType>Int32</ColumnType>
              <ColumnTypeOriginal>INT</ColumnTypeOriginal>
              <IsNullable>false</IsNullable>
              <DefaultValue />
              <Length>0</Length>
              <IsAutoIncrement>true</IsAutoIncrement>
            </Column>
            <Column>
              <Name>member_id</Name>
              <ColumnType>Int32</ColumnType>
              <ColumnTypeOriginal>INT</ColumnTypeOriginal>
              <IsNullable>false</IsNullable>
              <DefaultValue>0</DefaultValue>
              <Length>0</Length>
              <IsAutoIncrement>false</IsAutoIncrement>
            </Column>
            <Column>
              <Name>member_detail_soru_id</Name>
              <ColumnType>Int32</ColumnType>
              <ColumnTypeOriginal>INT</ColumnTypeOriginal>
              <IsNullable>false</IsNullable>
              <DefaultValue>0</DefaultValue>
              <Length>0</Length>
              <IsAutoIncrement>false</IsAutoIncrement>
            </Column>
            <Column>
              <Name>cevap</Name>
              <ColumnType>Text</ColumnType>
              <ColumnTypeOriginal>TEXT</ColumnTypeOriginal>
              <IsNullable>false</IsNullable>
              <DefaultValue />
              <Length>65535</Length>
              <IsAutoIncrement>false</IsAutoIncrement>
            </Column>
            <Column>
              <Name>tarih</Name>
              <ColumnType>DateTime</ColumnType>
              <ColumnTypeOriginal>DATETIME</ColumnTypeOriginal>
              <IsNullable>false</IsNullable>
              <DefaultValue>0000-00-00 00:00:00</DefaultValue>
              <Length>0</Length>
              <IsAutoIncrement>false</IsAutoIncrement>
            </Column>
          </Columns>
          <Indices />
          <Constraints>
            <Constraint xsi:type="PrimaryKeyConstraint">
              <Name>PRIMARY</Name>
              <ColumnNames>
                <string>eng</string>
                <string>entry_id</string>
                <string>id</string>
                <string>member_id</string>
                <string>title_id</string>
              </ColumnNames>
            </Constraint>
          </Constraints>
          <IsView>false</IsView>
        </Table>
        <Table>
          <Name>member_detail_soru</Name>
          <Columns>
            <Column>
              <Name>id</Name>
              <ColumnType>Int32</ColumnType>
              <ColumnTypeOriginal>INT</ColumnTypeOriginal>
              <IsNullable>false</IsNullable>
              <DefaultValue />
              <Length>0</Length>
              <IsAutoIncrement>true</IsAutoIncrement>
            </Column>
            <Column>
              <Name>soru</Name>
              <ColumnType>Text</ColumnType>
              <ColumnTypeOriginal>TEXT</ColumnTypeOriginal>
              <IsNullable>false</IsNullable>
              <DefaultValue />
              <Length>65535</Length>
              <IsAutoIncrement>false</IsAutoIncrement>
            </Column>
            <Column>
              <Name>soru_grubu</Name>
              <ColumnType>VarChar</ColumnType>
              <ColumnTypeOriginal>VARCHAR</ColumnTypeOriginal>
              <IsNullable>false</IsNullable>
              <DefaultValue>kisisel</DefaultValue>
              <Length>50</Length>
              <IsAutoIncrement>false</IsAutoIncrement>
            </Column>
          </Columns>
          <Indices />
          <Constraints>
            <Constraint xsi:type="PrimaryKeyConstraint">
              <Name>PRIMARY</Name>
              <ColumnNames>
                <string>eng</string>
                <string>entry_id</string>
                <string>id</string>
                <string>member_id</string>
                <string>title_id</string>
              </ColumnNames>
            </Constraint>
          </Constraints>
          <IsView>false</IsView>
        </Table>
        <Table>
          <Name>mesaj</Name>
          <Columns>
            <Column>
              <Name>id</Name>
              <ColumnType>Int32</ColumnType>
              <ColumnTypeOriginal>INT</ColumnTypeOriginal>
              <IsNullable>false</IsNullable>
              <DefaultValue />
              <Length>0</Length>
              <IsAutoIncrement>true</IsAutoIncrement>
            </Column>
            <Column>
              <Name>kimden</Name>
              <ColumnType>Int32</ColumnType>
              <ColumnTypeOriginal>INT</ColumnTypeOriginal>
              <IsNullable>false</IsNullable>
              <DefaultValue>0</DefaultValue>
              <Length>0</Length>
              <IsAutoIncrement>false</IsAutoIncrement>
            </Column>
            <Column>
              <Name>kime</Name>
              <ColumnType>Int32</ColumnType>
              <ColumnTypeOriginal>INT</ColumnTypeOriginal>
              <IsNullable>false</IsNullable>
              <DefaultValue>0</DefaultValue>
              <Length>0</Length>
              <IsAutoIncrement>false</IsAutoIncrement>
            </Column>
            <Column>
              <Name>konu</Name>
              <ColumnType>VarChar</ColumnType>
              <ColumnTypeOriginal>VARCHAR</ColumnTypeOriginal>
              <IsNullable>false</IsNullable>
              <DefaultValue />
              <Length>100</Length>
              <IsAutoIncrement>false</IsAutoIncrement>
            </Column>
            <Column>
              <Name>metin</Name>
              <ColumnType>Text</ColumnType>
              <ColumnTypeOriginal>TEXT</ColumnTypeOriginal>
              <IsNullable>true</IsNullable>
              <DefaultValue />
              <Length>65535</Length>
              <IsAutoIncrement>false</IsAutoIncrement>
            </Column>
            <Column>
              <Name>create_date</Name>
              <ColumnType>DateTime</ColumnType>
              <ColumnTypeOriginal>DATETIME</ColumnTypeOriginal>
              <IsNullable>false</IsNullable>
              <DefaultValue>0000-00-00 00:00:00</DefaultValue>
              <Length>0</Length>
              <IsAutoIncrement>false</IsAutoIncrement>
            </Column>
            <Column>
              <Name>okundu</Name>
              <ColumnType>Int16</ColumnType>
              <ColumnTypeOriginal>SMALLINT</ColumnTypeOriginal>
              <IsNullable>false</IsNullable>
              <DefaultValue>0</DefaultValue>
              <Length>0</Length>
              <IsAutoIncrement>false</IsAutoIncrement>
            </Column>
            <Column>
              <Name>deleted_by_kimden</Name>
              <ColumnType>Int16</ColumnType>
              <ColumnTypeOriginal>SMALLINT</ColumnTypeOriginal>
              <IsNullable>false</IsNullable>
              <DefaultValue>0</DefaultValue>
              <Length>0</Length>
              <IsAutoIncrement>false</IsAutoIncrement>
            </Column>
            <Column>
              <Name>deleted_by_kime</Name>
              <ColumnType>Int16</ColumnType>
              <ColumnTypeOriginal>SMALLINT</ColumnTypeOriginal>
              <IsNullable>false</IsNullable>
              <DefaultValue>0</DefaultValue>
              <Length>0</Length>
              <IsAutoIncrement>false</IsAutoIncrement>
            </Column>
          </Columns>
          <Indices />
          <Constraints>
            <Constraint xsi:type="PrimaryKeyConstraint">
              <Name>PRIMARY</Name>
              <ColumnNames>
                <string>eng</string>
                <string>entry_id</string>
                <string>id</string>
                <string>member_id</string>
                <string>title_id</string>
              </ColumnNames>
            </Constraint>
          </Constraints>
          <IsView>false</IsView>
        </Table>
        <Table>
          <Name>outgoing_message</Name>
          <Columns>
            <Column>
              <Name>member_id</Name>
              <ColumnType>Int32</ColumnType>
              <ColumnTypeOriginal>INT</ColumnTypeOriginal>
              <IsNullable>false</IsNullable>
              <DefaultValue>0</DefaultValue>
              <Length>0</Length>
              <IsAutoIncrement>false</IsAutoIncrement>
            </Column>
            <Column>
              <Name>message_type</Name>
              <ColumnType>VarChar</ColumnType>
              <ColumnTypeOriginal>VARCHAR</ColumnTypeOriginal>
              <IsNullable>false</IsNullable>
              <DefaultValue>0</DefaultValue>
              <Length>10</Length>
              <IsAutoIncrement>false</IsAutoIncrement>
            </Column>
            <Column>
              <Name>content</Name>
              <ColumnType>VarChar</ColumnType>
              <ColumnTypeOriginal>VARCHAR</ColumnTypeOriginal>
              <IsNullable>false</IsNullable>
              <DefaultValue />
              <Length>250</Length>
              <IsAutoIncrement>false</IsAutoIncrement>
            </Column>
            <Column>
              <Name>create_date</Name>
              <ColumnType>DateTime</ColumnType>
              <ColumnTypeOriginal>DATETIME</ColumnTypeOriginal>
              <IsNullable>false</IsNullable>
              <DefaultValue>0000-00-00 00:00:00</DefaultValue>
              <Length>0</Length>
              <IsAutoIncrement>false</IsAutoIncrement>
            </Column>
            <Column>
              <Name>has_been_sent</Name>
              <ColumnType>Int32</ColumnType>
              <ColumnTypeOriginal>INT</ColumnTypeOriginal>
              <IsNullable>false</IsNullable>
              <DefaultValue>0</DefaultValue>
              <Length>0</Length>
              <IsAutoIncrement>false</IsAutoIncrement>
            </Column>
          </Columns>
          <Indices />
          <Constraints />
          <IsView>false</IsView>
        </Table>
        <Table>
          <Name>rating</Name>
          <Columns>
            <Column>
              <Name>member_id</Name>
              <ColumnType>Int32</ColumnType>
              <ColumnTypeOriginal>INT</ColumnTypeOriginal>
              <IsNullable>false</IsNullable>
              <DefaultValue>0</DefaultValue>
              <Length>0</Length>
              <IsAutoIncrement>false</IsAutoIncrement>
            </Column>
            <Column>
              <Name>entry_id</Name>
              <ColumnType>Int32</ColumnType>
              <ColumnTypeOriginal>INT</ColumnTypeOriginal>
              <IsNullable>false</IsNullable>
              <DefaultValue>0</DefaultValue>
              <Length>0</Length>
              <IsAutoIncrement>false</IsAutoIncrement>
            </Column>
            <Column>
              <Name>rate</Name>
              <ColumnType>Int32</ColumnType>
              <ColumnTypeOriginal>INT</ColumnTypeOriginal>
              <IsNullable>false</IsNullable>
              <DefaultValue>0</DefaultValue>
              <Length>0</Length>
              <IsAutoIncrement>false</IsAutoIncrement>
            </Column>
            <Column>
              <Name>submit_date</Name>
              <ColumnType>DateTime</ColumnType>
              <ColumnTypeOriginal>DATETIME</ColumnTypeOriginal>
              <IsNullable>true</IsNullable>
              <DefaultValue />
              <Length>0</Length>
              <IsAutoIncrement>false</IsAutoIncrement>
            </Column>
          </Columns>
          <Indices />
          <Constraints>
            <Constraint xsi:type="PrimaryKeyConstraint">
              <Name>PRIMARY</Name>
              <ColumnNames>
                <string>eng</string>
                <string>entry_id</string>
                <string>id</string>
                <string>member_id</string>
                <string>title_id</string>
              </ColumnNames>
            </Constraint>
          </Constraints>
          <IsView>false</IsView>
        </Table>
        <Table>
          <Name>stats</Name>
          <Columns>
            <Column>
              <Name>id</Name>
              <ColumnType>Int32</ColumnType>
              <ColumnTypeOriginal>INT</ColumnTypeOriginal>
              <IsNullable>false</IsNullable>
              <DefaultValue />
              <Length>0</Length>
              <IsAutoIncrement>true</IsAutoIncrement>
            </Column>
            <Column>
              <Name>tip</Name>
              <ColumnType>VarChar</ColumnType>
              <ColumnTypeOriginal>VARCHAR</ColumnTypeOriginal>
              <IsNullable>true</IsNullable>
              <DefaultValue />
              <Length>20</Length>
              <IsAutoIncrement>false</IsAutoIncrement>
            </Column>
            <Column>
              <Name>ad</Name>
              <ColumnType>VarChar</ColumnType>
              <ColumnTypeOriginal>VARCHAR</ColumnTypeOriginal>
              <IsNullable>false</IsNullable>
              <DefaultValue />
              <Length>100</Length>
              <IsAutoIncrement>false</IsAutoIncrement>
            </Column>
            <Column>
              <Name>aciklama</Name>
              <ColumnType>TextMedium</ColumnType>
              <ColumnTypeOriginal>MEDIUMTEXT</ColumnTypeOriginal>
              <IsNullable>true</IsNullable>
              <DefaultValue />
              <Length>16777215</Length>
              <IsAutoIncrement>false</IsAutoIncrement>
            </Column>
            <Column>
              <Name>sql</Name>
              <ColumnType>TextMedium</ColumnType>
              <ColumnTypeOriginal>MEDIUMTEXT</ColumnTypeOriginal>
              <IsNullable>false</IsNullable>
              <DefaultValue />
              <Length>16777215</Length>
              <IsAutoIncrement>false</IsAutoIncrement>
            </Column>
            <Column>
              <Name>cache_duration</Name>
              <ColumnType>Int32</ColumnType>
              <ColumnTypeOriginal>INT</ColumnTypeOriginal>
              <IsNullable>false</IsNullable>
              <DefaultValue>0</DefaultValue>
              <Length>0</Length>
              <IsAutoIncrement>false</IsAutoIncrement>
            </Column>
            <Column>
              <Name>cached_html</Name>
              <ColumnType>Text</ColumnType>
              <ColumnTypeOriginal>TEXT</ColumnTypeOriginal>
              <IsNullable>true</IsNullable>
              <DefaultValue />
              <Length>65535</Length>
              <IsAutoIncrement>false</IsAutoIncrement>
            </Column>
            <Column>
              <Name>cache_date</Name>
              <ColumnType>DateTime</ColumnType>
              <ColumnTypeOriginal>DATETIME</ColumnTypeOriginal>
              <IsNullable>true</IsNullable>
              <DefaultValue />
              <Length>0</Length>
              <IsAutoIncrement>false</IsAutoIncrement>
            </Column>
          </Columns>
          <Indices />
          <Constraints>
            <Constraint xsi:type="PrimaryKeyConstraint">
              <Name>PRIMARY</Name>
              <ColumnNames>
                <string>eng</string>
                <string>entry_id</string>
                <string>id</string>
                <string>member_id</string>
                <string>title_id</string>
              </ColumnNames>
            </Constraint>
          </Constraints>
          <IsView>false</IsView>
        </Table>
        <Table>
          <Name>stats_cache_duration</Name>
          <Columns>
            <Column>
              <Name>id</Name>
              <ColumnType>Int32</ColumnType>
              <ColumnTypeOriginal>INT</ColumnTypeOriginal>
              <IsNullable>false</IsNullable>
              <DefaultValue>0</DefaultValue>
              <Length>0</Length>
              <IsAutoIncrement>false</IsAutoIncrement>
            </Column>
            <Column>
              <Name>name</Name>
              <ColumnType>VarChar</ColumnType>
              <ColumnTypeOriginal>VARCHAR</ColumnTypeOriginal>
              <IsNullable>true</IsNullable>
              <DefaultValue />
              <Length>20</Length>
              <IsAutoIncrement>false</IsAutoIncrement>
            </Column>
          </Columns>
          <Indices />
          <Constraints>
            <Constraint xsi:type="PrimaryKeyConstraint">
              <Name>PRIMARY</Name>
              <ColumnNames>
                <string>eng</string>
                <string>entry_id</string>
                <string>id</string>
                <string>member_id</string>
                <string>title_id</string>
              </ColumnNames>
            </Constraint>
          </Constraints>
          <IsView>false</IsView>
        </Table>
        <Table>
          <Name>title</Name>
          <Columns>
            <Column>
              <Name>id</Name>
              <ColumnType>Int32</ColumnType>
              <ColumnTypeOriginal>INT</ColumnTypeOriginal>
              <IsNullable>false</IsNullable>
              <DefaultValue />
              <Length>0</Length>
              <IsAutoIncrement>true</IsAutoIncrement>
            </Column>
            <Column>
              <Name>title</Name>
              <ColumnType>VarChar</ColumnType>
              <ColumnTypeOriginal>VARCHAR</ColumnTypeOriginal>
              <IsNullable>false</IsNullable>
              <DefaultValue />
              <Length>100</Length>
              <IsAutoIncrement>false</IsAutoIncrement>
            </Column>
            <Column>
              <Name>title_type</Name>
              <ColumnType>VarChar</ColumnType>
              <ColumnTypeOriginal>VARCHAR</ColumnTypeOriginal>
              <IsNullable>false</IsNullable>
              <DefaultValue />
              <Length>6</Length>
              <IsAutoIncrement>false</IsAutoIncrement>
            </Column>
            <Column>
              <Name>redirect_to</Name>
              <ColumnType>VarChar</ColumnType>
              <ColumnTypeOriginal>VARCHAR</ColumnTypeOriginal>
              <IsNullable>true</IsNullable>
              <DefaultValue />
              <Length>100</Length>
              <IsAutoIncrement>false</IsAutoIncrement>
            </Column>
            <Column>
              <Name>deleted</Name>
              <ColumnType>Int32</ColumnType>
              <ColumnTypeOriginal>INT</ColumnTypeOriginal>
              <IsNullable>false</IsNullable>
              <DefaultValue>0</DefaultValue>
              <Length>0</Length>
              <IsAutoIncrement>false</IsAutoIncrement>
            </Column>
            <Column>
              <Name>delete_member_id</Name>
              <ColumnType>Int32</ColumnType>
              <ColumnTypeOriginal>INT</ColumnTypeOriginal>
              <IsNullable>true</IsNullable>
              <DefaultValue />
              <Length>0</Length>
              <IsAutoIncrement>false</IsAutoIncrement>
            </Column>
            <Column>
              <Name>delete_date</Name>
              <ColumnType>DateTime</ColumnType>
              <ColumnTypeOriginal>DATETIME</ColumnTypeOriginal>
              <IsNullable>true</IsNullable>
              <DefaultValue />
              <Length>0</Length>
              <IsAutoIncrement>false</IsAutoIncrement>
            </Column>
            <Column>
              <Name>create_member_id</Name>
              <ColumnType>Int32</ColumnType>
              <ColumnTypeOriginal>INT</ColumnTypeOriginal>
              <IsNullable>false</IsNullable>
              <DefaultValue>0</DefaultValue>
              <Length>0</Length>
              <IsAutoIncrement>false</IsAutoIncrement>
            </Column>
            <Column>
              <Name>create_date</Name>
              <ColumnType>DateTime</ColumnType>
              <ColumnTypeOriginal>DATETIME</ColumnTypeOriginal>
              <IsNullable>false</IsNullable>
              <DefaultValue>0000-00-00 00:00:00</DefaultValue>
              <Length>0</Length>
              <IsAutoIncrement>false</IsAutoIncrement>
            </Column>
            <Column>
              <Name>update_member_id</Name>
              <ColumnType>Int32</ColumnType>
              <ColumnTypeOriginal>INT</ColumnTypeOriginal>
              <IsNullable>true</IsNullable>
              <DefaultValue />
              <Length>0</Length>
              <IsAutoIncrement>false</IsAutoIncrement>
            </Column>
            <Column>
              <Name>update_date</Name>
              <ColumnType>DateTime</ColumnType>
              <ColumnTypeOriginal>DATETIME</ColumnTypeOriginal>
              <IsNullable>true</IsNullable>
              <DefaultValue />
              <Length>0</Length>
              <IsAutoIncrement>false</IsAutoIncrement>
            </Column>
            <Column>
              <Name>total_entry_number</Name>
              <ColumnType>Int32</ColumnType>
              <ColumnTypeOriginal>INT</ColumnTypeOriginal>
              <IsNullable>false</IsNullable>
              <DefaultValue>0</DefaultValue>
              <Length>0</Length>
              <IsAutoIncrement>false</IsAutoIncrement>
            </Column>
            <Column>
              <Name>total_char_length</Name>
              <ColumnType>Int32</ColumnType>
              <ColumnTypeOriginal>INT</ColumnTypeOriginal>
              <IsNullable>false</IsNullable>
              <DefaultValue>0</DefaultValue>
              <Length>0</Length>
              <IsAutoIncrement>false</IsAutoIncrement>
            </Column>
            <Column>
              <Name>total_rate</Name>
              <ColumnType>Int32</ColumnType>
              <ColumnTypeOriginal>INT</ColumnTypeOriginal>
              <IsNullable>false</IsNullable>
              <DefaultValue>0</DefaultValue>
              <Length>0</Length>
              <IsAutoIncrement>false</IsAutoIncrement>
            </Column>
            <Column>
              <Name>view_count</Name>
              <ColumnType>Int32</ColumnType>
              <ColumnTypeOriginal>INT</ColumnTypeOriginal>
              <IsNullable>false</IsNullable>
              <DefaultValue>0</DefaultValue>
              <Length>0</Length>
              <IsAutoIncrement>false</IsAutoIncrement>
            </Column>
            <Column>
              <Name>gruplar</Name>
              <ColumnType>VarChar</ColumnType>
              <ColumnTypeOriginal>VARCHAR</ColumnTypeOriginal>
              <IsNullable>true</IsNullable>
              <DefaultValue />
              <Length>180</Length>
              <IsAutoIncrement>false</IsAutoIncrement>
            </Column>
          </Columns>
          <Indices />
          <Constraints>
            <Constraint xsi:type="PrimaryKeyConstraint">
              <Name>PRIMARY</Name>
              <ColumnNames>
                <string>eng</string>
                <string>entry_id</string>
                <string>id</string>
                <string>member_id</string>
                <string>title_id</string>
              </ColumnNames>
            </Constraint>
            <Constraint xsi:type="UniqueConstraint">
              <Name>title</Name>
              <ColumnNames>
                <string>title</string>
              </ColumnNames>
            </Constraint>
          </Constraints>
          <IsView>false</IsView>
        </Table>
        <Table>
          <Name>yardim</Name>
          <Columns>
            <Column>
              <Name>title_id</Name>
              <ColumnType>Int32</ColumnType>
              <ColumnTypeOriginal>INT</ColumnTypeOriginal>
              <IsNullable>false</IsNullable>
              <DefaultValue>0</DefaultValue>
              <Length>0</Length>
              <IsAutoIncrement>false</IsAutoIncrement>
            </Column>
            <Column>
              <Name>metin</Name>
              <ColumnType>Text</ColumnType>
              <ColumnTypeOriginal>TEXT</ColumnTypeOriginal>
              <IsNullable>false</IsNullable>
              <DefaultValue />
              <Length>65535</Length>
              <IsAutoIncrement>false</IsAutoIncrement>
            </Column>
            <Column>
              <Name>email</Name>
              <ColumnType>VarChar</ColumnType>
              <ColumnTypeOriginal>VARCHAR</ColumnTypeOriginal>
              <IsNullable>true</IsNullable>
              <DefaultValue />
              <Length>100</Length>
              <IsAutoIncrement>false</IsAutoIncrement>
            </Column>
            <Column>
              <Name>display_nick</Name>
              <ColumnType>Int32</ColumnType>
              <ColumnTypeOriginal>INT</ColumnTypeOriginal>
              <IsNullable>false</IsNullable>
              <DefaultValue>0</DefaultValue>
              <Length>0</Length>
              <IsAutoIncrement>false</IsAutoIncrement>
            </Column>
          </Columns>
          <Indices />
          <Constraints>
            <Constraint xsi:type="PrimaryKeyConstraint">
              <Name>PRIMARY</Name>
              <ColumnNames>
                <string>eng</string>
                <string>entry_id</string>
                <string>id</string>
                <string>member_id</string>
                <string>title_id</string>
              </ColumnNames>
            </Constraint>
          </Constraints>
          <IsView>false</IsView>
        </Table>
      </Tables>
    </Database>
    <Schemas />
    <Provider>MySQL</Provider>
    <Host>localhost</Host>
    <DbName>mytest</DbName>
    <UserName>root</UserName>
    <Password>bk</Password>
  </ConnectionSettings>
  <ConnectionSettings>
    <Database>
      <Tables>
        <Table>
          <Name>customer</Name>
          <Columns>
            <Column>
              <Name>Id</Name>
              <ColumnType>Int32</ColumnType>
              <ColumnTypeOriginal>INT</ColumnTypeOriginal>
              <IsNullable>false</IsNullable>
              <DefaultValue />
              <Length>0</Length>
              <IsAutoIncrement>true</IsAutoIncrement>
            </Column>
            <Column>
              <Name>Name</Name>
              <ColumnType>VarChar</ColumnType>
              <ColumnTypeOriginal>VARCHAR</ColumnTypeOriginal>
              <IsNullable>false</IsNullable>
              <DefaultValue />
              <Length>50</Length>
              <IsAutoIncrement>false</IsAutoIncrement>
            </Column>
          </Columns>
          <Indices />
          <Constraints>
            <Constraint xsi:type="PrimaryKeyConstraint">
              <Name>PK_customer</Name>
              <ColumnNames>
                <string>Id</string>
              </ColumnNames>
            </Constraint>
          </Constraints>
          <IsView>false</IsView>
        </Table>
        <Table>
          <Name>invoice</Name>
          <Columns>
            <Column>
              <Name>Id</Name>
              <ColumnType>Int32</ColumnType>
              <ColumnTypeOriginal>INT</ColumnTypeOriginal>
              <IsNullable>false</IsNullable>
              <DefaultValue />
              <Length>0</Length>
              <IsAutoIncrement>true</IsAutoIncrement>
            </Column>
            <Column>
              <Name>Cost</Name>
              <ColumnType>Decimal</ColumnType>
              <ColumnTypeOriginal>DECIMAL</ColumnTypeOriginal>
              <IsNullable>false</IsNullable>
              <DefaultValue />
              <Length>0</Length>
              <IsAutoIncrement>false</IsAutoIncrement>
            </Column>
            <Column>
              <Name>CustomerId</Name>
              <ColumnType>Int32</ColumnType>
              <ColumnTypeOriginal>INT</ColumnTypeOriginal>
              <IsNullable>false</IsNullable>
              <DefaultValue />
              <Length>0</Length>
              <IsAutoIncrement>false</IsAutoIncrement>
            </Column>
          </Columns>
          <Indices />
          <Constraints>
            <Constraint xsi:type="PrimaryKeyConstraint">
              <Name>PK_invoice</Name>
              <ColumnNames>
                <string>Id</string>
              </ColumnNames>
            </Constraint>
          </Constraints>
          <IsView>false</IsView>
        </Table>
        <Table>
          <Name>view_customer</Name>
          <Columns>
            <Column>
              <Name>Id</Name>
              <ColumnType>Int32</ColumnType>
              <ColumnTypeOriginal>INT</ColumnTypeOriginal>
              <IsNullable>false</IsNullable>
              <DefaultValue />
              <Length>0</Length>
              <IsAutoIncrement>true</IsAutoIncrement>
            </Column>
            <Column>
              <Name>Name</Name>
              <ColumnType>VarChar</ColumnType>
              <ColumnTypeOriginal>VARCHAR</ColumnTypeOriginal>
              <IsNullable>false</IsNullable>
              <DefaultValue />
              <Length>50</Length>
              <IsAutoIncrement>false</IsAutoIncrement>
            </Column>
          </Columns>
          <Indices />
          <Constraints />
          <IsView>true</IsView>
        </Table>
        <Table>
          <Name>contact</Name>
          <Columns>
            <Column>
              <Name>CustomerId</Name>
              <ColumnType>Int32</ColumnType>
              <ColumnTypeOriginal>INT</ColumnTypeOriginal>
              <IsNullable>true</IsNullable>
              <DefaultValue />
              <Length>0</Length>
              <IsAutoIncrement>false</IsAutoIncrement>
            </Column>
            <Column>
              <Name>Id</Name>
              <ColumnType>Int32</ColumnType>
              <ColumnTypeOriginal>INT</ColumnTypeOriginal>
              <IsNullable>false</IsNullable>
              <DefaultValue />
              <Length>0</Length>
              <IsAutoIncrement>true</IsAutoIncrement>
            </Column>
            <Column>
              <Name>Name</Name>
              <ColumnType>VarChar</ColumnType>
              <ColumnTypeOriginal>VARCHAR</ColumnTypeOriginal>
              <IsNullable>false</IsNullable>
              <DefaultValue />
              <Length>20</Length>
              <IsAutoIncrement>false</IsAutoIncrement>
            </Column>
            <Column>
              <Name>Surname</Name>
              <ColumnType>VarChar</ColumnType>
              <ColumnTypeOriginal>VARCHAR</ColumnTypeOriginal>
              <IsNullable>false</IsNullable>
              <DefaultValue />
              <Length>20</Length>
              <IsAutoIncrement>false</IsAutoIncrement>
            </Column>
          </Columns>
          <Indices>
            <Index>
              <Name>ind_contact_id_name</Name>
              <ColumnNames>
                <string>Id</string>
                <string>Name</string>
              </ColumnNames>
            </Index>
          </Indices>
          <Constraints>
            <Constraint xsi:type="ForeignKeyConstraint">
              <Name>fk_cont_cust</Name>
              <ColumnNames>
                <string>CustomerId</string>
              </ColumnNames>
              <RefTableName>customer</RefTableName>
              <RefConstraintName>PK_customer</RefConstraintName>
              <UpdateRule>NO ACTION</UpdateRule>
              <DeleteRule>NO ACTION</DeleteRule>
            </Constraint>
            <Constraint xsi:type="PrimaryKeyConstraint">
              <Name>PK_contact</Name>
              <ColumnNames>
                <string>Id</string>
              </ColumnNames>
            </Constraint>
            <Constraint xsi:type="UniqueConstraint">
              <Name>uc_contact_name</Name>
              <ColumnNames>
                <string>Name</string>
                <string>Surname</string>
              </ColumnNames>
            </Constraint>
          </Constraints>
          <IsView>false</IsView>
        </Table>
      </Tables>
    </Database>
    <Schemas />
    <Provider>SQLServer</Provider>
    <Host>localhost</Host>
    <DbName>mstest</DbName>
    <UserName>sa</UserName>
    <Password>bk</Password>
  </ConnectionSettings>
</ArrayOfConnectionSettings>