<?xml version="1.0" encoding="utf-8"?>
<ArrayOfConnectionSettings xmlns:xsi="http://www.w3.org/2001/XMLSchema-instance" xmlns:xsd="http://www.w3.org/2001/XMLSchema">
  <ConnectionSettings>
    <Database>
      <Tables>
        <Table>
          <Name>bolum</Name>
          <Columns>
            <Column>
              <Name>Description</Name>
              <ColumnType>Text</ColumnType>
              <ColumnTypeOriginal>TEXT</ColumnTypeOriginal>
              <IsNullable>true</IsNullable>
              <DefaultValue />
              <Length>65535</Length>
              <IsAutoIncrement>false</IsAutoIncrement>
            </Column>
            <Column>
              <Name>Id</Name>
              <ColumnType>Int32</ColumnType>
              <ColumnTypeOriginal>INT</ColumnTypeOriginal>
              <IsNullable>false</IsNullable>
              <DefaultValue />
              <Length>0</Length>
              <IsAutoIncrement>true</IsAutoIncrement>
            </Column>
            <Column>
              <Name>InsertDate</Name>
              <ColumnType>DateTime</ColumnType>
              <ColumnTypeOriginal>DATETIME</ColumnTypeOriginal>
              <IsNullable>false</IsNullable>
              <DefaultValue>1990-01-01 00:00:00</DefaultValue>
              <Length>0</Length>
              <IsAutoIncrement>false</IsAutoIncrement>
            </Column>
            <Column>
              <Name>InsertUserId</Name>
              <ColumnType>Int32</ColumnType>
              <ColumnTypeOriginal>INT</ColumnTypeOriginal>
              <IsNullable>true</IsNullable>
              <DefaultValue />
              <Length>0</Length>
              <IsAutoIncrement>false</IsAutoIncrement>
            </Column>
            <Column>
              <Name>Name</Name>
              <ColumnType>VarChar</ColumnType>
              <ColumnTypeOriginal>VARCHAR</ColumnTypeOriginal>
              <IsNullable>false</IsNullable>
              <DefaultValue />
              <Length>100</Length>
              <IsAutoIncrement>false</IsAutoIncrement>
            </Column>
            <Column>
              <Name>OrderNo</Name>
              <ColumnType>Int32</ColumnType>
              <ColumnTypeOriginal>INT</ColumnTypeOriginal>
              <IsNullable>true</IsNullable>
              <DefaultValue />
              <Length>0</Length>
              <IsAutoIncrement>false</IsAutoIncrement>
            </Column>
            <Column>
              <Name>Picture</Name>
              <ColumnType>VarChar</ColumnType>
              <ColumnTypeOriginal>VARCHAR</ColumnTypeOriginal>
              <IsNullable>true</IsNullable>
              <DefaultValue />
              <Length>100</Length>
              <IsAutoIncrement>false</IsAutoIncrement>
            </Column>
            <Column>
              <Name>UpdateDate</Name>
              <ColumnType>DateTime</ColumnType>
              <ColumnTypeOriginal>DATETIME</ColumnTypeOriginal>
              <IsNullable>true</IsNullable>
              <DefaultValue />
              <Length>0</Length>
              <IsAutoIncrement>false</IsAutoIncrement>
            </Column>
            <Column>
              <Name>UpdateUserId</Name>
              <ColumnType>Int32</ColumnType>
              <ColumnTypeOriginal>INT</ColumnTypeOriginal>
              <IsNullable>true</IsNullable>
              <DefaultValue />
              <Length>0</Length>
              <IsAutoIncrement>false</IsAutoIncrement>
            </Column>
            <Column>
              <Name>Visible</Name>
              <ColumnType>Boolean</ColumnType>
              <ColumnTypeOriginal>BOOL</ColumnTypeOriginal>
              <IsNullable>false</IsNullable>
              <DefaultValue>1</DefaultValue>
              <Length>0</Length>
              <IsAutoIncrement>false</IsAutoIncrement>
            </Column>
            <Column>
              <Name>ThumbnailPicture</Name>
              <ColumnType>VarChar</ColumnType>
              <ColumnTypeOriginal>VARCHAR</ColumnTypeOriginal>
              <IsNullable>true</IsNullable>
              <DefaultValue />
              <Length>100</Length>
              <IsAutoIncrement>false</IsAutoIncrement>
            </Column>
            <Column>
              <Name>Onaylandi</Name>
              <ColumnType>Boolean</ColumnType>
              <ColumnTypeOriginal>BOOL</ColumnTypeOriginal>
              <IsNullable>true</IsNullable>
              <DefaultValue />
              <Length>0</Length>
              <IsAutoIncrement>false</IsAutoIncrement>
            </Column>
          </Columns>
          <Indices />
          <Constraints>
            <Constraint xsi:type="PrimaryKeyConstraint">
              <Name>PRIMARY</Name>
              <ColumnNames>
                <string>Id</string>
              </ColumnNames>
            </Constraint>
          </Constraints>
          <IsView>false</IsView>
        </Table>
        <Table>
          <Name>configuration</Name>
          <Columns>
            <Column>
              <Name>AuthEmail</Name>
              <ColumnType>VarChar</ColumnType>
              <ColumnTypeOriginal>VARCHAR</ColumnTypeOriginal>
              <IsNullable>true</IsNullable>
              <DefaultValue />
              <Length>100</Length>
              <IsAutoIncrement>false</IsAutoIncrement>
            </Column>
            <Column>
              <Name>BufferOutput</Name>
              <ColumnType>Boolean</ColumnType>
              <ColumnTypeOriginal>BOOL</ColumnTypeOriginal>
              <IsNullable>true</IsNullable>
              <DefaultValue />
              <Length>0</Length>
              <IsAutoIncrement>false</IsAutoIncrement>
            </Column>
            <Column>
              <Name>CacheLifeTime</Name>
              <ColumnType>Int32</ColumnType>
              <ColumnTypeOriginal>INT</ColumnTypeOriginal>
              <IsNullable>true</IsNullable>
              <DefaultValue />
              <Length>0</Length>
              <IsAutoIncrement>false</IsAutoIncrement>
            </Column>
            <Column>
              <Name>DefaultDateFormat</Name>
              <ColumnType>VarChar</ColumnType>
              <ColumnTypeOriginal>VARCHAR</ColumnTypeOriginal>
              <IsNullable>true</IsNullable>
              <DefaultValue />
              <Length>100</Length>
              <IsAutoIncrement>false</IsAutoIncrement>
            </Column>
            <Column>
              <Name>DefaultLang</Name>
              <ColumnType>Int32</ColumnType>
              <ColumnTypeOriginal>INT</ColumnTypeOriginal>
              <IsNullable>false</IsNullable>
              <DefaultValue />
              <Length>0</Length>
              <IsAutoIncrement>false</IsAutoIncrement>
            </Column>
            <Column>
              <Name>Id</Name>
              <ColumnType>Int32</ColumnType>
              <ColumnTypeOriginal>INT</ColumnTypeOriginal>
              <IsNullable>false</IsNullable>
              <DefaultValue />
              <Length>0</Length>
              <IsAutoIncrement>true</IsAutoIncrement>
            </Column>
            <Column>
              <Name>ImageUploadMaxWidth</Name>
              <ColumnType>Int32</ColumnType>
              <ColumnTypeOriginal>INT</ColumnTypeOriginal>
              <IsNullable>true</IsNullable>
              <DefaultValue />
              <Length>0</Length>
              <IsAutoIncrement>false</IsAutoIncrement>
            </Column>
            <Column>
              <Name>InsertDate</Name>
              <ColumnType>DateTime</ColumnType>
              <ColumnTypeOriginal>DATETIME</ColumnTypeOriginal>
              <IsNullable>false</IsNullable>
              <DefaultValue>1990-01-01 00:00:00</DefaultValue>
              <Length>0</Length>
              <IsAutoIncrement>false</IsAutoIncrement>
            </Column>
            <Column>
              <Name>InsertUserId</Name>
              <ColumnType>Int32</ColumnType>
              <ColumnTypeOriginal>INT</ColumnTypeOriginal>
              <IsNullable>true</IsNullable>
              <DefaultValue />
              <Length>0</Length>
              <IsAutoIncrement>false</IsAutoIncrement>
            </Column>
            <Column>
              <Name>MailHost</Name>
              <ColumnType>VarChar</ColumnType>
              <ColumnTypeOriginal>VARCHAR</ColumnTypeOriginal>
              <IsNullable>true</IsNullable>
              <DefaultValue />
              <Length>100</Length>
              <IsAutoIncrement>false</IsAutoIncrement>
            </Column>
            <Column>
              <Name>MailPassword</Name>
              <ColumnType>VarChar</ColumnType>
              <ColumnTypeOriginal>VARCHAR</ColumnTypeOriginal>
              <IsNullable>true</IsNullable>
              <DefaultValue />
              <Length>100</Length>
              <IsAutoIncrement>false</IsAutoIncrement>
            </Column>
            <Column>
              <Name>MailUsername</Name>
              <ColumnType>VarChar</ColumnType>
              <ColumnTypeOriginal>VARCHAR</ColumnTypeOriginal>
              <IsNullable>true</IsNullable>
              <DefaultValue />
              <Length>100</Length>
              <IsAutoIncrement>false</IsAutoIncrement>
            </Column>
            <Column>
              <Name>MultiLang</Name>
              <ColumnType>Boolean</ColumnType>
              <ColumnTypeOriginal>BOOL</ColumnTypeOriginal>
              <IsNullable>true</IsNullable>
              <DefaultValue />
              <Length>0</Length>
              <IsAutoIncrement>false</IsAutoIncrement>
            </Column>
            <Column>
              <Name>NoPicture</Name>
              <ColumnType>VarChar</ColumnType>
              <ColumnTypeOriginal>VARCHAR</ColumnTypeOriginal>
              <IsNullable>true</IsNullable>
              <DefaultValue />
              <Length>100</Length>
              <IsAutoIncrement>false</IsAutoIncrement>
            </Column>
            <Column>
              <Name>OrderNo</Name>
              <ColumnType>Int32</ColumnType>
              <ColumnTypeOriginal>INT</ColumnTypeOriginal>
              <IsNullable>true</IsNullable>
              <DefaultValue />
              <Length>0</Length>
              <IsAutoIncrement>false</IsAutoIncrement>
            </Column>
            <Column>
              <Name>SessionTimeout</Name>
              <ColumnType>Int32</ColumnType>
              <ColumnTypeOriginal>INT</ColumnTypeOriginal>
              <IsNullable>true</IsNullable>
              <DefaultValue />
              <Length>0</Length>
              <IsAutoIncrement>false</IsAutoIncrement>
            </Column>
            <Column>
              <Name>SiteAddress</Name>
              <ColumnType>VarChar</ColumnType>
              <ColumnTypeOriginal>VARCHAR</ColumnTypeOriginal>
              <IsNullable>true</IsNullable>
              <DefaultValue />
              <Length>100</Length>
              <IsAutoIncrement>false</IsAutoIncrement>
            </Column>
            <Column>
              <Name>SiteDescription</Name>
              <ColumnType>Text</ColumnType>
              <ColumnTypeOriginal>TEXT</ColumnTypeOriginal>
              <IsNullable>true</IsNullable>
              <DefaultValue />
              <Length>65535</Length>
              <IsAutoIncrement>false</IsAutoIncrement>
            </Column>
            <Column>
              <Name>SiteIcon</Name>
              <ColumnType>VarChar</ColumnType>
              <ColumnTypeOriginal>VARCHAR</ColumnTypeOriginal>
              <IsNullable>true</IsNullable>
              <DefaultValue />
              <Length>100</Length>
              <IsAutoIncrement>false</IsAutoIncrement>
            </Column>
            <Column>
              <Name>SiteKeywords</Name>
              <ColumnType>Text</ColumnType>
              <ColumnTypeOriginal>TEXT</ColumnTypeOriginal>
              <IsNullable>true</IsNullable>
              <DefaultValue />
              <Length>65535</Length>
              <IsAutoIncrement>false</IsAutoIncrement>
            </Column>
            <Column>
              <Name>SiteLogo</Name>
              <ColumnType>VarChar</ColumnType>
              <ColumnTypeOriginal>VARCHAR</ColumnTypeOriginal>
              <IsNullable>true</IsNullable>
              <DefaultValue />
              <Length>100</Length>
              <IsAutoIncrement>false</IsAutoIncrement>
            </Column>
            <Column>
              <Name>SiteName</Name>
              <ColumnType>VarChar</ColumnType>
              <ColumnTypeOriginal>VARCHAR</ColumnTypeOriginal>
              <IsNullable>true</IsNullable>
              <DefaultValue />
              <Length>100</Length>
              <IsAutoIncrement>false</IsAutoIncrement>
            </Column>
            <Column>
              <Name>ThumbQuality</Name>
              <ColumnType>Int32</ColumnType>
              <ColumnTypeOriginal>INT</ColumnTypeOriginal>
              <IsNullable>true</IsNullable>
              <DefaultValue />
              <Length>0</Length>
              <IsAutoIncrement>false</IsAutoIncrement>
            </Column>
            <Column>
              <Name>UpdateDate</Name>
              <ColumnType>DateTime</ColumnType>
              <ColumnTypeOriginal>DATETIME</ColumnTypeOriginal>
              <IsNullable>true</IsNullable>
              <DefaultValue />
              <Length>0</Length>
              <IsAutoIncrement>false</IsAutoIncrement>
            </Column>
            <Column>
              <Name>UpdateUserId</Name>
              <ColumnType>Int32</ColumnType>
              <ColumnTypeOriginal>INT</ColumnTypeOriginal>
              <IsNullable>true</IsNullable>
              <DefaultValue />
              <Length>0</Length>
              <IsAutoIncrement>false</IsAutoIncrement>
            </Column>
            <Column>
              <Name>UseCache</Name>
              <ColumnType>VarChar</ColumnType>
              <ColumnTypeOriginal>VARCHAR</ColumnTypeOriginal>
              <IsNullable>false</IsNullable>
              <DefaultValue>False</DefaultValue>
              <Length>30</Length>
              <IsAutoIncrement>false</IsAutoIncrement>
            </Column>
            <Column>
              <Name>Visible</Name>
              <ColumnType>Boolean</ColumnType>
              <ColumnTypeOriginal>BOOL</ColumnTypeOriginal>
              <IsNullable>false</IsNullable>
              <DefaultValue>1</DefaultValue>
              <Length>0</Length>
              <IsAutoIncrement>false</IsAutoIncrement>
            </Column>
          </Columns>
          <Indices />
          <Constraints>
            <Constraint xsi:type="PrimaryKeyConstraint">
              <Name>PRIMARY</Name>
              <ColumnNames>
                <string>Id</string>
              </ColumnNames>
            </Constraint>
          </Constraints>
          <IsView>false</IsView>
        </Table>
        <Table>
          <Name>derskitabi</Name>
          <Columns>
            <Column>
              <Name>Description</Name>
              <ColumnType>Text</ColumnType>
              <ColumnTypeOriginal>TEXT</ColumnTypeOriginal>
              <IsNullable>true</IsNullable>
              <DefaultValue />
              <Length>65535</Length>
              <IsAutoIncrement>false</IsAutoIncrement>
            </Column>
            <Column>
              <Name>Id</Name>
              <ColumnType>Int32</ColumnType>
              <ColumnTypeOriginal>INT</ColumnTypeOriginal>
              <IsNullable>false</IsNullable>
              <DefaultValue />
              <Length>0</Length>
              <IsAutoIncrement>true</IsAutoIncrement>
            </Column>
            <Column>
              <Name>InsertDate</Name>
              <ColumnType>DateTime</ColumnType>
              <ColumnTypeOriginal>DATETIME</ColumnTypeOriginal>
              <IsNullable>false</IsNullable>
              <DefaultValue>1990-01-01 00:00:00</DefaultValue>
              <Length>0</Length>
              <IsAutoIncrement>false</IsAutoIncrement>
            </Column>
            <Column>
              <Name>InsertUserId</Name>
              <ColumnType>Int32</ColumnType>
              <ColumnTypeOriginal>INT</ColumnTypeOriginal>
              <IsNullable>true</IsNullable>
              <DefaultValue />
              <Length>0</Length>
              <IsAutoIncrement>false</IsAutoIncrement>
            </Column>
            <Column>
              <Name>Name</Name>
              <ColumnType>VarChar</ColumnType>
              <ColumnTypeOriginal>VARCHAR</ColumnTypeOriginal>
              <IsNullable>false</IsNullable>
              <DefaultValue />
              <Length>100</Length>
              <IsAutoIncrement>false</IsAutoIncrement>
            </Column>
            <Column>
              <Name>OrderNo</Name>
              <ColumnType>Int32</ColumnType>
              <ColumnTypeOriginal>INT</ColumnTypeOriginal>
              <IsNullable>true</IsNullable>
              <DefaultValue />
              <Length>0</Length>
              <IsAutoIncrement>false</IsAutoIncrement>
            </Column>
            <Column>
              <Name>Picture</Name>
              <ColumnType>VarChar</ColumnType>
              <ColumnTypeOriginal>VARCHAR</ColumnTypeOriginal>
              <IsNullable>true</IsNullable>
              <DefaultValue />
              <Length>100</Length>
              <IsAutoIncrement>false</IsAutoIncrement>
            </Column>
            <Column>
              <Name>UpdateDate</Name>
              <ColumnType>DateTime</ColumnType>
              <ColumnTypeOriginal>DATETIME</ColumnTypeOriginal>
              <IsNullable>true</IsNullable>
              <DefaultValue />
              <Length>0</Length>
              <IsAutoIncrement>false</IsAutoIncrement>
            </Column>
            <Column>
              <Name>UpdateUserId</Name>
              <ColumnType>Int32</ColumnType>
              <ColumnTypeOriginal>INT</ColumnTypeOriginal>
              <IsNullable>true</IsNullable>
              <DefaultValue />
              <Length>0</Length>
              <IsAutoIncrement>false</IsAutoIncrement>
            </Column>
            <Column>
              <Name>Visible</Name>
              <ColumnType>Boolean</ColumnType>
              <ColumnTypeOriginal>BOOL</ColumnTypeOriginal>
              <IsNullable>false</IsNullable>
              <DefaultValue>1</DefaultValue>
              <Length>0</Length>
              <IsAutoIncrement>false</IsAutoIncrement>
            </Column>
            <Column>
              <Name>ThumbnailPicture</Name>
              <ColumnType>VarChar</ColumnType>
              <ColumnTypeOriginal>VARCHAR</ColumnTypeOriginal>
              <IsNullable>true</IsNullable>
              <DefaultValue />
              <Length>100</Length>
              <IsAutoIncrement>false</IsAutoIncrement>
            </Column>
            <Column>
              <Name>SeviyeId</Name>
              <ColumnType>Int32</ColumnType>
              <ColumnTypeOriginal>INT</ColumnTypeOriginal>
              <IsNullable>true</IsNullable>
              <DefaultValue />
              <Length>0</Length>
              <IsAutoIncrement>false</IsAutoIncrement>
            </Column>
            <Column>
              <Name>Onaylandi</Name>
              <ColumnType>Boolean</ColumnType>
              <ColumnTypeOriginal>BOOL</ColumnTypeOriginal>
              <IsNullable>true</IsNullable>
              <DefaultValue />
              <Length>0</Length>
              <IsAutoIncrement>false</IsAutoIncrement>
            </Column>
          </Columns>
          <Indices />
          <Constraints>
            <Constraint xsi:type="PrimaryKeyConstraint">
              <Name>PRIMARY</Name>
              <ColumnNames>
                <string>Id</string>
              </ColumnNames>
            </Constraint>
          </Constraints>
          <IsView>false</IsView>
        </Table>
        <Table>
          <Name>etkinlikbase</Name>
          <Columns>
            <Column>
              <Name>BolumId</Name>
              <ColumnType>Int32</ColumnType>
              <ColumnTypeOriginal>INT</ColumnTypeOriginal>
              <IsNullable>false</IsNullable>
              <DefaultValue />
              <Length>0</Length>
              <IsAutoIncrement>false</IsAutoIncrement>
            </Column>
            <Column>
              <Name>DersKitabiId</Name>
              <ColumnType>Int32</ColumnType>
              <ColumnTypeOriginal>INT</ColumnTypeOriginal>
              <IsNullable>true</IsNullable>
              <DefaultValue />
              <Length>0</Length>
              <IsAutoIncrement>false</IsAutoIncrement>
            </Column>
            <Column>
              <Name>Description</Name>
              <ColumnType>Text</ColumnType>
              <ColumnTypeOriginal>TEXT</ColumnTypeOriginal>
              <IsNullable>true</IsNullable>
              <DefaultValue />
              <Length>65535</Length>
              <IsAutoIncrement>false</IsAutoIncrement>
            </Column>
            <Column>
              <Name>Details</Name>
              <ColumnType>Text</ColumnType>
              <ColumnTypeOriginal>TEXT</ColumnTypeOriginal>
              <IsNullable>true</IsNullable>
              <DefaultValue />
              <Length>65535</Length>
              <IsAutoIncrement>false</IsAutoIncrement>
            </Column>
            <Column>
              <Name>GeriBildirimId</Name>
              <ColumnType>Int32</ColumnType>
              <ColumnTypeOriginal>INT</ColumnTypeOriginal>
              <IsNullable>true</IsNullable>
              <DefaultValue />
              <Length>0</Length>
              <IsAutoIncrement>false</IsAutoIncrement>
            </Column>
            <Column>
              <Name>Id</Name>
              <ColumnType>Int32</ColumnType>
              <ColumnTypeOriginal>INT</ColumnTypeOriginal>
              <IsNullable>false</IsNullable>
              <DefaultValue />
              <Length>0</Length>
              <IsAutoIncrement>true</IsAutoIncrement>
            </Column>
            <Column>
              <Name>InsertDate</Name>
              <ColumnType>DateTime</ColumnType>
              <ColumnTypeOriginal>DATETIME</ColumnTypeOriginal>
              <IsNullable>false</IsNullable>
              <DefaultValue>1990-01-01 00:00:00</DefaultValue>
              <Length>0</Length>
              <IsAutoIncrement>false</IsAutoIncrement>
            </Column>
            <Column>
              <Name>InsertUserId</Name>
              <ColumnType>Int32</ColumnType>
              <ColumnTypeOriginal>INT</ColumnTypeOriginal>
              <IsNullable>true</IsNullable>
              <DefaultValue />
              <Length>0</Length>
              <IsAutoIncrement>false</IsAutoIncrement>
            </Column>
            <Column>
              <Name>Name</Name>
              <ColumnType>VarChar</ColumnType>
              <ColumnTypeOriginal>VARCHAR</ColumnTypeOriginal>
              <IsNullable>false</IsNullable>
              <DefaultValue />
              <Length>100</Length>
              <IsAutoIncrement>false</IsAutoIncrement>
            </Column>
            <Column>
              <Name>OrderNo</Name>
              <ColumnType>Int32</ColumnType>
              <ColumnTypeOriginal>INT</ColumnTypeOriginal>
              <IsNullable>true</IsNullable>
              <DefaultValue />
              <Length>0</Length>
              <IsAutoIncrement>false</IsAutoIncrement>
            </Column>
            <Column>
              <Name>Picture</Name>
              <ColumnType>VarChar</ColumnType>
              <ColumnTypeOriginal>VARCHAR</ColumnTypeOriginal>
              <IsNullable>true</IsNullable>
              <DefaultValue />
              <Length>100</Length>
              <IsAutoIncrement>false</IsAutoIncrement>
            </Column>
            <Column>
              <Name>ToplamSure</Name>
              <ColumnType>Int32</ColumnType>
              <ColumnTypeOriginal>INT</ColumnTypeOriginal>
              <IsNullable>true</IsNullable>
              <DefaultValue />
              <Length>0</Length>
              <IsAutoIncrement>false</IsAutoIncrement>
            </Column>
            <Column>
              <Name>TypeName</Name>
              <ColumnType>VarChar</ColumnType>
              <ColumnTypeOriginal>VARCHAR</ColumnTypeOriginal>
              <IsNullable>false</IsNullable>
              <DefaultValue />
              <Length>100</Length>
              <IsAutoIncrement>false</IsAutoIncrement>
            </Column>
            <Column>
              <Name>UniteId</Name>
              <ColumnType>Int32</ColumnType>
              <ColumnTypeOriginal>INT</ColumnTypeOriginal>
              <IsNullable>false</IsNullable>
              <DefaultValue />
              <Length>0</Length>
              <IsAutoIncrement>false</IsAutoIncrement>
            </Column>
            <Column>
              <Name>UpdateDate</Name>
              <ColumnType>DateTime</ColumnType>
              <ColumnTypeOriginal>DATETIME</ColumnTypeOriginal>
              <IsNullable>true</IsNullable>
              <DefaultValue />
              <Length>0</Length>
              <IsAutoIncrement>false</IsAutoIncrement>
            </Column>
            <Column>
              <Name>UpdateUserId</Name>
              <ColumnType>Int32</ColumnType>
              <ColumnTypeOriginal>INT</ColumnTypeOriginal>
              <IsNullable>true</IsNullable>
              <DefaultValue />
              <Length>0</Length>
              <IsAutoIncrement>false</IsAutoIncrement>
            </Column>
            <Column>
              <Name>UstEtkinlikId</Name>
              <ColumnType>Int32</ColumnType>
              <ColumnTypeOriginal>INT</ColumnTypeOriginal>
              <IsNullable>true</IsNullable>
              <DefaultValue />
              <Length>0</Length>
              <IsAutoIncrement>false</IsAutoIncrement>
            </Column>
            <Column>
              <Name>Visible</Name>
              <ColumnType>Boolean</ColumnType>
              <ColumnTypeOriginal>BOOL</ColumnTypeOriginal>
              <IsNullable>false</IsNullable>
              <DefaultValue>1</DefaultValue>
              <Length>0</Length>
              <IsAutoIncrement>false</IsAutoIncrement>
            </Column>
            <Column>
              <Name>ThumbnailPicture</Name>
              <ColumnType>VarChar</ColumnType>
              <ColumnTypeOriginal>VARCHAR</ColumnTypeOriginal>
              <IsNullable>true</IsNullable>
              <DefaultValue />
              <Length>100</Length>
              <IsAutoIncrement>false</IsAutoIncrement>
            </Column>
            <Column>
              <Name>Zorluk</Name>
              <ColumnType>Int32</ColumnType>
              <ColumnTypeOriginal>INT</ColumnTypeOriginal>
              <IsNullable>true</IsNullable>
              <DefaultValue />
              <Length>0</Length>
              <IsAutoIncrement>false</IsAutoIncrement>
            </Column>
            <Column>
              <Name>Serbest</Name>
              <ColumnType>Binary</ColumnType>
              <ColumnTypeOriginal>BIT</ColumnTypeOriginal>
              <IsNullable>true</IsNullable>
              <DefaultValue />
              <Length>0</Length>
              <IsAutoIncrement>false</IsAutoIncrement>
            </Column>
            <Column>
              <Name>Onaylandi</Name>
              <ColumnType>Boolean</ColumnType>
              <ColumnTypeOriginal>BOOL</ColumnTypeOriginal>
              <IsNullable>true</IsNullable>
              <DefaultValue />
              <Length>0</Length>
              <IsAutoIncrement>false</IsAutoIncrement>
            </Column>
          </Columns>
          <Indices />
          <Constraints>
            <Constraint xsi:type="PrimaryKeyConstraint">
              <Name>PRIMARY</Name>
              <ColumnNames>
                <string>Id</string>
              </ColumnNames>
            </Constraint>
          </Constraints>
          <IsView>false</IsView>
        </Table>
        <Table>
          <Name>etkinlikdetay</Name>
          <Columns>
            <Column>
              <Name>EtkinlikId</Name>
              <ColumnType>Int32</ColumnType>
              <ColumnTypeOriginal>INT</ColumnTypeOriginal>
              <IsNullable>true</IsNullable>
              <DefaultValue />
              <Length>0</Length>
              <IsAutoIncrement>false</IsAutoIncrement>
            </Column>
            <Column>
              <Name>Id</Name>
              <ColumnType>Int32</ColumnType>
              <ColumnTypeOriginal>INT</ColumnTypeOriginal>
              <IsNullable>false</IsNullable>
              <DefaultValue />
              <Length>0</Length>
              <IsAutoIncrement>true</IsAutoIncrement>
            </Column>
            <Column>
              <Name>InsertDate</Name>
              <ColumnType>DateTime</ColumnType>
              <ColumnTypeOriginal>DATETIME</ColumnTypeOriginal>
              <IsNullable>false</IsNullable>
              <DefaultValue>1990-01-01 00:00:00</DefaultValue>
              <Length>0</Length>
              <IsAutoIncrement>false</IsAutoIncrement>
            </Column>
            <Column>
              <Name>InsertUserId</Name>
              <ColumnType>Int32</ColumnType>
              <ColumnTypeOriginal>INT</ColumnTypeOriginal>
              <IsNullable>true</IsNullable>
              <DefaultValue />
              <Length>0</Length>
              <IsAutoIncrement>false</IsAutoIncrement>
            </Column>
            <Column>
              <Name>Kelime</Name>
              <ColumnType>VarChar</ColumnType>
              <ColumnTypeOriginal>VARCHAR</ColumnTypeOriginal>
              <IsNullable>true</IsNullable>
              <DefaultValue />
              <Length>350</Length>
              <IsAutoIncrement>false</IsAutoIncrement>
            </Column>
            <Column>
              <Name>OrderNo</Name>
              <ColumnType>Int32</ColumnType>
              <ColumnTypeOriginal>INT</ColumnTypeOriginal>
              <IsNullable>true</IsNullable>
              <DefaultValue />
              <Length>0</Length>
              <IsAutoIncrement>false</IsAutoIncrement>
            </Column>
            <Column>
              <Name>Resimlink</Name>
              <ColumnType>VarChar</ColumnType>
              <ColumnTypeOriginal>VARCHAR</ColumnTypeOriginal>
              <IsNullable>true</IsNullable>
              <DefaultValue />
              <Length>100</Length>
              <IsAutoIncrement>false</IsAutoIncrement>
            </Column>
            <Column>
              <Name>Seslink</Name>
              <ColumnType>VarChar</ColumnType>
              <ColumnTypeOriginal>VARCHAR</ColumnTypeOriginal>
              <IsNullable>true</IsNullable>
              <DefaultValue />
              <Length>100</Length>
              <IsAutoIncrement>false</IsAutoIncrement>
            </Column>
            <Column>
              <Name>UpdateDate</Name>
              <ColumnType>DateTime</ColumnType>
              <ColumnTypeOriginal>DATETIME</ColumnTypeOriginal>
              <IsNullable>true</IsNullable>
              <DefaultValue />
              <Length>0</Length>
              <IsAutoIncrement>false</IsAutoIncrement>
            </Column>
            <Column>
              <Name>UpdateUserId</Name>
              <ColumnType>Int32</ColumnType>
              <ColumnTypeOriginal>INT</ColumnTypeOriginal>
              <IsNullable>true</IsNullable>
              <DefaultValue />
              <Length>0</Length>
              <IsAutoIncrement>false</IsAutoIncrement>
            </Column>
            <Column>
              <Name>Visible</Name>
              <ColumnType>Boolean</ColumnType>
              <ColumnTypeOriginal>BOOL</ColumnTypeOriginal>
              <IsNullable>false</IsNullable>
              <DefaultValue>1</DefaultValue>
              <Length>0</Length>
              <IsAutoIncrement>false</IsAutoIncrement>
            </Column>
            <Column>
              <Name>Kelime2</Name>
              <ColumnType>VarChar</ColumnType>
              <ColumnTypeOriginal>VARCHAR</ColumnTypeOriginal>
              <IsNullable>true</IsNullable>
              <DefaultValue />
              <Length>350</Length>
              <IsAutoIncrement>false</IsAutoIncrement>
            </Column>
            <Column>
              <Name>Kelime3</Name>
              <ColumnType>VarChar</ColumnType>
              <ColumnTypeOriginal>VARCHAR</ColumnTypeOriginal>
              <IsNullable>true</IsNullable>
              <DefaultValue />
              <Length>350</Length>
              <IsAutoIncrement>false</IsAutoIncrement>
            </Column>
            <Column>
              <Name>Kelime4</Name>
              <ColumnType>VarChar</ColumnType>
              <ColumnTypeOriginal>VARCHAR</ColumnTypeOriginal>
              <IsNullable>true</IsNullable>
              <DefaultValue />
              <Length>350</Length>
              <IsAutoIncrement>false</IsAutoIncrement>
            </Column>
            <Column>
              <Name>Kelime5</Name>
              <ColumnType>VarChar</ColumnType>
              <ColumnTypeOriginal>VARCHAR</ColumnTypeOriginal>
              <IsNullable>true</IsNullable>
              <DefaultValue />
              <Length>350</Length>
              <IsAutoIncrement>false</IsAutoIncrement>
            </Column>
            <Column>
              <Name>Kelime6</Name>
              <ColumnType>VarChar</ColumnType>
              <ColumnTypeOriginal>VARCHAR</ColumnTypeOriginal>
              <IsNullable>true</IsNullable>
              <DefaultValue />
              <Length>350</Length>
              <IsAutoIncrement>false</IsAutoIncrement>
            </Column>
            <Column>
              <Name>Kelime7</Name>
              <ColumnType>VarChar</ColumnType>
              <ColumnTypeOriginal>VARCHAR</ColumnTypeOriginal>
              <IsNullable>true</IsNullable>
              <DefaultValue />
              <Length>350</Length>
              <IsAutoIncrement>false</IsAutoIncrement>
            </Column>
          </Columns>
          <Indices />
          <Constraints>
            <Constraint xsi:type="PrimaryKeyConstraint">
              <Name>PRIMARY</Name>
              <ColumnNames>
                <string>Id</string>
              </ColumnNames>
            </Constraint>
          </Constraints>
          <IsView>false</IsView>
        </Table>
        <Table>
          <Name>etkinlikturu</Name>
          <Columns>
            <Column>
              <Name>Description</Name>
              <ColumnType>Text</ColumnType>
              <ColumnTypeOriginal>TEXT</ColumnTypeOriginal>
              <IsNullable>true</IsNullable>
              <DefaultValue />
              <Length>65535</Length>
              <IsAutoIncrement>false</IsAutoIncrement>
            </Column>
            <Column>
              <Name>Id</Name>
              <ColumnType>Int32</ColumnType>
              <ColumnTypeOriginal>INT</ColumnTypeOriginal>
              <IsNullable>false</IsNullable>
              <DefaultValue />
              <Length>0</Length>
              <IsAutoIncrement>true</IsAutoIncrement>
            </Column>
            <Column>
              <Name>InsertDate</Name>
              <ColumnType>DateTime</ColumnType>
              <ColumnTypeOriginal>DATETIME</ColumnTypeOriginal>
              <IsNullable>false</IsNullable>
              <DefaultValue>1990-01-01 00:00:00</DefaultValue>
              <Length>0</Length>
              <IsAutoIncrement>false</IsAutoIncrement>
            </Column>
            <Column>
              <Name>InsertUserId</Name>
              <ColumnType>Int32</ColumnType>
              <ColumnTypeOriginal>INT</ColumnTypeOriginal>
              <IsNullable>true</IsNullable>
              <DefaultValue />
              <Length>0</Length>
              <IsAutoIncrement>false</IsAutoIncrement>
            </Column>
            <Column>
              <Name>Name</Name>
              <ColumnType>VarChar</ColumnType>
              <ColumnTypeOriginal>VARCHAR</ColumnTypeOriginal>
              <IsNullable>false</IsNullable>
              <DefaultValue />
              <Length>100</Length>
              <IsAutoIncrement>false</IsAutoIncrement>
            </Column>
            <Column>
              <Name>OrderNo</Name>
              <ColumnType>Int32</ColumnType>
              <ColumnTypeOriginal>INT</ColumnTypeOriginal>
              <IsNullable>true</IsNullable>
              <DefaultValue />
              <Length>0</Length>
              <IsAutoIncrement>false</IsAutoIncrement>
            </Column>
            <Column>
              <Name>Picture</Name>
              <ColumnType>VarChar</ColumnType>
              <ColumnTypeOriginal>VARCHAR</ColumnTypeOriginal>
              <IsNullable>true</IsNullable>
              <DefaultValue />
              <Length>100</Length>
              <IsAutoIncrement>false</IsAutoIncrement>
            </Column>
            <Column>
              <Name>ThumbnailPicture</Name>
              <ColumnType>VarChar</ColumnType>
              <ColumnTypeOriginal>VARCHAR</ColumnTypeOriginal>
              <IsNullable>true</IsNullable>
              <DefaultValue />
              <Length>100</Length>
              <IsAutoIncrement>false</IsAutoIncrement>
            </Column>
            <Column>
              <Name>UpdateDate</Name>
              <ColumnType>DateTime</ColumnType>
              <ColumnTypeOriginal>DATETIME</ColumnTypeOriginal>
              <IsNullable>true</IsNullable>
              <DefaultValue />
              <Length>0</Length>
              <IsAutoIncrement>false</IsAutoIncrement>
            </Column>
            <Column>
              <Name>UpdateUserId</Name>
              <ColumnType>Int32</ColumnType>
              <ColumnTypeOriginal>INT</ColumnTypeOriginal>
              <IsNullable>true</IsNullable>
              <DefaultValue />
              <Length>0</Length>
              <IsAutoIncrement>false</IsAutoIncrement>
            </Column>
            <Column>
              <Name>Visible</Name>
              <ColumnType>Boolean</ColumnType>
              <ColumnTypeOriginal>BOOL</ColumnTypeOriginal>
              <IsNullable>false</IsNullable>
              <DefaultValue>1</DefaultValue>
              <Length>0</Length>
              <IsAutoIncrement>false</IsAutoIncrement>
            </Column>
            <Column>
              <Name>GorunenAd</Name>
              <ColumnType>VarChar</ColumnType>
              <ColumnTypeOriginal>VARCHAR</ColumnTypeOriginal>
              <IsNullable>true</IsNullable>
              <DefaultValue />
              <Length>100</Length>
              <IsAutoIncrement>false</IsAutoIncrement>
            </Column>
            <Column>
              <Name>Onaylandi</Name>
              <ColumnType>Boolean</ColumnType>
              <ColumnTypeOriginal>BOOL</ColumnTypeOriginal>
              <IsNullable>true</IsNullable>
              <DefaultValue />
              <Length>0</Length>
              <IsAutoIncrement>false</IsAutoIncrement>
            </Column>
          </Columns>
          <Indices />
          <Constraints>
            <Constraint xsi:type="PrimaryKeyConstraint">
              <Name>PRIMARY</Name>
              <ColumnNames>
                <string>Id</string>
              </ColumnNames>
            </Constraint>
          </Constraints>
          <IsView>false</IsView>
        </Table>
        <Table>
          <Name>kullanicietkinlikleri</Name>
          <Columns>
            <Column>
              <Name>BaslangicTarih</Name>
              <ColumnType>DateTime</ColumnType>
              <ColumnTypeOriginal>DATETIME</ColumnTypeOriginal>
              <IsNullable>true</IsNullable>
              <DefaultValue />
              <Length>0</Length>
              <IsAutoIncrement>false</IsAutoIncrement>
            </Column>
            <Column>
              <Name>BitisTarih</Name>
              <ColumnType>DateTime</ColumnType>
              <ColumnTypeOriginal>DATETIME</ColumnTypeOriginal>
              <IsNullable>true</IsNullable>
              <DefaultValue />
              <Length>0</Length>
              <IsAutoIncrement>false</IsAutoIncrement>
            </Column>
            <Column>
              <Name>EtkinlikId</Name>
              <ColumnType>Int32</ColumnType>
              <ColumnTypeOriginal>INT</ColumnTypeOriginal>
              <IsNullable>true</IsNullable>
              <DefaultValue />
              <Length>0</Length>
              <IsAutoIncrement>false</IsAutoIncrement>
            </Column>
            <Column>
              <Name>Id</Name>
              <ColumnType>Int32</ColumnType>
              <ColumnTypeOriginal>INT</ColumnTypeOriginal>
              <IsNullable>false</IsNullable>
              <DefaultValue />
              <Length>0</Length>
              <IsAutoIncrement>true</IsAutoIncrement>
            </Column>
            <Column>
              <Name>InsertDate</Name>
              <ColumnType>DateTime</ColumnType>
              <ColumnTypeOriginal>DATETIME</ColumnTypeOriginal>
              <IsNullable>false</IsNullable>
              <DefaultValue>1990-01-01 00:00:00</DefaultValue>
              <Length>0</Length>
              <IsAutoIncrement>false</IsAutoIncrement>
            </Column>
            <Column>
              <Name>InsertUserId</Name>
              <ColumnType>Int32</ColumnType>
              <ColumnTypeOriginal>INT</ColumnTypeOriginal>
              <IsNullable>true</IsNullable>
              <DefaultValue />
              <Length>0</Length>
              <IsAutoIncrement>false</IsAutoIncrement>
            </Column>
            <Column>
              <Name>OrderNo</Name>
              <ColumnType>Int32</ColumnType>
              <ColumnTypeOriginal>INT</ColumnTypeOriginal>
              <IsNullable>true</IsNullable>
              <DefaultValue />
              <Length>0</Length>
              <IsAutoIncrement>false</IsAutoIncrement>
            </Column>
            <Column>
              <Name>Puan</Name>
              <ColumnType>Decimal</ColumnType>
              <ColumnTypeOriginal>DECIMAL</ColumnTypeOriginal>
              <IsNullable>true</IsNullable>
              <DefaultValue />
              <Length>0</Length>
              <IsAutoIncrement>false</IsAutoIncrement>
            </Column>
            <Column>
              <Name>Tamamlandi</Name>
              <ColumnType>Boolean</ColumnType>
              <ColumnTypeOriginal>BOOL</ColumnTypeOriginal>
              <IsNullable>true</IsNullable>
              <DefaultValue />
              <Length>0</Length>
              <IsAutoIncrement>false</IsAutoIncrement>
            </Column>
            <Column>
              <Name>UpdateDate</Name>
              <ColumnType>DateTime</ColumnType>
              <ColumnTypeOriginal>DATETIME</ColumnTypeOriginal>
              <IsNullable>true</IsNullable>
              <DefaultValue />
              <Length>0</Length>
              <IsAutoIncrement>false</IsAutoIncrement>
            </Column>
            <Column>
              <Name>UpdateUserId</Name>
              <ColumnType>Int32</ColumnType>
              <ColumnTypeOriginal>INT</ColumnTypeOriginal>
              <IsNullable>true</IsNullable>
              <DefaultValue />
              <Length>0</Length>
              <IsAutoIncrement>false</IsAutoIncrement>
            </Column>
            <Column>
              <Name>UserId</Name>
              <ColumnType>Int32</ColumnType>
              <ColumnTypeOriginal>INT</ColumnTypeOriginal>
              <IsNullable>true</IsNullable>
              <DefaultValue />
              <Length>0</Length>
              <IsAutoIncrement>false</IsAutoIncrement>
            </Column>
            <Column>
              <Name>Visible</Name>
              <ColumnType>Boolean</ColumnType>
              <ColumnTypeOriginal>BOOL</ColumnTypeOriginal>
              <IsNullable>false</IsNullable>
              <DefaultValue>1</DefaultValue>
              <Length>0</Length>
              <IsAutoIncrement>false</IsAutoIncrement>
            </Column>
          </Columns>
          <Indices />
          <Constraints>
            <Constraint xsi:type="PrimaryKeyConstraint">
              <Name>PRIMARY</Name>
              <ColumnNames>
                <string>Id</string>
              </ColumnNames>
            </Constraint>
          </Constraints>
          <IsView>false</IsView>
        </Table>
        <Table>
          <Name>kullaniciseviyeleri</Name>
          <Columns>
            <Column>
              <Name>BaslangicTarih</Name>
              <ColumnType>DateTime</ColumnType>
              <ColumnTypeOriginal>DATETIME</ColumnTypeOriginal>
              <IsNullable>true</IsNullable>
              <DefaultValue />
              <Length>0</Length>
              <IsAutoIncrement>false</IsAutoIncrement>
            </Column>
            <Column>
              <Name>BitisTarih</Name>
              <ColumnType>DateTime</ColumnType>
              <ColumnTypeOriginal>DATETIME</ColumnTypeOriginal>
              <IsNullable>true</IsNullable>
              <DefaultValue />
              <Length>0</Length>
              <IsAutoIncrement>false</IsAutoIncrement>
            </Column>
            <Column>
              <Name>Id</Name>
              <ColumnType>Int32</ColumnType>
              <ColumnTypeOriginal>INT</ColumnTypeOriginal>
              <IsNullable>false</IsNullable>
              <DefaultValue />
              <Length>0</Length>
              <IsAutoIncrement>true</IsAutoIncrement>
            </Column>
            <Column>
              <Name>InsertDate</Name>
              <ColumnType>DateTime</ColumnType>
              <ColumnTypeOriginal>DATETIME</ColumnTypeOriginal>
              <IsNullable>false</IsNullable>
              <DefaultValue>1990-01-01 00:00:00</DefaultValue>
              <Length>0</Length>
              <IsAutoIncrement>false</IsAutoIncrement>
            </Column>
            <Column>
              <Name>InsertUserId</Name>
              <ColumnType>Int32</ColumnType>
              <ColumnTypeOriginal>INT</ColumnTypeOriginal>
              <IsNullable>true</IsNullable>
              <DefaultValue />
              <Length>0</Length>
              <IsAutoIncrement>false</IsAutoIncrement>
            </Column>
            <Column>
              <Name>OrderNo</Name>
              <ColumnType>Int32</ColumnType>
              <ColumnTypeOriginal>INT</ColumnTypeOriginal>
              <IsNullable>true</IsNullable>
              <DefaultValue />
              <Length>0</Length>
              <IsAutoIncrement>false</IsAutoIncrement>
            </Column>
            <Column>
              <Name>Puan</Name>
              <ColumnType>Decimal</ColumnType>
              <ColumnTypeOriginal>DECIMAL</ColumnTypeOriginal>
              <IsNullable>true</IsNullable>
              <DefaultValue />
              <Length>0</Length>
              <IsAutoIncrement>false</IsAutoIncrement>
            </Column>
            <Column>
              <Name>SeviyeId</Name>
              <ColumnType>Int32</ColumnType>
              <ColumnTypeOriginal>INT</ColumnTypeOriginal>
              <IsNullable>true</IsNullable>
              <DefaultValue />
              <Length>0</Length>
              <IsAutoIncrement>false</IsAutoIncrement>
            </Column>
            <Column>
              <Name>Tamamlandi</Name>
              <ColumnType>Boolean</ColumnType>
              <ColumnTypeOriginal>BOOL</ColumnTypeOriginal>
              <IsNullable>true</IsNullable>
              <DefaultValue />
              <Length>0</Length>
              <IsAutoIncrement>false</IsAutoIncrement>
            </Column>
            <Column>
              <Name>UpdateDate</Name>
              <ColumnType>DateTime</ColumnType>
              <ColumnTypeOriginal>DATETIME</ColumnTypeOriginal>
              <IsNullable>true</IsNullable>
              <DefaultValue />
              <Length>0</Length>
              <IsAutoIncrement>false</IsAutoIncrement>
            </Column>
            <Column>
              <Name>UpdateUserId</Name>
              <ColumnType>Int32</ColumnType>
              <ColumnTypeOriginal>INT</ColumnTypeOriginal>
              <IsNullable>true</IsNullable>
              <DefaultValue />
              <Length>0</Length>
              <IsAutoIncrement>false</IsAutoIncrement>
            </Column>
            <Column>
              <Name>UserId</Name>
              <ColumnType>Int32</ColumnType>
              <ColumnTypeOriginal>INT</ColumnTypeOriginal>
              <IsNullable>true</IsNullable>
              <DefaultValue />
              <Length>0</Length>
              <IsAutoIncrement>false</IsAutoIncrement>
            </Column>
            <Column>
              <Name>Visible</Name>
              <ColumnType>Boolean</ColumnType>
              <ColumnTypeOriginal>BOOL</ColumnTypeOriginal>
              <IsNullable>false</IsNullable>
              <DefaultValue>1</DefaultValue>
              <Length>0</Length>
              <IsAutoIncrement>false</IsAutoIncrement>
            </Column>
          </Columns>
          <Indices />
          <Constraints>
            <Constraint xsi:type="PrimaryKeyConstraint">
              <Name>PRIMARY</Name>
              <ColumnNames>
                <string>Id</string>
              </ColumnNames>
            </Constraint>
          </Constraints>
          <IsView>false</IsView>
        </Table>
        <Table>
          <Name>lang</Name>
          <Columns>
            <Column>
              <Name>Code</Name>
              <ColumnType>VarChar</ColumnType>
              <ColumnTypeOriginal>VARCHAR</ColumnTypeOriginal>
              <IsNullable>false</IsNullable>
              <DefaultValue />
              <Length>50</Length>
              <IsAutoIncrement>false</IsAutoIncrement>
            </Column>
            <Column>
              <Name>Id</Name>
              <ColumnType>Int32</ColumnType>
              <ColumnTypeOriginal>INT</ColumnTypeOriginal>
              <IsNullable>false</IsNullable>
              <DefaultValue />
              <Length>0</Length>
              <IsAutoIncrement>true</IsAutoIncrement>
            </Column>
            <Column>
              <Name>InsertDate</Name>
              <ColumnType>DateTime</ColumnType>
              <ColumnTypeOriginal>DATETIME</ColumnTypeOriginal>
              <IsNullable>false</IsNullable>
              <DefaultValue>1990-01-01 00:00:00</DefaultValue>
              <Length>0</Length>
              <IsAutoIncrement>false</IsAutoIncrement>
            </Column>
            <Column>
              <Name>InsertUserId</Name>
              <ColumnType>Int32</ColumnType>
              <ColumnTypeOriginal>INT</ColumnTypeOriginal>
              <IsNullable>true</IsNullable>
              <DefaultValue />
              <Length>0</Length>
              <IsAutoIncrement>false</IsAutoIncrement>
            </Column>
            <Column>
              <Name>Name</Name>
              <ColumnType>VarChar</ColumnType>
              <ColumnTypeOriginal>VARCHAR</ColumnTypeOriginal>
              <IsNullable>false</IsNullable>
              <DefaultValue />
              <Length>50</Length>
              <IsAutoIncrement>false</IsAutoIncrement>
            </Column>
            <Column>
              <Name>OrderNo</Name>
              <ColumnType>Int32</ColumnType>
              <ColumnTypeOriginal>INT</ColumnTypeOriginal>
              <IsNullable>true</IsNullable>
              <DefaultValue />
              <Length>0</Length>
              <IsAutoIncrement>false</IsAutoIncrement>
            </Column>
            <Column>
              <Name>UpdateDate</Name>
              <ColumnType>DateTime</ColumnType>
              <ColumnTypeOriginal>DATETIME</ColumnTypeOriginal>
              <IsNullable>true</IsNullable>
              <DefaultValue />
              <Length>0</Length>
              <IsAutoIncrement>false</IsAutoIncrement>
            </Column>
            <Column>
              <Name>UpdateUserId</Name>
              <ColumnType>Int32</ColumnType>
              <ColumnTypeOriginal>INT</ColumnTypeOriginal>
              <IsNullable>true</IsNullable>
              <DefaultValue />
              <Length>0</Length>
              <IsAutoIncrement>false</IsAutoIncrement>
            </Column>
            <Column>
              <Name>Visible</Name>
              <ColumnType>Boolean</ColumnType>
              <ColumnTypeOriginal>BOOL</ColumnTypeOriginal>
              <IsNullable>false</IsNullable>
              <DefaultValue>1</DefaultValue>
              <Length>0</Length>
              <IsAutoIncrement>false</IsAutoIncrement>
            </Column>
          </Columns>
          <Indices />
          <Constraints>
            <Constraint xsi:type="PrimaryKeyConstraint">
              <Name>PRIMARY</Name>
              <ColumnNames>
                <string>Id</string>
              </ColumnNames>
            </Constraint>
          </Constraints>
          <IsView>false</IsView>
        </Table>
        <Table>
          <Name>seviye</Name>
          <Columns>
            <Column>
              <Name>Description</Name>
              <ColumnType>Text</ColumnType>
              <ColumnTypeOriginal>TEXT</ColumnTypeOriginal>
              <IsNullable>true</IsNullable>
              <DefaultValue />
              <Length>65535</Length>
              <IsAutoIncrement>false</IsAutoIncrement>
            </Column>
            <Column>
              <Name>Id</Name>
              <ColumnType>Int32</ColumnType>
              <ColumnTypeOriginal>INT</ColumnTypeOriginal>
              <IsNullable>false</IsNullable>
              <DefaultValue />
              <Length>0</Length>
              <IsAutoIncrement>true</IsAutoIncrement>
            </Column>
            <Column>
              <Name>InsertDate</Name>
              <ColumnType>DateTime</ColumnType>
              <ColumnTypeOriginal>DATETIME</ColumnTypeOriginal>
              <IsNullable>false</IsNullable>
              <DefaultValue>1990-01-01 00:00:00</DefaultValue>
              <Length>0</Length>
              <IsAutoIncrement>false</IsAutoIncrement>
            </Column>
            <Column>
              <Name>InsertUserId</Name>
              <ColumnType>Int32</ColumnType>
              <ColumnTypeOriginal>INT</ColumnTypeOriginal>
              <IsNullable>true</IsNullable>
              <DefaultValue />
              <Length>0</Length>
              <IsAutoIncrement>false</IsAutoIncrement>
            </Column>
            <Column>
              <Name>Name</Name>
              <ColumnType>VarChar</ColumnType>
              <ColumnTypeOriginal>VARCHAR</ColumnTypeOriginal>
              <IsNullable>false</IsNullable>
              <DefaultValue />
              <Length>100</Length>
              <IsAutoIncrement>false</IsAutoIncrement>
            </Column>
            <Column>
              <Name>OrderNo</Name>
              <ColumnType>Int32</ColumnType>
              <ColumnTypeOriginal>INT</ColumnTypeOriginal>
              <IsNullable>true</IsNullable>
              <DefaultValue />
              <Length>0</Length>
              <IsAutoIncrement>false</IsAutoIncrement>
            </Column>
            <Column>
              <Name>Picture</Name>
              <ColumnType>VarChar</ColumnType>
              <ColumnTypeOriginal>VARCHAR</ColumnTypeOriginal>
              <IsNullable>true</IsNullable>
              <DefaultValue />
              <Length>100</Length>
              <IsAutoIncrement>false</IsAutoIncrement>
            </Column>
            <Column>
              <Name>ToplamSure</Name>
              <ColumnType>Int32</ColumnType>
              <ColumnTypeOriginal>INT</ColumnTypeOriginal>
              <IsNullable>true</IsNullable>
              <DefaultValue />
              <Length>0</Length>
              <IsAutoIncrement>false</IsAutoIncrement>
            </Column>
            <Column>
              <Name>UpdateDate</Name>
              <ColumnType>DateTime</ColumnType>
              <ColumnTypeOriginal>DATETIME</ColumnTypeOriginal>
              <IsNullable>true</IsNullable>
              <DefaultValue />
              <Length>0</Length>
              <IsAutoIncrement>false</IsAutoIncrement>
            </Column>
            <Column>
              <Name>UpdateUserId</Name>
              <ColumnType>Int32</ColumnType>
              <ColumnTypeOriginal>INT</ColumnTypeOriginal>
              <IsNullable>true</IsNullable>
              <DefaultValue />
              <Length>0</Length>
              <IsAutoIncrement>false</IsAutoIncrement>
            </Column>
            <Column>
              <Name>Visible</Name>
              <ColumnType>Boolean</ColumnType>
              <ColumnTypeOriginal>BOOL</ColumnTypeOriginal>
              <IsNullable>false</IsNullable>
              <DefaultValue>1</DefaultValue>
              <Length>0</Length>
              <IsAutoIncrement>false</IsAutoIncrement>
            </Column>
            <Column>
              <Name>ThumbnailPicture</Name>
              <ColumnType>VarChar</ColumnType>
              <ColumnTypeOriginal>VARCHAR</ColumnTypeOriginal>
              <IsNullable>true</IsNullable>
              <DefaultValue />
              <Length>100</Length>
              <IsAutoIncrement>false</IsAutoIncrement>
            </Column>
            <Column>
              <Name>Onaylandi</Name>
              <ColumnType>Boolean</ColumnType>
              <ColumnTypeOriginal>BOOL</ColumnTypeOriginal>
              <IsNullable>true</IsNullable>
              <DefaultValue />
              <Length>0</Length>
              <IsAutoIncrement>false</IsAutoIncrement>
            </Column>
          </Columns>
          <Indices />
          <Constraints>
            <Constraint xsi:type="PrimaryKeyConstraint">
              <Name>PRIMARY</Name>
              <ColumnNames>
                <string>Id</string>
              </ColumnNames>
            </Constraint>
          </Constraints>
          <IsView>false</IsView>
        </Table>
        <Table>
          <Name>unite</Name>
          <Columns>
            <Column>
              <Name>Description</Name>
              <ColumnType>Text</ColumnType>
              <ColumnTypeOriginal>TEXT</ColumnTypeOriginal>
              <IsNullable>true</IsNullable>
              <DefaultValue />
              <Length>65535</Length>
              <IsAutoIncrement>false</IsAutoIncrement>
            </Column>
            <Column>
              <Name>Id</Name>
              <ColumnType>Int32</ColumnType>
              <ColumnTypeOriginal>INT</ColumnTypeOriginal>
              <IsNullable>false</IsNullable>
              <DefaultValue />
              <Length>0</Length>
              <IsAutoIncrement>true</IsAutoIncrement>
            </Column>
            <Column>
              <Name>InsertDate</Name>
              <ColumnType>DateTime</ColumnType>
              <ColumnTypeOriginal>DATETIME</ColumnTypeOriginal>
              <IsNullable>false</IsNullable>
              <DefaultValue>1990-01-01 00:00:00</DefaultValue>
              <Length>0</Length>
              <IsAutoIncrement>false</IsAutoIncrement>
            </Column>
            <Column>
              <Name>InsertUserId</Name>
              <ColumnType>Int32</ColumnType>
              <ColumnTypeOriginal>INT</ColumnTypeOriginal>
              <IsNullable>true</IsNullable>
              <DefaultValue />
              <Length>0</Length>
              <IsAutoIncrement>false</IsAutoIncrement>
            </Column>
            <Column>
              <Name>Name</Name>
              <ColumnType>VarChar</ColumnType>
              <ColumnTypeOriginal>VARCHAR</ColumnTypeOriginal>
              <IsNullable>false</IsNullable>
              <DefaultValue />
              <Length>100</Length>
              <IsAutoIncrement>false</IsAutoIncrement>
            </Column>
            <Column>
              <Name>OrderNo</Name>
              <ColumnType>Int32</ColumnType>
              <ColumnTypeOriginal>INT</ColumnTypeOriginal>
              <IsNullable>true</IsNullable>
              <DefaultValue />
              <Length>0</Length>
              <IsAutoIncrement>false</IsAutoIncrement>
            </Column>
            <Column>
              <Name>Picture</Name>
              <ColumnType>VarChar</ColumnType>
              <ColumnTypeOriginal>VARCHAR</ColumnTypeOriginal>
              <IsNullable>true</IsNullable>
              <DefaultValue />
              <Length>100</Length>
              <IsAutoIncrement>false</IsAutoIncrement>
            </Column>
            <Column>
              <Name>SeviyeId</Name>
              <ColumnType>Int32</ColumnType>
              <ColumnTypeOriginal>INT</ColumnTypeOriginal>
              <IsNullable>true</IsNullable>
              <DefaultValue />
              <Length>0</Length>
              <IsAutoIncrement>false</IsAutoIncrement>
            </Column>
            <Column>
              <Name>ToplamSure</Name>
              <ColumnType>Int32</ColumnType>
              <ColumnTypeOriginal>INT</ColumnTypeOriginal>
              <IsNullable>true</IsNullable>
              <DefaultValue />
              <Length>0</Length>
              <IsAutoIncrement>false</IsAutoIncrement>
            </Column>
            <Column>
              <Name>UpdateDate</Name>
              <ColumnType>DateTime</ColumnType>
              <ColumnTypeOriginal>DATETIME</ColumnTypeOriginal>
              <IsNullable>true</IsNullable>
              <DefaultValue />
              <Length>0</Length>
              <IsAutoIncrement>false</IsAutoIncrement>
            </Column>
            <Column>
              <Name>UpdateUserId</Name>
              <ColumnType>Int32</ColumnType>
              <ColumnTypeOriginal>INT</ColumnTypeOriginal>
              <IsNullable>true</IsNullable>
              <DefaultValue />
              <Length>0</Length>
              <IsAutoIncrement>false</IsAutoIncrement>
            </Column>
            <Column>
              <Name>Visible</Name>
              <ColumnType>Boolean</ColumnType>
              <ColumnTypeOriginal>BOOL</ColumnTypeOriginal>
              <IsNullable>false</IsNullable>
              <DefaultValue>1</DefaultValue>
              <Length>0</Length>
              <IsAutoIncrement>false</IsAutoIncrement>
            </Column>
            <Column>
              <Name>ThumbnailPicture</Name>
              <ColumnType>VarChar</ColumnType>
              <ColumnTypeOriginal>VARCHAR</ColumnTypeOriginal>
              <IsNullable>true</IsNullable>
              <DefaultValue />
              <Length>100</Length>
              <IsAutoIncrement>false</IsAutoIncrement>
            </Column>
            <Column>
              <Name>DersKitabiId</Name>
              <ColumnType>Int32</ColumnType>
              <ColumnTypeOriginal>INT</ColumnTypeOriginal>
              <IsNullable>true</IsNullable>
              <DefaultValue />
              <Length>0</Length>
              <IsAutoIncrement>false</IsAutoIncrement>
            </Column>
            <Column>
              <Name>Onaylandi</Name>
              <ColumnType>Boolean</ColumnType>
              <ColumnTypeOriginal>BOOL</ColumnTypeOriginal>
              <IsNullable>true</IsNullable>
              <DefaultValue />
              <Length>0</Length>
              <IsAutoIncrement>false</IsAutoIncrement>
            </Column>
          </Columns>
          <Indices />
          <Constraints>
            <Constraint xsi:type="PrimaryKeyConstraint">
              <Name>PRIMARY</Name>
              <ColumnNames>
                <string>Id</string>
              </ColumnNames>
            </Constraint>
          </Constraints>
          <IsView>false</IsView>
        </Table>
        <Table>
          <Name>user</Name>
          <Columns>
            <Column>
              <Name>About</Name>
              <ColumnType>VarChar</ColumnType>
              <ColumnTypeOriginal>VARCHAR</ColumnTypeOriginal>
              <IsNullable>true</IsNullable>
              <DefaultValue />
              <Length>200</Length>
              <IsAutoIncrement>false</IsAutoIncrement>
            </Column>
            <Column>
              <Name>AddressLine1</Name>
              <ColumnType>VarChar</ColumnType>
              <ColumnTypeOriginal>VARCHAR</ColumnTypeOriginal>
              <IsNullable>true</IsNullable>
              <DefaultValue />
              <Length>200</Length>
              <IsAutoIncrement>false</IsAutoIncrement>
            </Column>
            <Column>
              <Name>AddressLine2</Name>
              <ColumnType>VarChar</ColumnType>
              <ColumnTypeOriginal>VARCHAR</ColumnTypeOriginal>
              <IsNullable>true</IsNullable>
              <DefaultValue />
              <Length>200</Length>
              <IsAutoIncrement>false</IsAutoIncrement>
            </Column>
            <Column>
              <Name>Avatar</Name>
              <ColumnType>VarChar</ColumnType>
              <ColumnTypeOriginal>VARCHAR</ColumnTypeOriginal>
              <IsNullable>true</IsNullable>
              <DefaultValue />
              <Length>100</Length>
              <IsAutoIncrement>false</IsAutoIncrement>
            </Column>
            <Column>
              <Name>Certificates</Name>
              <ColumnType>VarChar</ColumnType>
              <ColumnTypeOriginal>VARCHAR</ColumnTypeOriginal>
              <IsNullable>true</IsNullable>
              <DefaultValue />
              <Length>200</Length>
              <IsAutoIncrement>false</IsAutoIncrement>
            </Column>
            <Column>
              <Name>City</Name>
              <ColumnType>VarChar</ColumnType>
              <ColumnTypeOriginal>VARCHAR</ColumnTypeOriginal>
              <IsNullable>true</IsNullable>
              <DefaultValue />
              <Length>50</Length>
              <IsAutoIncrement>false</IsAutoIncrement>
            </Column>
            <Column>
              <Name>Company</Name>
              <ColumnType>VarChar</ColumnType>
              <ColumnTypeOriginal>VARCHAR</ColumnTypeOriginal>
              <IsNullable>true</IsNullable>
              <DefaultValue />
              <Length>100</Length>
              <IsAutoIncrement>false</IsAutoIncrement>
            </Column>
            <Column>
              <Name>Country</Name>
              <ColumnType>VarChar</ColumnType>
              <ColumnTypeOriginal>VARCHAR</ColumnTypeOriginal>
              <IsNullable>true</IsNullable>
              <DefaultValue />
              <Length>50</Length>
              <IsAutoIncrement>false</IsAutoIncrement>
            </Column>
            <Column>
              <Name>Department</Name>
              <ColumnType>VarChar</ColumnType>
              <ColumnTypeOriginal>VARCHAR</ColumnTypeOriginal>
              <IsNullable>true</IsNullable>
              <DefaultValue />
              <Length>50</Length>
              <IsAutoIncrement>false</IsAutoIncrement>
            </Column>
            <Column>
              <Name>Education</Name>
              <ColumnType>VarChar</ColumnType>
              <ColumnTypeOriginal>VARCHAR</ColumnTypeOriginal>
              <IsNullable>true</IsNullable>
              <DefaultValue />
              <Length>50</Length>
              <IsAutoIncrement>false</IsAutoIncrement>
            </Column>
            <Column>
              <Name>Email</Name>
              <ColumnType>VarChar</ColumnType>
              <ColumnTypeOriginal>VARCHAR</ColumnTypeOriginal>
              <IsNullable>false</IsNullable>
              <DefaultValue />
              <Length>100</Length>
              <IsAutoIncrement>false</IsAutoIncrement>
            </Column>
            <Column>
              <Name>Gender</Name>
              <ColumnType>VarChar</ColumnType>
              <ColumnTypeOriginal>VARCHAR</ColumnTypeOriginal>
              <IsNullable>true</IsNullable>
              <DefaultValue />
              <Length>50</Length>
              <IsAutoIncrement>false</IsAutoIncrement>
            </Column>
            <Column>
              <Name>Id</Name>
              <ColumnType>Int32</ColumnType>
              <ColumnTypeOriginal>INT</ColumnTypeOriginal>
              <IsNullable>false</IsNullable>
              <DefaultValue />
              <Length>0</Length>
              <IsAutoIncrement>true</IsAutoIncrement>
            </Column>
            <Column>
              <Name>InsertDate</Name>
              <ColumnType>DateTime</ColumnType>
              <ColumnTypeOriginal>DATETIME</ColumnTypeOriginal>
              <IsNullable>false</IsNullable>
              <DefaultValue>1990-01-01 00:00:00</DefaultValue>
              <Length>0</Length>
              <IsAutoIncrement>false</IsAutoIncrement>
            </Column>
            <Column>
              <Name>InsertUserId</Name>
              <ColumnType>Int32</ColumnType>
              <ColumnTypeOriginal>INT</ColumnTypeOriginal>
              <IsNullable>true</IsNullable>
              <DefaultValue />
              <Length>0</Length>
              <IsAutoIncrement>false</IsAutoIncrement>
            </Column>
            <Column>
              <Name>Keyword</Name>
              <ColumnType>VarChar</ColumnType>
              <ColumnTypeOriginal>VARCHAR</ColumnTypeOriginal>
              <IsNullable>true</IsNullable>
              <DefaultValue />
              <Length>16</Length>
              <IsAutoIncrement>false</IsAutoIncrement>
            </Column>
            <Column>
              <Name>Name</Name>
              <ColumnType>VarChar</ColumnType>
              <ColumnTypeOriginal>VARCHAR</ColumnTypeOriginal>
              <IsNullable>true</IsNullable>
              <DefaultValue />
              <Length>50</Length>
              <IsAutoIncrement>false</IsAutoIncrement>
            </Column>
            <Column>
              <Name>Nick</Name>
              <ColumnType>VarChar</ColumnType>
              <ColumnTypeOriginal>VARCHAR</ColumnTypeOriginal>
              <IsNullable>false</IsNullable>
              <DefaultValue />
              <Length>100</Length>
              <IsAutoIncrement>false</IsAutoIncrement>
            </Column>
            <Column>
              <Name>Occupation</Name>
              <ColumnType>VarChar</ColumnType>
              <ColumnTypeOriginal>VARCHAR</ColumnTypeOriginal>
              <IsNullable>true</IsNullable>
              <DefaultValue />
              <Length>50</Length>
              <IsAutoIncrement>false</IsAutoIncrement>
            </Column>
            <Column>
              <Name>OrderNo</Name>
              <ColumnType>Int32</ColumnType>
              <ColumnTypeOriginal>INT</ColumnTypeOriginal>
              <IsNullable>true</IsNullable>
              <DefaultValue />
              <Length>0</Length>
              <IsAutoIncrement>false</IsAutoIncrement>
            </Column>
            <Column>
              <Name>Password</Name>
              <ColumnType>VarChar</ColumnType>
              <ColumnTypeOriginal>VARCHAR</ColumnTypeOriginal>
              <IsNullable>false</IsNullable>
              <DefaultValue />
              <Length>16</Length>
              <IsAutoIncrement>false</IsAutoIncrement>
            </Column>
            <Column>
              <Name>PhoneCell</Name>
              <ColumnType>VarChar</ColumnType>
              <ColumnTypeOriginal>VARCHAR</ColumnTypeOriginal>
              <IsNullable>true</IsNullable>
              <DefaultValue />
              <Length>50</Length>
              <IsAutoIncrement>false</IsAutoIncrement>
            </Column>
            <Column>
              <Name>PhoneHome</Name>
              <ColumnType>VarChar</ColumnType>
              <ColumnTypeOriginal>VARCHAR</ColumnTypeOriginal>
              <IsNullable>true</IsNullable>
              <DefaultValue />
              <Length>50</Length>
              <IsAutoIncrement>false</IsAutoIncrement>
            </Column>
            <Column>
              <Name>PhoneWork</Name>
              <ColumnType>VarChar</ColumnType>
              <ColumnTypeOriginal>VARCHAR</ColumnTypeOriginal>
              <IsNullable>true</IsNullable>
              <DefaultValue />
              <Length>50</Length>
              <IsAutoIncrement>false</IsAutoIncrement>
            </Column>
            <Column>
              <Name>RedirectCount</Name>
              <ColumnType>Int32</ColumnType>
              <ColumnTypeOriginal>INT</ColumnTypeOriginal>
              <IsNullable>true</IsNullable>
              <DefaultValue />
              <Length>0</Length>
              <IsAutoIncrement>false</IsAutoIncrement>
            </Column>
            <Column>
              <Name>Roles</Name>
              <ColumnType>VarChar</ColumnType>
              <ColumnTypeOriginal>VARCHAR</ColumnTypeOriginal>
              <IsNullable>false</IsNullable>
              <DefaultValue />
              <Length>100</Length>
              <IsAutoIncrement>false</IsAutoIncrement>
            </Column>
            <Column>
              <Name>Surname</Name>
              <ColumnType>VarChar</ColumnType>
              <ColumnTypeOriginal>VARCHAR</ColumnTypeOriginal>
              <IsNullable>true</IsNullable>
              <DefaultValue />
              <Length>50</Length>
              <IsAutoIncrement>false</IsAutoIncrement>
            </Column>
            <Column>
              <Name>UpdateDate</Name>
              <ColumnType>DateTime</ColumnType>
              <ColumnTypeOriginal>DATETIME</ColumnTypeOriginal>
              <IsNullable>true</IsNullable>
              <DefaultValue />
              <Length>0</Length>
              <IsAutoIncrement>false</IsAutoIncrement>
            </Column>
            <Column>
              <Name>UpdateUserId</Name>
              <ColumnType>Int32</ColumnType>
              <ColumnTypeOriginal>INT</ColumnTypeOriginal>
              <IsNullable>true</IsNullable>
              <DefaultValue />
              <Length>0</Length>
              <IsAutoIncrement>false</IsAutoIncrement>
            </Column>
            <Column>
              <Name>Visible</Name>
              <ColumnType>Boolean</ColumnType>
              <ColumnTypeOriginal>BOOL</ColumnTypeOriginal>
              <IsNullable>false</IsNullable>
              <DefaultValue>1</DefaultValue>
              <Length>0</Length>
              <IsAutoIncrement>false</IsAutoIncrement>
            </Column>
            <Column>
              <Name>Web</Name>
              <ColumnType>VarChar</ColumnType>
              <ColumnTypeOriginal>VARCHAR</ColumnTypeOriginal>
              <IsNullable>true</IsNullable>
              <DefaultValue />
              <Length>150</Length>
              <IsAutoIncrement>false</IsAutoIncrement>
            </Column>
            <Column>
              <Name>ZipCode</Name>
              <ColumnType>VarChar</ColumnType>
              <ColumnTypeOriginal>VARCHAR</ColumnTypeOriginal>
              <IsNullable>true</IsNullable>
              <DefaultValue />
              <Length>5</Length>
              <IsAutoIncrement>false</IsAutoIncrement>
            </Column>
          </Columns>
          <Indices />
          <Constraints>
            <Constraint xsi:type="PrimaryKeyConstraint">
              <Name>PRIMARY</Name>
              <ColumnNames>
                <string>Id</string>
              </ColumnNames>
            </Constraint>
          </Constraints>
          <IsView>false</IsView>
        </Table>
      </Tables>
    </Database>
    <Schemas />
    <Provider>MySQL</Provider>
    <Host>localhost</Host>
    <DbName>turkce_okulu</DbName>
    <UserName>root</UserName>
    <Password>bk</Password>
  </ConnectionSettings>
</ArrayOfConnectionSettings>