﻿<?xml version="1.0" encoding="utf-8"?>
<DBIntegration xmlns:xsi="http://www.w3.org/2001/XMLSchema-instance" xmlns:xsd="http://www.w3.org/2001/XMLSchema">
  <Tasks>
    <DBIntegrationTask>
      <Name>Transfer</Name>
      <Category>Trigger based replication</Category>
      <ExecInterval>20</ExecInterval>
      <SourceDB>mytest (local MySQL)</SourceDB>
      <DestDB>mstest (local SQLServer)</DestDB>
      <Code>$ 
var sonuc = transferData(100);
echo(sonuc);
$</Code>
    </DBIntegrationTask>
    <DBIntegrationTask>
      <Name>Returned Mail</Name>
      <Category>Returned Mail</Category>
      <ExecInterval>300</ExecInterval>
      <SourceDB>mytest (local MySQL)</SourceDB>
      <DestDB>mytest (local MySQL)</DestDB>
      <Code>$
	using Cinar.POP3;

	var client = new Pop3Client("returned@yoursite.com", "password", "mail.yoursite.com");
	client.OpenInbox();
	while(client.NextEmail())
	{
		try{
			var msg = client.ReadAsMailMessage();
			var start = msg.Body.IndexOf('&lt;');
			var middle = msg.Body.IndexOf('&gt;:');
			var email = msg.Body.SubString(start+1, middle-start-1).Replace("'","''").Replace("\r","").Replace("\n","");
			var hata = msg.Body.SubString(middle+2).Replace("'","''").Replace("\r","").Replace("\n","");
			dbSrc.ExecuteNonQuery("insert into returned_mail(email,message,tarih) values('"+email+"','"+hata+"',now());");
			client.DeleteEmail();
			form.Log(this, "Returned mail from "+email+" saved");
		}catch(ex){
			form.Log(this, ex.InnerException.Message);
		}
	}
	client.CloseConnection();
$</Code>
    </DBIntegrationTask>
  </Tasks>
  <ScriptIncludeCode>$

function transferData(recCount)
{
	var sql = "select * from entity_replication_data order by id limit " + recCount;
	var dt = dbSrc.GetDataTable(sql);
	
	var ins = 0;
	var upd = 0;
	var del = 0;
	var e = null;
	var hata=false;

	foreach(dr in dt.Rows)
	{
		hata=false;

		e = dbSrc.DataRowToHashtable(dr);
		var primaryField = "id";
		if(dbSrc.Tables[e.entity_name].PrimaryField) primaryField = dbSrc.Tables[e.entity_name].PrimaryField.Name;
		
		try{
			if(e.operation=='insert')
			{
				try{
					var data = dbSrc.GetHashtable("select * from " + e.entity_name + " where "+primaryField+"="+e.entity_id);
					if(data!=null)
						dbDst.Insert(e.entity_name, data, false);
					dbSrc.ExecuteNonQuery("delete from entity_replication_data where id=" + e.id);
					ins++;
				}
				catch(ex2){
					if(ex2.InnerException.Message.Contains('Duplicate entry'))
					{
						try{
							var data = dbSrc.GetHashtable("select * from " + e.entity_name + " where "+primaryField+"="+e.entity_id);
							if(data!=null)
								dbDst.Update(e.entity_name, data);
							dbSrc.ExecuteNonQuery("delete from entity_replication_data where id=" + e.id);
							upd++;
						}
						catch(ex3){
							hata=true;
							form.log(this, dbSrc.Name + ".entity_replication_data (" + e.id + ") yapılamadı: " + ex3);
						}
					}
					else
					{
						hata=true;
						form.log(this, dbSrc.Name + ".entity_replication_data (" + e.id + ") yapılamadı: " + ex2);
					}
				}
			}
			else if(e.operation=='update')
			{
				try{
					var data = dbSrc.GetHashtable("select * from " + e.entity_name + " where "+primaryField+"="+e.entity_id);
					if(data!=null)
						dbDst.Update(e.entity_name, data);
					dbSrc.ExecuteNonQuery("delete from entity_replication_data where id=" + e.id);
					upd++;
				}
				catch(ex2){
					hata=true;
					form.log(this, dbSrc.Name + ".entity_replication_data (" + e.id + ") yapılamadı: " + ex2);
				}
			}
			else if(e.operation=='delete')
			{
				try{
					dbDst.ExecuteNonQuery("delete from " + e.entity_name + " where "+primaryField+" = " + e.entity_id);
					dbSrc.ExecuteNonQuery("delete from entity_replication_data where id=" + e.id);
					del++;
				}
				catch(ex2){
					hata=true;
					form.log(this, dbSrc.Name + ".entity_replication_data (" + e.id + ") yapılamadı: " + ex2);
				}
			}
		} catch(ex) {
			hata=true;
			form.log(this, dbSrc.Name + ".entity_replication_data (" + e.id + ") yapılamadı: " + ex2);
		}

	}
	
	
	if(ins + upd + del &gt; 0)
		return ins + " insert, " + upd + " update, " + del + " delete DONE";
	else
		return "";
}



$</ScriptIncludeCode>
</DBIntegration>