﻿<?xml version="1.0" encoding="utf-8"?>
<DBIntegration xmlns:xsi="http://www.w3.org/2001/XMLSchema-instance" xmlns:xsd="http://www.w3.org/2001/XMLSchema">
  <Tasks>
    <DBIntegrationTask>
      <Name>Transfer</Name>
      <Category>Trigger based replication</Category>
      <ExecInterval>20</ExecInterval>
      <SourceDB>mytest (local MySQL)</SourceDB>
      <DestDB>mstest (local SQLServer)</DestDB>
      <Code>$ 
var sonuc = transferData(100);
echo(sonuc);
$</Code>
    </DBIntegrationTask>
    <DBIntegrationTask>
      <Name>Returned Mail</Name>
      <Category>Returned Mail</Category>
      <ExecInterval>300</ExecInterval>
      <SourceDB>mytest (local MySQL)</SourceDB>
      <DestDB>mytest (local MySQL)</DestDB>
      <Code>$
	using Cinar.POP3;

	var client = new Pop3Client("returned@yoursite.com", "password", "mail.yoursite.com");
	client.OpenInbox();
	while(client.NextEmail())
	{
		try{
			var msg = client.ReadAsMailMessage();
			var start = msg.Body.IndexOf('&lt;');
			var middle = msg.Body.IndexOf('&gt;:');
			var email = msg.Body.SubString(start+1, middle-start-1).Replace("'","''").Replace("\r","").Replace("\n","");
			var hata = msg.Body.SubString(middle+2).Replace("'","''").Replace("\r","").Replace("\n","");
			dbSrc.ExecuteNonQuery("insert into returned_mail(email,message,tarih) values('"+email+"','"+hata+"',now());");
			client.DeleteEmail();
			form.Log(this, "Returned mail from "+email+" saved");
		}catch(ex){
			form.Log(this, ex.InnerException.Message);
		}
	}
	client.CloseConnection();
$</Code>
    </DBIntegrationTask>
    <DBIntegrationTask>
      <Name>-&gt;</Name>
      <Category>Sosyal Network Takibi</Category>
      <ExecInterval>3</ExecInterval>
      <SourceDB>Cinar SQL Engine</SourceDB>
      <DestDB>rss2011 (local MySQL)</DestDB>
      <Code>$
using Cinar.DBTools;
var dbInterpress = Provider.GetConnection("alien_interpress (30.25 MySQL)").Database;
var dr = dbInterpress.GetDataRow("select id, replace(word,'*','') as word from keyword where word not like '%&lt;%' AND time &lt; now() - INTERVAL 5 MINUTE AND id in (select keyword_id from alan_keyword where is_social_media=1) and id &gt; (select id from sm_last_keyword_id) limit 1;");
if(!dr)
	dr = dbInterpress.GetDataRow("select id, replace(word,'*','') as word from keyword where word not like '%&lt;%' AND time &lt; now() - INTERVAL 5 MINUTE AND id in (select keyword_id from alan_keyword where is_social_media=1) and id &gt; 0 limit 1;");

if(dr)
{
	dbInterpress.ExecuteNonQuery("update sm_last_keyword_id set id = " + dr.id);
	var mediaList = dbInterpress.GetDataTable("select name, id from medya_rehberi2.media where portal_grup_no=99");
	
	echo("[" + dr.word + "]");
	
	foreach(var media in mediaList.Rows)
	{
		try{
			string sql = "
					select 
						0 as id,
						"+media.id+" as medya_id,
						0 as medya_rss_id,
						0 as link_hashcode,
						PublishDate as tarama_tarihi,
						0 as uyan_anahtar,
						0 as matched,
						99 as medya_grup_id,
						0 as basarisiz_okuma,
						0 as okundu,
						Link as link,
						0 as aktarim,
						0 as html_downloaded,
						3 as kaynak,
						FromUser + ': ' + Title as title,
						Text as text,
						"+dr.id+" as keyword_id
					from
						SocialMedia(Query='"+dr.word+"',Lang='tr',Source='"+media.name+"')";
						
			if(media.name=='FACEBOOK')
					sql = sql + " where link like 'http://www.facebook%'";
			
			res = querySocialNetwork(sql, dr.id);
			
			echo(" - " + media.name+" : " + res);
		}
		catch{
			echo(" - " + media.name+": " + HATA);
		}
	}
	
}
else
{
	echo("Keyword bulunamadı.");
}
$
</Code>
    </DBIntegrationTask>
  </Tasks>
  <ScriptIncludeCode>$

using System.Text;
using System.Collections;
using System.Security.Cryptography;

function transferData(recCount)
{
	var sql = "select * from entity_replication_data order by id limit " + recCount;
	var dt = dbSrc.GetDataTable(sql);
	
	var ins = 0;
	var upd = 0;
	var del = 0;
	var e = null;
	var hata=false;

	foreach(dr in dt.Rows)
	{
		hata=false;

		e = dbSrc.DataRowToHashtable(dr);
		var primaryField = "id";
		if(dbSrc.Tables[e.entity_name].PrimaryField) primaryField = dbSrc.Tables[e.entity_name].PrimaryField.Name;
		
		try{
			if(e.operation=='insert')
			{
				try{
					var data = dbSrc.GetHashtable("select * from " + e.entity_name + " where "+primaryField+"="+e.entity_id);
					if(data!=null)
						dbDst.Insert(e.entity_name, data, false);
					dbSrc.ExecuteNonQuery("delete from entity_replication_data where id=" + e.id);
					ins++;
				}
				catch(ex2){
					if(ex2.InnerException.Message.Contains('Duplicate entry'))
					{
						try{
							var data = dbSrc.GetHashtable("select * from " + e.entity_name + " where "+primaryField+"="+e.entity_id);
							if(data!=null)
								dbDst.Update(e.entity_name, data);
							dbSrc.ExecuteNonQuery("delete from entity_replication_data where id=" + e.id);
							upd++;
						}
						catch(ex3){
							hata=true;
							form.log(this, dbSrc.Name + ".entity_replication_data (" + e.id + ") yapılamadı: " + ex3);
						}
					}
					else
					{
						hata=true;
						form.log(this, dbSrc.Name + ".entity_replication_data (" + e.id + ") yapılamadı: " + ex2);
					}
				}
			}
			else if(e.operation=='update')
			{
				try{
					var data = dbSrc.GetHashtable("select * from " + e.entity_name + " where "+primaryField+"="+e.entity_id);
					if(data!=null)
						dbDst.Update(e.entity_name, data);
					dbSrc.ExecuteNonQuery("delete from entity_replication_data where id=" + e.id);
					upd++;
				}
				catch(ex2){
					hata=true;
					form.log(this, dbSrc.Name + ".entity_replication_data (" + e.id + ") yapılamadı: " + ex2);
				}
			}
			else if(e.operation=='delete')
			{
				try{
					dbDst.ExecuteNonQuery("delete from " + e.entity_name + " where "+primaryField+" = " + e.entity_id);
					dbSrc.ExecuteNonQuery("delete from entity_replication_data where id=" + e.id);
					del++;
				}
				catch(ex2){
					hata=true;
					form.log(this, dbSrc.Name + ".entity_replication_data (" + e.id + ") yapılamadı: " + ex2);
				}
			}
		} catch(ex) {
			hata=true;
			form.log(this, dbSrc.Name + ".entity_replication_data (" + e.id + ") yapılamadı: " + ex2);
		}

	}
	
	
	if(ins + upd + del &gt; 0)
		return ins + " insert, " + upd + " update, " + del + " delete DONE";
	else
		return "";
}


function linkHashCode(strText)
{
    int hashCode = 0;
    if (!String.IsNullOrEmpty(strText))
    {
        var byteContents = Encoding.Unicode.GetBytes(strText);
        var hash = new SHA1CryptoServiceProvider();
        var hashText = hash.ComputeHash(byteContents);

        int hashCodeStart = BitConverter.ToInt32(hashText, 0);
        int hashCodeMedium = BitConverter.ToInt32(hashText, 8);
        int hashCodeEnd = BitConverter.ToInt32(hashText, 16);
        hashCode = hashCodeStart ^ hashCodeMedium ^ hashCodeEnd;
    }
    return (hashCode);
} 

function querySocialNetwork(query, keyword_id)
{
	var dt = dbSrc.GetDataTable(query);
	var pi = 0;
	foreach(var dr in dt.Rows)
	{
		try{
			dr['link_hashcode'] = linkHashCode(dr['link']);
			int id = dbDst.GetInt("select id from portal_haber where link_hashcode = "+dr['link_hashcode']+" limit 1");
			if(!id)
			{
				id = dbDst.Insert('portal_haber', dbDst.DataRowToHashtable(dr), false);
				dbDst.ExecuteNonQuery("insert into portal_haber_text (haber_id, title, `text`) values('"+id+"','"+dr['title'].ToString().Replace("'","''")+"', '"+dr['text'].ToString().Replace("'","''")+"');");
				pi++;
			}
		}
		catch(ex)
		{
		}
	}
	return pi;
}

$</ScriptIncludeCode>
</DBIntegration>