﻿<?xml version="1.0" encoding="utf-8"?>
<DBIntegration xmlns:xsi="http://www.w3.org/2001/XMLSchema-instance" xmlns:xsd="http://www.w3.org/2001/XMLSchema">
  <Tasks>
    <DBIntegrationTask>
      <Name>Transfer</Name>
      <Category>Trigger based replication</Category>
      <ExecInterval>20</ExecInterval>
      <SourceDB>mytest (local MySQL)</SourceDB>
      <DestDB>mstest (local SQLServer)</DestDB>
      <Code>$ 
var sonuc = transferData(100);
echo(sonuc);
$</Code>
    </DBIntegrationTask>
    <DBIntegrationTask>
      <Name>Returned Mail</Name>
      <Category>Returned Mail</Category>
      <ExecInterval>300</ExecInterval>
      <SourceDB>mytest (local MySQL)</SourceDB>
      <DestDB>mytest (local MySQL)</DestDB>
      <Code>$
	using Cinar.POP3;

	var client = new Pop3Client("returned@yoursite.com", "password", "mail.yoursite.com");
	client.OpenInbox();
	while(client.NextEmail())
	{
		try{
			var msg = client.ReadAsMailMessage();
			var start = msg.Body.IndexOf('&lt;');
			var middle = msg.Body.IndexOf('&gt;:');
			var email = msg.Body.SubString(start+1, middle-start-1).Replace("'","''").Replace("\r","").Replace("\n","");
			var hata = msg.Body.SubString(middle+2).Replace("'","''").Replace("\r","").Replace("\n","");
			dbSrc.ExecuteNonQuery("insert into returned_mail(email,message,tarih) values('"+email+"','"+hata+"',now());");
			client.DeleteEmail();
			form.Log(this, "Returned mail from "+email+" saved");
		}catch(ex){
			form.Log(this, ex.InnerException.Message);
		}
	}
	client.CloseConnection();
$</Code>
    </DBIntegrationTask>
    <DBIntegrationTask>
      <Name>-&gt;</Name>
      <Category>Sosyal Network Takibi</Category>
      <ExecInterval>3</ExecInterval>
      <SourceDB>Cinar SQL Engine</SourceDB>
      <DestDB>sosyal_takip (30.25 MySQL)</DestDB>
      <Code>$

var dr = dbDst.GetDataRow("select id, replace(word,'*','') as word from alien_interpress.keyword where word not like '%&lt;%' AND id in (select keyword_id from alien_interpress.alan_keyword) and id &gt; (select id from sosyal_takip.last_keyword_id) limit 1;");
if(!dr)
	dr = dbDst.GetDataRow("select id, replace(word,'*','') as word from alien_interpress.keyword where word not like '%&lt;%' AND id in (select keyword_id from alien_interpress.alan_keyword) and id &gt; 0 limit 1;");

if(dr)
{
	dbDst.ExecuteNonQuery("update last_keyword_id set id = " + dr.id);
	string res1 = querySocialNetwork("
			select 
				id,
				created_time as tarih,
				from_id as user_id,
				from_name as user_name,
				name as title,
				description as metin,
				link,
				null as lang,
				'facebook' as network
			from
				Facebook(Query='"+dr.word+"');
		", dr.id);
	
	string res2 = querySocialNetwork("
			select 
				id,
				created_at as tarih,
				from_user_id as user_id,
				from_user as user_name,
				'' as title,
				text as metin,
				'http://twitter.com/'+from_user+'/statuses/'+id as link,
				iso_language_code as lang,
				'twitter' as network
			from
				Twitter(Query='"+dr.word+"');
		", dr.id);
	echo("(" + dr.word + ") Facebook -&gt; " + res1 + " | Twitter -&gt; " + res2);
}
$
</Code>
    </DBIntegrationTask>
  </Tasks>
  <ScriptIncludeCode>$

function transferData(recCount)
{
	var sql = "select * from entity_replication_data order by id limit " + recCount;
	var dt = dbSrc.GetDataTable(sql);
	
	var ins = 0;
	var upd = 0;
	var del = 0;
	var e = null;
	var hata=false;

	foreach(dr in dt.Rows)
	{
		hata=false;

		e = dbSrc.DataRowToHashtable(dr);
		var primaryField = "id";
		if(dbSrc.Tables[e.entity_name].PrimaryField) primaryField = dbSrc.Tables[e.entity_name].PrimaryField.Name;
		
		try{
			if(e.operation=='insert')
			{
				try{
					var data = dbSrc.GetHashtable("select * from " + e.entity_name + " where "+primaryField+"="+e.entity_id);
					if(data!=null)
						dbDst.Insert(e.entity_name, data, false);
					dbSrc.ExecuteNonQuery("delete from entity_replication_data where id=" + e.id);
					ins++;
				}
				catch(ex2){
					if(ex2.InnerException.Message.Contains('Duplicate entry'))
					{
						try{
							var data = dbSrc.GetHashtable("select * from " + e.entity_name + " where "+primaryField+"="+e.entity_id);
							if(data!=null)
								dbDst.Update(e.entity_name, data);
							dbSrc.ExecuteNonQuery("delete from entity_replication_data where id=" + e.id);
							upd++;
						}
						catch(ex3){
							hata=true;
							form.log(this, dbSrc.Name + ".entity_replication_data (" + e.id + ") yapılamadı: " + ex3);
						}
					}
					else
					{
						hata=true;
						form.log(this, dbSrc.Name + ".entity_replication_data (" + e.id + ") yapılamadı: " + ex2);
					}
				}
			}
			else if(e.operation=='update')
			{
				try{
					var data = dbSrc.GetHashtable("select * from " + e.entity_name + " where "+primaryField+"="+e.entity_id);
					if(data!=null)
						dbDst.Update(e.entity_name, data);
					dbSrc.ExecuteNonQuery("delete from entity_replication_data where id=" + e.id);
					upd++;
				}
				catch(ex2){
					hata=true;
					form.log(this, dbSrc.Name + ".entity_replication_data (" + e.id + ") yapılamadı: " + ex2);
				}
			}
			else if(e.operation=='delete')
			{
				try{
					dbDst.ExecuteNonQuery("delete from " + e.entity_name + " where "+primaryField+" = " + e.entity_id);
					dbSrc.ExecuteNonQuery("delete from entity_replication_data where id=" + e.id);
					del++;
				}
				catch(ex2){
					hata=true;
					form.log(this, dbSrc.Name + ".entity_replication_data (" + e.id + ") yapılamadı: " + ex2);
				}
			}
		} catch(ex) {
			hata=true;
			form.log(this, dbSrc.Name + ".entity_replication_data (" + e.id + ") yapılamadı: " + ex2);
		}

	}
	
	
	if(ins + upd + del &gt; 0)
		return ins + " insert, " + upd + " update, " + del + " delete DONE";
	else
		return "";
}


function querySocialNetwork(query, keyword_id)
{
	var dt = dbSrc.GetDataTable(query);
	var pi = 0;
	var ha = 0;
	foreach(var dr in dt.Rows)
	{
		try{
			dbDst.Insert('sosyal_post', dbDst.DataRowToHashtable(dr), false);
			pi++;
			foreach(var drAlan in dbDst.GetDataTable("select distinct alan_id from alien_interpress.alan_keyword where keyword_id = " + keyword_id).Rows)
			{
				try{
					dbDst.ExecuteNonQuery("insert into post_alan(alan_id, post_id, keyword_id) values('"+drAlan.alan_id+"','"+dr.id+"','"+keyword_id+"')");
					ha++;
				}
				catch(ex1)
				{
				}
			}
		}
		catch(ex)
		{
		}
	}
	return pi + " post, " + ha + " alan";
}

$</ScriptIncludeCode>
</DBIntegration>