﻿<?xml version="1.0" encoding="utf-8"?>
<ArrayOfScriptingTest xmlns:xsi="http://www.w3.org/2001/XMLSchema-instance" xmlns:xsd="http://www.w3.org/2001/XMLSchema">
  <ScriptingTest>
    <Name>Variable Definition</Name>
    <Category>Variables</Category>
    <Code>$
var i = 1;

if(i==1)
	echo("OK");
$</Code>
  </ScriptingTest>
  <ScriptingTest>
    <Name>Boolean Variable</Name>
    <Category>Variables</Category>
    <Code>$
var b = 15 &gt; 8;

if(b &amp;&amp; true)
	echo("OK");

$</Code>
  </ScriptingTest>
  <ScriptingTest>
    <Name>For Loop</Name>
    <Category>Loops</Category>
    <Code>$
var total = 0;

for(var i = 0; i &lt; 101; i++)
	total += i;

if(total == 5050)
	echo("OK");

$</Code>
  </ScriptingTest>
  <ScriptingTest>
    <Name>Static Field Access</Name>
    <Category>OOP</Category>
    <Code>$
var y = DateTime.Now.Year;

if(y&gt;2000 &amp;&amp; y&lt;2100)
	echo("OK");

$</Code>
  </ScriptingTest>
  <ScriptingTest>
    <Name>Function Simple</Name>
    <Category>Function</Category>
    <Code>$
function f(){ return "OK";}

echo(f());
$</Code>
  </ScriptingTest>
  <ScriptingTest>
    <Name>New Expression</Name>
    <Category>OOP</Category>
    <Code>$
var d = new DateTime(2001,1,1);
if(d.Year&gt;2000)
	write("OK");
$</Code>
  </ScriptingTest>
  <ScriptingTest>
    <Name>break</Name>
    <Category>Loops</Category>
    <Code>$
var i=0;

for(; i&lt;100; i++)
{
	if(i==10)
		break;
}

if(i==10) echo("OK");

$</Code>
  </ScriptingTest>
  <ScriptingTest>
    <Name>continue</Name>
    <Category>Loops</Category>
    <Code>$
var s = '';

for(var i=1; i&lt;10; i++)
{
	if(i % 2 == 0)
		continue;
	s = s + i;
}

if(s=='13579')
	echo("OK");
$</Code>
  </ScriptingTest>
  <ScriptingTest>
    <Name>return</Name>
    <Category>Function</Category>
    <Code>$
function f(){ 
	return "OK";
	return "Fail";
}

echo(f());
$</Code>
  </ScriptingTest>
  <ScriptingTest>
    <Name>Recursion</Name>
    <Category>Function</Category>
    <Code>$
function sum(x){
	if(x==0)
		return 0;
	else
		return sum(x-1) + x;
}

var total = sum(3);

if(total==6) echo("OK");
$</Code>
  </ScriptingTest>
  <ScriptingTest>
    <Name>If-else chain</Name>
    <Category>Block Statements</Category>
    <Code>$
var i=3;

if(i==1)
	echo("FAIL");
else if(i==2)
	echo("FAIL");
else if(i==3)
	echo("OK");

$</Code>
  </ScriptingTest>
  <ScriptingTest>
    <Name>Try-Catch</Name>
    <Category>Block Statements</Category>
    <Code>$

var x = 3;

try {
	y = x / 0;
	echo("FAIL");
}
catch{
	echo("OK");
}
$</Code>
  </ScriptingTest>
  <ScriptingTest>
    <Name>throw</Name>
    <Category>Block Statements</Category>
    <Code>$
try 
{
	throw "OK";

	echo("FAIL");
}
catch(ex)
{
	echo(ex);
}
$</Code>
  </ScriptingTest>
  <ScriptingTest>
    <Name>Call static method</Name>
    <Category>Reflection</Category>
    <Code>$
using System.Windows.Forms;

var dialogResult = MessageBox.Show("Selam");

echo(dialogResult);
$</Code>
  </ScriptingTest>
  <ScriptingTest>
    <Name>EndsWith</Name>
    <Category>String</Category>
    <Code>$
var x = "Merhaba";
if(x.EndsWith("haba"))
	echo("OK");
$</Code>
  </ScriptingTest>
  <ScriptingTest>
    <Name>New Test</Name>
    <Category>sdf</Category>
    <Code>$=DateTime.Now$.$="OK"$</Code>
  </ScriptingTest>
  <ScriptingTest>
    <Name>New Test2</Name>
    <Category>sdf2</Category>
    <Code>$=DateTime.Now$.$
echo("OK")
$</Code>
  </ScriptingTest>
</ArrayOfScriptingTest>